2026-10-06 01:59:11.940  TX  F0 7E 7F 06 01 F7  (identity_request)
2026-10-06 01:59:11.942  RX  F0 7E 00 06 02 52 6E 00 27 00 31 2E 32 30 F7
2026-10-06 02:08:06.952  TX  F0 7E 7F 06 01 F7  (identity_request)
2026-10-06 02:08:06.955  RX  F0 7E 00 06 02 52 6E 00 27 00 31 2E 32 30 F7
2026-10-06 02:08:06.955  TX  F0 52 00 6E 50 F7  (edit_enable)
2026-10-06 02:08:06.956  RX  F0 52 00 6E 00 00 F7
2026-10-06 02:08:10.053  RX  F0 52 00 6E 64 20 00 00 02 63 00 00 00 00 F7
2026-10-06 02:08:10.107  RX  F0 52 00 6E 64 20 00 00 02 61 00 00 00 00 F7
2026-10-06 02:08:10.149  RX  F0 52 00 6E 64 20 00 00 02 60 00 00 00 00 F7
2026-10-06 02:08:10.388  RX  F0 52 00 6E 64 20 00 00 02 5F 00 00 00 00 F7
2026-10-06 02:08:10.581  RX  F0 52 00 6E 64 20 00 00 02 5E 00 00 00 00 F7
2026-10-06 02:08:10.933  RX  F0 52 00 6E 64 20 00 00 02 5D 00 00 00 00 F7
2026-10-06 02:08:11.029  RX  F0 52 00 6E 64 20 00 00 02 5C 00 00 00 00 F7
2026-10-06 02:08:11.253  RX  F0 52 00 6E 64 20 00 00 02 5B 00 00 00 00 F7
2026-10-06 02:08:11.589  RX  F0 52 00 6E 64 20 00 00 02 5A 00 00 00 00 F7
2026-10-06 02:08:11.766  RX  F0 52 00 6E 64 20 00 00 02 59 00 00 00 00 F7
2026-10-06 02:08:11.893  RX  F0 52 00 6E 64 20 00 00 02 58 00 00 00 00 F7
2026-10-06 02:08:11.941  RX  F0 52 00 6E 64 20 00 00 02 56 00 00 00 00 F7
2026-10-06 02:08:12.086  RX  F0 52 00 6E 64 20 00 00 02 55 00 00 00 00 F7
2026-10-06 02:08:12.134  RX  F0 52 00 6E 64 20 00 00 02 53 00 00 00 00 F7
2026-10-06 02:08:12.198  RX  F0 52 00 6E 64 20 00 00 02 52 00 00 00 00 F7
2026-10-06 02:08:12.342  RX  F0 52 00 6E 64 20 00 00 02 51 00 00 00 00 F7
2026-10-06 02:08:12.406  RX  F0 52 00 6E 64 20 00 00 02 50 00 00 00 00 F7
2026-10-06 02:08:12.501  RX  F0 52 00 6E 64 20 00 00 02 4F 00 00 00 00 F7
2026-10-06 02:08:12.566  RX  F0 52 00 6E 64 20 00 00 02 4E 00 00 00 00 F7
2026-10-06 02:08:13.574  RX  F0 52 00 6E 64 20 00 00 02 4D 00 00 00 00 F7
2026-10-06 02:08:13.622  RX  F0 52 00 6E 64 20 00 00 02 4B 00 00 00 00 F7
2026-10-06 02:08:13.846  RX  F0 52 00 6E 64 20 00 00 02 4A 00 00 00 00 F7
2026-10-06 02:08:14.071  RX  F0 52 00 6E 64 20 00 00 02 49 00 00 00 00 F7
2026-10-06 02:08:14.166  RX  F0 52 00 6E 64 20 00 00 02 48 00 00 00 00 F7
2026-10-06 02:08:14.247  RX  F0 52 00 6E 64 20 00 00 02 47 00 00 00 00 F7
2026-10-06 02:08:14.439  RX  F0 52 00 6E 64 20 00 00 02 46 00 00 00 00 F7
2026-10-06 02:08:15.415  RX  F0 52 00 6E 64 20 00 00 02 45 00 00 00 00 F7
2026-10-06 02:08:15.592  RX  F0 52 00 6E 64 20 00 00 02 44 00 00 00 00 F7
2026-10-06 02:08:15.816  RX  F0 52 00 6E 64 20 00 00 02 43 00 00 00 00 F7
2026-10-06 02:08:15.880  RX  F0 52 00 6E 64 20 00 00 02 42 00 00 00 00 F7
2026-10-06 02:08:15.976  RX  F0 52 00 6E 64 20 00 00 02 41 00 00 00 00 F7
2026-10-06 02:08:16.248  RX  F0 52 00 6E 64 20 00 00 02 40 00 00 00 00 F7
2026-10-06 02:08:16.424  RX  F0 52 00 6E 64 20 00 00 02 3F 00 00 00 00 F7
2026-10-06 02:08:16.728  RX  F0 52 00 6E 64 20 00 00 02 3E 00 00 00 00 F7
2026-10-06 02:08:17.657  RX  F0 52 00 6E 64 20 00 00 02 3D 00 00 00 00 F7
2026-10-06 02:08:17.673  RX  F0 52 00 6E 64 20 00 00 02 39 00 00 00 00 F7
2026-10-06 02:08:17.689  RX  F0 52 00 6E 64 20 00 00 02 35 00 00 00 00 F7
2026-10-06 02:08:17.833  RX  F0 52 00 6E 64 20 00 00 02 34 00 00 00 00 F7
2026-10-06 02:08:17.880  RX  F0 52 00 6E 64 20 00 00 02 32 00 00 00 00 F7
2026-10-06 02:08:17.977  RX  F0 52 00 6E 64 20 00 00 02 31 00 00 00 00 F7
2026-10-06 02:08:19.738  RX  F0 52 00 6E 64 20 00 00 02 30 00 00 00 00 F7
2026-10-06 02:08:19.801  RX  F0 52 00 6E 64 20 00 00 02 2F 00 00 00 00 F7
2026-10-06 02:08:19.882  RX  F0 52 00 6E 64 20 00 00 02 2E 00 00 00 00 F7
2026-10-06 02:08:20.010  RX  F0 52 00 6E 64 20 00 00 02 2D 00 00 00 00 F7
2026-10-06 02:08:20.058  RX  F0 52 00 6E 64 20 00 00 02 2B 00 00 00 00 F7
2026-10-06 02:08:20.170  RX  F0 52 00 6E 64 20 00 00 02 2A 00 00 00 00 F7
2026-10-06 02:08:20.330  RX  F0 52 00 6E 64 20 00 00 02 29 00 00 00 00 F7
2026-10-06 02:08:20.634  RX  F0 52 00 6E 64 20 00 00 02 28 00 00 00 00 F7
2026-10-06 02:08:20.874  RX  F0 52 00 6E 64 20 00 00 02 27 00 00 00 00 F7
2026-10-06 02:08:20.938  RX  F0 52 00 6E 64 20 00 00 02 26 00 00 00 00 F7
2026-10-06 02:08:21.626  RX  F0 52 00 6E 64 20 00 00 02 25 00 00 00 00 F7
2026-10-06 02:08:21.690  RX  F0 52 00 6E 64 20 00 00 02 24 00 00 00 00 F7
2026-10-06 02:08:21.835  RX  F0 52 00 6E 64 20 00 00 02 23 00 00 00 00 F7
2026-10-06 02:08:21.882  RX  F0 52 00 6E 64 20 00 00 02 21 00 00 00 00 F7
2026-10-06 02:08:22.026  RX  F0 52 00 6E 64 20 00 00 02 20 00 00 00 00 F7
2026-10-06 02:08:22.203  RX  F0 52 00 6E 64 20 00 00 02 1F 00 00 00 00 F7
2026-10-06 02:08:22.235  RX  F0 52 00 6E 64 20 00 00 02 1C 00 00 00 00 F7
2026-10-06 02:08:22.314  RX  F0 52 00 6E 64 20 00 00 02 1B 00 00 00 00 F7
2026-10-06 02:08:22.827  RX  F0 52 00 6E 64 20 00 00 02 1A 00 00 00 00 F7
2026-10-06 02:08:22.875  RX  F0 52 00 6E 64 20 00 00 02 18 00 00 00 00 F7
2026-10-06 02:08:23.018  RX  F0 52 00 6E 64 20 00 00 02 17 00 00 00 00 F7
2026-10-06 02:08:23.066  RX  F0 52 00 6E 64 20 00 00 02 15 00 00 00 00 F7
2026-10-06 02:08:23.162  RX  F0 52 00 6E 64 20 00 00 02 14 00 00 00 00 F7
2026-10-06 02:08:23.211  RX  F0 52 00 6E 64 20 00 00 02 13 00 00 00 00 F7
2026-10-06 02:08:23.339  RX  F0 52 00 6E 64 20 00 00 02 12 00 00 00 00 F7
2026-10-06 02:08:23.499  RX  F0 52 00 6E 64 20 00 00 02 11 00 00 00 00 F7
2026-10-06 02:08:24.011  RX  F0 52 00 6E 64 20 00 00 02 10 00 00 00 00 F7
2026-10-06 02:08:24.075  RX  F0 52 00 6E 64 20 00 00 02 0F 00 00 00 00 F7
2026-10-06 02:08:24.171  RX  F0 52 00 6E 64 20 00 00 02 0E 00 00 00 00 F7
2026-10-06 02:08:24.219  RX  F0 52 00 6E 64 20 00 00 02 0C 00 00 00 00 F7
2026-10-06 02:08:24.314  RX  F0 52 00 6E 64 20 00 00 02 0B 00 00 00 00 F7
2026-10-06 02:08:24.379  RX  F0 52 00 6E 64 20 00 00 02 0A 00 00 00 00 F7
2026-10-06 02:08:24.443  RX  F0 52 00 6E 64 20 00 00 02 09 00 00 00 00 F7
2026-10-06 02:08:24.588  RX  F0 52 00 6E 64 20 00 00 02 08 00 00 00 00 F7
2026-10-06 02:08:24.764  RX  F0 52 00 6E 64 20 00 00 02 07 00 00 00 00 F7
2026-10-06 02:08:25.852  RX  F0 52 00 6E 64 20 00 00 02 06 00 00 00 00 F7
2026-10-06 02:08:25.900  RX  F0 52 00 6E 64 20 00 00 02 04 00 00 00 00 F7
2026-10-06 02:08:25.915  RX  F0 52 00 6E 64 20 00 00 02 00 00 00 00 00 F7
2026-10-06 02:08:26.588  RX  F0 52 00 6E 64 20 00 00 02 01 00 00 00 00 F7
2026-10-06 02:08:26.619  RX  F0 52 00 6E 64 20 00 00 02 04 00 00 00 00 F7
2026-10-06 02:08:26.652  RX  F0 52 00 6E 64 20 00 00 02 06 00 00 00 00 F7
2026-10-06 02:08:26.683  RX  F0 52 00 6E 64 20 00 00 02 08 00 00 00 00 F7
2026-10-06 02:08:26.780  RX  F0 52 00 6E 64 20 00 00 02 09 00 00 00 00 F7
2026-10-06 02:08:26.844  RX  F0 52 00 6E 64 20 00 00 02 0A 00 00 00 00 F7
2026-10-06 02:08:26.892  RX  F0 52 00 6E 64 20 00 00 02 0C 00 00 00 00 F7
2026-10-06 02:08:26.940  RX  F0 52 00 6E 64 20 00 00 02 0D 00 00 00 00 F7
2026-10-06 02:08:26.972  RX  F0 52 00 6E 64 20 00 00 02 0E 00 00 00 00 F7
2026-10-06 02:08:27.131  RX  F0 52 00 6E 64 20 00 00 02 0F 00 00 00 00 F7
2026-10-06 02:08:27.276  RX  F0 52 00 6E 64 20 00 00 02 10 00 00 00 00 F7
2026-10-06 02:08:27.372  RX  F0 52 00 6E 64 20 00 00 02 11 00 00 00 00 F7
2026-10-06 02:08:27.916  RX  F0 52 00 6E 64 20 00 00 02 12 00 00 00 00 F7
2026-10-06 02:08:27.964  RX  F0 52 00 6E 64 20 00 00 02 14 00 00 00 00 F7
2026-10-06 02:08:28.060  RX  F0 52 00 6E 64 20 00 00 02 15 00 00 00 00 F7
2026-10-06 02:08:28.092  RX  F0 52 00 6E 64 20 00 00 02 16 00 00 00 00 F7
2026-10-06 02:08:28.157  RX  F0 52 00 6E 64 20 00 00 02 17 00 00 00 00 F7
2026-10-06 02:08:28.365  RX  F0 52 00 6E 64 20 00 00 02 18 00 00 00 00 F7
2026-10-06 02:08:28.492  RX  F0 52 00 6E 64 20 00 00 02 19 00 00 00 00 F7
2026-10-06 02:08:28.620  RX  F0 52 00 6E 64 20 00 00 02 1A 00 00 00 00 F7
2026-10-06 02:08:28.748  RX  F0 52 00 6E 64 20 00 00 02 1B 00 00 00 00 F7
2026-10-06 02:08:29.309  RX  F0 52 00 6E 64 20 00 00 02 1C 00 00 00 00 F7
2026-10-06 02:08:29.436  RX  F0 52 00 6E 64 20 00 00 02 1D 00 00 00 00 F7
2026-10-06 02:08:29.484  RX  F0 52 00 6E 64 20 00 00 02 1F 00 00 00 00 F7
2026-10-06 02:08:29.548  RX  F0 52 00 6E 64 20 00 00 02 20 00 00 00 00 F7
2026-10-06 02:08:29.596  RX  F0 52 00 6E 64 20 00 00 02 21 00 00 00 00 F7
2026-10-06 02:08:29.644  RX  F0 52 00 6E 64 20 00 00 02 23 00 00 00 00 F7
2026-10-06 02:08:29.676  RX  F0 52 00 6E 64 20 00 00 02 25 00 00 00 00 F7
2026-10-06 02:08:29.709  RX  F0 52 00 6E 64 20 00 00 02 27 00 00 00 00 F7
2026-10-06 02:08:30.301  RX  F0 52 00 6E 64 20 00 00 02 28 00 00 00 00 F7
2026-10-06 02:08:30.332  RX  F0 52 00 6E 64 20 00 00 02 2B 00 00 00 00 F7
2026-10-06 02:08:30.429  RX  F0 52 00 6E 64 20 00 00 02 2C 00 00 00 00 F7
2026-10-06 02:08:30.477  RX  F0 52 00 6E 64 20 00 00 02 2D 00 00 00 00 F7
2026-10-06 02:08:30.541  RX  F0 52 00 6E 64 20 00 00 02 2E 00 00 00 00 F7
2026-10-06 02:08:30.620  RX  F0 52 00 6E 64 20 00 00 02 2F 00 00 00 00 F7
2026-10-06 02:08:30.652  RX  F0 52 00 6E 64 20 00 00 02 32 00 00 00 00 F7
2026-10-06 02:08:30.701  RX  F0 52 00 6E 64 20 00 00 02 33 00 00 00 00 F7
2026-10-06 02:08:31.197  RX  F0 52 00 6E 64 20 00 00 02 34 00 00 00 00 F7
2026-10-06 02:08:31.228  RX  F0 52 00 6E 64 20 00 00 02 37 00 00 00 00 F7
2026-10-06 02:08:31.276  RX  F0 52 00 6E 64 20 00 00 02 38 00 00 00 00 F7
2026-10-06 02:08:31.357  RX  F0 52 00 6E 64 20 00 00 02 39 00 00 00 00 F7
2026-10-06 02:08:31.405  RX  F0 52 00 6E 64 20 00 00 02 3B 00 00 00 00 F7
2026-10-06 02:08:31.485  RX  F0 52 00 6E 64 20 00 00 02 3C 00 00 00 00 F7
2026-10-06 02:08:31.565  RX  F0 52 00 6E 64 20 00 00 02 3D 00 00 00 00 F7
2026-10-06 02:08:32.013  RX  F0 52 00 6E 64 20 00 00 02 3E 00 00 00 00 F7
2026-10-06 02:08:32.045  RX  F0 52 00 6E 64 20 00 00 02 41 00 00 00 00 F7
2026-10-06 02:08:32.092  RX  F0 52 00 6E 64 20 00 00 02 42 00 00 00 00 F7
2026-10-06 02:08:32.125  RX  F0 52 00 6E 64 20 00 00 02 43 00 00 00 00 F7
2026-10-06 02:08:32.157  RX  F0 52 00 6E 64 20 00 00 02 44 00 00 00 00 F7
2026-10-06 02:08:32.221  RX  F0 52 00 6E 64 20 00 00 02 45 00 00 00 00 F7
2026-10-06 02:08:32.269  RX  F0 52 00 6E 64 20 00 00 02 46 00 00 00 00 F7
2026-10-06 02:08:32.300  RX  F0 52 00 6E 64 20 00 00 02 49 00 00 00 00 F7
2026-10-06 02:08:32.830  RX  F0 52 00 6E 64 20 00 00 02 4A 00 00 00 00 F7
2026-10-06 02:08:32.861  RX  F0 52 00 6E 64 20 00 00 02 4D 00 00 00 00 F7
2026-10-06 02:08:32.893  RX  F0 52 00 6E 64 20 00 00 02 4F 00 00 00 00 F7
2026-10-06 02:08:32.910  RX  F0 52 00 6E 64 20 00 00 02 53 00 00 00 00 F7
2026-10-06 02:08:32.941  RX  F0 52 00 6E 64 20 00 00 02 55 00 00 00 00 F7
2026-10-06 02:08:32.989  RX  F0 52 00 6E 64 20 00 00 02 56 00 00 00 00 F7
2026-10-06 02:08:33.117  RX  F0 52 00 6E 64 20 00 00 02 57 00 00 00 00 F7
2026-10-06 02:08:33.150  RX  F0 52 00 6E 64 20 00 00 02 5A 00 00 00 00 F7
2026-10-06 02:08:33.229  RX  F0 52 00 6E 64 20 00 00 02 5B 00 00 00 00 F7
2026-10-06 02:08:33.309  RX  F0 52 00 6E 64 20 00 00 02 5C 00 00 00 00 F7
2026-10-06 02:08:33.694  RX  F0 52 00 6E 64 20 00 00 02 5D 00 00 00 00 F7
2026-10-06 02:08:33.741  RX  F0 52 00 6E 64 20 00 00 02 5F 00 00 00 00 F7
2026-10-06 02:08:33.789  RX  F0 52 00 6E 64 20 00 00 02 60 00 00 00 00 F7
2026-10-06 02:08:33.853  RX  F0 52 00 6E 64 20 00 00 02 61 00 00 00 00 F7
2026-10-06 02:08:33.901  RX  F0 52 00 6E 64 20 00 00 02 63 00 00 00 00 F7
2026-10-06 02:08:33.949  RX  F0 52 00 6E 64 20 00 00 02 64 00 00 00 00 F7
2026-10-06 02:08:36.967  TX  F0 52 00 6E 51 F7  (edit_disable)
2026-10-06 02:08:36.970  RX  F0 52 00 6E 00 00 F7
2026-10-06 02:09:32.886  TX  F0 7E 7F 06 01 F7  (identity_request)
2026-10-06 02:09:32.887  RX  F0 7E 00 06 02 52 6E 00 27 00 31 2E 32 30 F7
2026-10-06 02:09:32.887  TX  F0 52 00 6E 50 F7  (edit_enable)
2026-10-06 02:09:32.889  RX  F0 52 00 6E 00 00 F7
2026-10-06 02:09:32.889  TX  F0 52 00 6E 64 20 00 00 02 32 00 00 00 00 F7  (set_param)
2026-10-06 02:09:33.890  TX  F0 52 00 6E 51 F7  (edit_disable)
2026-10-06 02:09:33.891  RX  F0 52 00 6E 00 00 F7
2026-10-06 02:12:19.550  TX  F0 7E 7F 06 01 F7  (identity_request)
2026-10-06 02:12:19.551  RX  F0 7E 00 06 02 52 6E 00 27 00 31 2E 32 30 F7
2026-10-06 02:12:19.551  TX  F0 52 00 6E 50 F7  (edit_enable)
2026-10-06 02:12:19.552  RX  F0 52 00 6E 00 00 F7
2026-10-06 02:12:20.053  TX  F0 52 00 6E 64 20 00 00 02 32 00 00 00 00 F7  (set_param)
2026-10-06 02:12:22.054  TX  F0 52 00 6E 51 F7  (edit_disable)
2026-10-06 02:12:22.055  RX  F0 52 00 6E 00 00 F7
2026-10-06 02:19:49.493  TX  F0 7E 7F 06 01 F7  (identity_request)
2026-10-06 02:19:49.496  RX  F0 7E 00 06 02 52 6E 00 27 00 31 2E 32 30 F7
2026-10-06 02:19:49.496  TX  F0 52 00 6E 50 F7  (edit_enable)
2026-10-06 02:19:49.497  RX  F0 52 00 6E 00 00 F7
2026-10-06 02:19:51.039  RX  F0 52 00 6E 64 20 00 00 02 31 00 00 00 00 F7
2026-10-06 02:19:52.944  RX  F0 52 00 6E 64 20 00 00 02 30 00 00 00 00 F7
2026-10-06 02:19:53.007  RX  F0 52 00 6E 64 20 00 00 02 2F 00 00 00 00 F7
2026-10-06 02:19:53.183  RX  F0 52 00 6E 64 20 00 00 02 2E 00 00 00 00 F7
2026-10-06 02:19:53.248  RX  F0 52 00 6E 64 20 00 00 02 2D 00 00 00 00 F7
2026-10-06 02:19:53.391  RX  F0 52 00 6E 64 20 00 00 02 2C 00 00 00 00 F7
2026-10-06 02:19:53.567  RX  F0 52 00 6E 64 20 00 00 02 2B 00 00 00 00 F7
2026-10-06 02:19:53.728  RX  F0 52 00 6E 64 20 00 00 02 2A 00 00 00 00 F7
2026-10-06 02:19:54.063  RX  F0 52 00 6E 64 20 00 00 02 29 00 00 00 00 F7
2026-10-06 02:19:54.528  RX  F0 52 00 6E 64 20 00 00 02 28 00 00 00 00 F7
2026-10-06 02:19:54.784  RX  F0 52 00 6E 64 20 00 00 02 27 00 00 00 00 F7
2026-10-06 02:19:55.055  RX  F0 52 00 6E 64 20 00 00 02 26 00 00 00 00 F7
2026-10-06 02:19:55.231  RX  F0 52 00 6E 64 20 00 00 02 25 00 00 00 00 F7
2026-10-06 02:19:55.295  RX  F0 52 00 6E 64 20 00 00 02 24 00 00 00 00 F7
2026-10-06 02:19:55.456  RX  F0 52 00 6E 64 20 00 00 02 23 00 00 00 00 F7
2026-10-06 02:19:55.536  RX  F0 52 00 6E 64 20 00 00 02 22 00 00 00 00 F7
2026-10-06 02:19:55.695  RX  F0 52 00 6E 64 20 00 00 02 21 00 00 00 00 F7
2026-10-06 02:19:55.872  RX  F0 52 00 6E 64 20 00 00 02 20 00 00 00 00 F7
2026-10-06 02:19:56.047  RX  F0 52 00 6E 64 20 00 00 02 1F 00 00 00 00 F7
2026-10-06 02:19:56.176  RX  F0 52 00 6E 64 20 00 00 02 1E 00 00 00 00 F7
2026-10-06 02:19:56.223  RX  F0 52 00 6E 64 20 00 00 02 1C 00 00 00 00 F7
2026-10-06 02:19:56.416  RX  F0 52 00 6E 64 20 00 00 02 1B 00 00 00 00 F7
2026-10-06 02:19:56.543  RX  F0 52 00 6E 64 20 00 00 02 1A 00 00 00 00 F7
2026-10-06 02:19:56.703  RX  F0 52 00 6E 64 20 00 00 02 19 00 00 00 00 F7
2026-10-06 02:19:56.768  RX  F0 52 00 6E 64 20 00 00 02 18 00 00 00 00 F7
2026-10-06 02:19:56.911  RX  F0 52 00 6E 64 20 00 00 02 17 00 00 00 00 F7
2026-10-06 02:19:57.103  RX  F0 52 00 6E 64 20 00 00 02 16 00 00 00 00 F7
2026-10-06 02:19:57.151  RX  F0 52 00 6E 64 20 00 00 02 14 00 00 00 00 F7
2026-10-06 02:19:57.344  RX  F0 52 00 6E 64 20 00 00 02 13 00 00 00 00 F7
2026-10-06 02:19:57.568  RX  F0 52 00 6E 64 20 00 00 02 12 00 00 00 00 F7
2026-10-06 02:19:58.303  RX  F0 52 00 6E 64 20 00 00 02 11 00 00 00 00 F7
2026-10-06 02:19:58.447  RX  F0 52 00 6E 64 20 00 00 02 10 00 00 00 00 F7
2026-10-06 02:19:58.575  RX  F0 52 00 6E 64 20 00 00 02 0F 00 00 00 00 F7
2026-10-06 02:19:58.751  RX  F0 52 00 6E 64 20 00 00 02 0E 00 00 00 00 F7
2026-10-06 02:19:58.912  RX  F0 52 00 6E 64 20 00 00 02 0D 00 00 00 00 F7
2026-10-06 02:19:59.055  RX  F0 52 00 6E 64 20 00 00 02 0C 00 00 00 00 F7
2026-10-06 02:19:59.247  RX  F0 52 00 6E 64 20 00 00 02 0B 00 00 00 00 F7
2026-10-06 02:19:59.424  RX  F0 52 00 6E 64 20 00 00 02 0A 00 00 00 00 F7
2026-10-06 02:19:59.487  RX  F0 52 00 6E 64 20 00 00 02 09 00 00 00 00 F7
2026-10-06 02:19:59.808  RX  F0 52 00 6E 64 20 00 00 02 08 00 00 00 00 F7
2026-10-06 02:19:59.855  RX  F0 52 00 6E 64 20 00 00 02 06 00 00 00 00 F7
2026-10-06 02:20:00.495  RX  F0 52 00 6E 64 20 00 00 02 05 00 00 00 00 F7
2026-10-06 02:20:00.736  RX  F0 52 00 6E 64 20 00 00 02 04 00 00 00 00 F7
2026-10-06 02:20:00.879  RX  F0 52 00 6E 64 20 00 00 02 03 00 00 00 00 F7
2026-10-06 02:20:00.927  RX  F0 52 00 6E 64 20 00 00 02 01 00 00 00 00 F7
2026-10-06 02:20:01.008  RX  F0 52 00 6E 64 20 00 00 02 00 00 00 00 00 F7
2026-10-06 02:20:01.535  RX  F0 52 00 6E 64 20 00 00 02 01 00 00 00 00 F7
2026-10-06 02:20:01.583  RX  F0 52 00 6E 64 20 00 00 02 03 00 00 00 00 F7
2026-10-06 02:20:01.760  RX  F0 52 00 6E 64 20 00 00 02 04 00 00 00 00 F7
2026-10-06 02:20:01.872  RX  F0 52 00 6E 64 20 00 00 02 05 00 00 00 00 F7
2026-10-06 02:20:01.951  RX  F0 52 00 6E 64 20 00 00 02 06 00 00 00 00 F7
2026-10-06 02:20:02.080  RX  F0 52 00 6E 64 20 00 00 02 07 00 00 00 00 F7
2026-10-06 02:20:02.256  RX  F0 52 00 6E 64 20 00 00 02 08 00 00 00 00 F7
2026-10-06 02:20:02.479  RX  F0 52 00 6E 64 20 00 00 02 09 00 00 00 00 F7
2026-10-06 02:20:02.688  RX  F0 52 00 6E 64 20 00 00 02 0A 00 00 00 00 F7
2026-10-06 02:20:02.896  RX  F0 52 00 6E 64 20 00 00 02 0B 00 00 00 00 F7
2026-10-06 02:20:03.103  RX  F0 52 00 6E 64 20 00 00 02 0C 00 00 00 00 F7
2026-10-06 02:20:03.807  RX  F0 52 00 6E 64 20 00 00 02 0D 00 00 00 00 F7
2026-10-06 02:20:03.984  RX  F0 52 00 6E 64 20 00 00 02 0E 00 00 00 00 F7
2026-10-06 02:20:04.064  RX  F0 52 00 6E 64 20 00 00 02 0F 00 00 00 00 F7
2026-10-06 02:20:04.240  RX  F0 52 00 6E 64 20 00 00 02 10 00 00 00 00 F7
2026-10-06 02:20:04.304  RX  F0 52 00 6E 64 20 00 00 02 11 00 00 00 00 F7
2026-10-06 02:20:04.960  RX  F0 52 00 6E 64 20 00 00 02 12 00 00 00 00 F7
2026-10-06 02:20:05.136  RX  F0 52 00 6E 64 20 00 00 02 13 00 00 00 00 F7
2026-10-06 02:20:05.264  RX  F0 52 00 6E 64 20 00 00 02 14 00 00 00 00 F7
2026-10-06 02:20:05.408  RX  F0 52 00 6E 64 20 00 00 02 15 00 00 00 00 F7
2026-10-06 02:20:06.144  RX  F0 52 00 6E 64 20 00 00 02 16 00 00 00 00 F7
2026-10-06 02:20:06.175  RX  F0 52 00 6E 64 20 00 00 02 19 00 00 00 00 F7
2026-10-06 02:20:06.432  RX  F0 52 00 6E 64 20 00 00 02 1A 00 00 00 00 F7
2026-10-06 02:20:06.624  RX  F0 52 00 6E 64 20 00 00 02 1B 00 00 00 00 F7
2026-10-06 02:20:06.831  RX  F0 52 00 6E 64 20 00 00 02 1C 00 00 00 00 F7
2026-10-06 02:20:07.071  RX  F0 52 00 6E 64 20 00 00 02 1D 00 00 00 00 F7
2026-10-06 02:20:07.232  RX  F0 52 00 6E 64 20 00 00 02 1E 00 00 00 00 F7
2026-10-06 02:20:07.376  RX  F0 52 00 6E 64 20 00 00 02 1F 00 00 00 00 F7
2026-10-06 02:20:07.536  RX  F0 52 00 6E 64 20 00 00 02 20 00 00 00 00 F7
2026-10-06 02:20:07.615  RX  F0 52 00 6E 64 20 00 00 02 21 00 00 00 00 F7
2026-10-06 02:20:08.192  RX  F0 52 00 6E 64 20 00 00 02 22 00 00 00 00 F7
2026-10-06 02:20:08.240  RX  F0 52 00 6E 64 20 00 00 02 24 00 00 00 00 F7
2026-10-06 02:20:08.287  RX  F0 52 00 6E 64 20 00 00 02 25 00 00 00 00 F7
2026-10-06 02:20:08.448  RX  F0 52 00 6E 64 20 00 00 02 26 00 00 00 00 F7
2026-10-06 02:20:08.512  RX  F0 52 00 6E 64 20 00 00 02 27 00 00 00 00 F7
2026-10-06 02:20:08.799  RX  F0 52 00 6E 64 20 00 00 02 28 00 00 00 00 F7
2026-10-06 02:20:09.040  RX  F0 52 00 6E 64 20 00 00 02 29 00 00 00 00 F7
2026-10-06 02:20:09.200  RX  F0 52 00 6E 64 20 00 00 02 2A 00 00 00 00 F7
2026-10-06 02:20:09.296  RX  F0 52 00 6E 64 20 00 00 02 2B 00 00 00 00 F7
2026-10-06 02:20:09.823  RX  F0 52 00 6E 64 20 00 00 02 2C 00 00 00 00 F7
2026-10-06 02:20:09.871  RX  F0 52 00 6E 64 20 00 00 02 2E 00 00 00 00 F7
2026-10-06 02:20:10.064  RX  F0 52 00 6E 64 20 00 00 02 2F 00 00 00 00 F7
2026-10-06 02:20:10.256  RX  F0 52 00 6E 64 20 00 00 02 30 00 00 00 00 F7
2026-10-06 02:20:10.384  RX  F0 52 00 6E 64 20 00 00 02 31 00 00 00 00 F7
2026-10-06 02:20:10.560  RX  F0 52 00 6E 64 20 00 00 02 32 00 00 00 00 F7
2026-10-06 02:20:10.656  RX  F0 52 00 6E 64 20 00 00 02 33 00 00 00 00 F7
2026-10-06 02:20:10.833  RX  F0 52 00 6E 64 20 00 00 02 34 00 00 00 00 F7
2026-10-06 02:20:10.895  RX  F0 52 00 6E 64 20 00 00 02 35 00 00 00 00 F7
2026-10-06 02:20:11.088  RX  F0 52 00 6E 64 20 00 00 02 36 00 00 00 00 F7
2026-10-06 02:20:11.184  RX  F0 52 00 6E 64 20 00 00 02 37 00 00 00 00 F7
2026-10-06 02:20:11.295  RX  F0 52 00 6E 64 20 00 00 02 38 00 00 00 00 F7
2026-10-06 02:20:11.952  RX  F0 52 00 6E 64 20 00 00 02 39 00 00 00 00 F7
2026-10-06 02:20:12.160  RX  F0 52 00 6E 64 20 00 00 02 3A 00 00 00 00 F7
2026-10-06 02:20:12.208  RX  F0 52 00 6E 64 20 00 00 02 3C 00 00 00 00 F7
2026-10-06 02:20:12.336  RX  F0 52 00 6E 64 20 00 00 02 3D 00 00 00 00 F7
2026-10-06 02:20:12.415  RX  F0 52 00 6E 64 20 00 00 02 3E 00 00 00 00 F7
2026-10-06 02:20:12.608  RX  F0 52 00 6E 64 20 00 00 02 3F 00 00 00 00 F7
2026-10-06 02:20:12.672  RX  F0 52 00 6E 64 20 00 00 02 40 00 00 00 00 F7
2026-10-06 02:20:12.879  RX  F0 52 00 6E 64 20 00 00 02 41 00 00 00 00 F7
2026-10-06 02:20:12.912  RX  F0 52 00 6E 64 20 00 00 02 44 00 00 00 00 F7
2026-10-06 02:20:13.008  RX  F0 52 00 6E 64 20 00 00 02 45 00 00 00 00 F7
2026-10-06 02:20:13.248  RX  F0 52 00 6E 64 20 00 00 02 46 00 00 00 00 F7
2026-10-06 02:20:13.360  RX  F0 52 00 6E 64 20 00 00 02 47 00 00 00 00 F7
2026-10-06 02:20:13.553  RX  F0 52 00 6E 64 20 00 00 02 48 00 00 00 00 F7
2026-10-06 02:20:13.617  RX  F0 52 00 6E 64 20 00 00 02 49 00 00 00 00 F7
2026-10-06 02:20:14.161  RX  F0 52 00 6E 64 20 00 00 02 4A 00 00 00 00 F7
2026-10-06 02:20:14.208  RX  F0 52 00 6E 64 20 00 00 02 4C 00 00 00 00 F7
2026-10-06 02:20:14.304  RX  F0 52 00 6E 64 20 00 00 02 4D 00 00 00 00 F7
2026-10-06 02:20:14.528  RX  F0 52 00 6E 64 20 00 00 02 4E 00 00 00 00 F7
2026-10-06 02:20:14.575  RX  F0 52 00 6E 64 20 00 00 02 50 00 00 00 00 F7
2026-10-06 02:20:14.832  RX  F0 52 00 6E 64 20 00 00 02 51 00 00 00 00 F7
2026-10-06 02:20:15.056  RX  F0 52 00 6E 64 20 00 00 02 52 00 00 00 00 F7
2026-10-06 02:20:15.185  RX  F0 52 00 6E 64 20 00 00 02 53 00 00 00 00 F7
2026-10-06 02:20:15.393  RX  F0 52 00 6E 64 20 00 00 02 54 00 00 00 00 F7
2026-10-06 02:20:15.439  RX  F0 52 00 6E 64 20 00 00 02 56 00 00 00 00 F7
2026-10-06 02:20:15.712  RX  F0 52 00 6E 64 20 00 00 02 57 00 00 00 00 F7
2026-10-06 02:20:15.856  RX  F0 52 00 6E 64 20 00 00 02 58 00 00 00 00 F7
2026-10-06 02:20:15.968  RX  F0 52 00 6E 64 20 00 00 02 59 00 00 00 00 F7
2026-10-06 02:20:16.481  RX  F0 52 00 6E 64 20 00 00 02 5A 00 00 00 00 F7
2026-10-06 02:20:16.512  RX  F0 52 00 6E 64 20 00 00 02 5D 00 00 00 00 F7
2026-10-06 02:20:16.543  RX  F0 52 00 6E 64 20 00 00 02 5F 00 00 00 00 F7
2026-10-06 02:20:16.768  RX  F0 52 00 6E 64 20 00 00 02 60 00 00 00 00 F7
2026-10-06 02:20:16.819  RX  F0 52 00 6E 64 20 00 00 02 62 00 00 00 00 F7
2026-10-06 02:20:17.024  RX  F0 52 00 6E 64 20 00 00 02 63 00 00 00 00 F7
2026-10-06 02:20:17.168  RX  F0 52 00 6E 64 20 00 00 02 64 00 00 00 00 F7
2026-10-06 02:20:19.497  TX  F0 52 00 6E 51 F7  (edit_disable)
2026-10-06 02:20:19.500  RX  F0 52 00 6E 00 00 F7
2026-10-06 02:22:10.219  TX  F0 7E 7F 06 01 F7  (identity_request)
2026-10-06 02:22:10.222  RX  F0 7E 00 06 02 52 6E 00 27 00 31 2E 32 30 F7
2026-10-06 02:22:10.222  TX  F0 52 00 6E 50 F7  (edit_enable)
2026-10-06 02:22:10.224  RX  F0 52 00 6E 00 00 F7
2026-10-06 02:22:10.724  TX  F0 52 00 6E 64 20 00 00 02 32 00 00 00 00 F7  (set_param)
2026-10-06 02:22:10.735  RX  F0 52 00 6E 64 20 01 00 02 32 00 00 00 00 F7
2026-10-06 02:22:10.736  TX  F0 52 00 6E 51 F7  (edit_disable)
2026-10-06 02:22:10.737  RX  F0 52 00 6E 00 00 F7
2026-10-06 02:22:42.920  TX  F0 7E 7F 06 01 F7  (identity_request)
2026-10-06 02:22:42.922  RX  F0 7E 00 06 02 52 6E 00 27 00 31 2E 32 30 F7
2026-10-06 02:22:42.922  TX  F0 52 00 6E 50 F7  (edit_enable)
2026-10-06 02:22:42.924  RX  F0 52 00 6E 00 00 F7
2026-10-06 02:22:43.424  TX  F0 52 00 6E 64 20 00 00 02 3C 00 00 00 00 F7  (set_param)
2026-10-06 02:22:43.435  RX  F0 52 00 6E 64 20 01 00 02 3C 00 00 00 00 F7
2026-10-06 02:22:43.436  TX  F0 52 00 6E 51 F7  (edit_disable)
2026-10-06 02:22:43.437  RX  F0 52 00 6E 00 00 F7
2026-10-06 02:22:43.600  TX  F0 7E 7F 06 01 F7  (identity_request)
2026-10-06 02:22:43.602  RX  F0 7E 00 06 02 52 6E 00 27 00 31 2E 32 30 F7
2026-10-06 02:22:43.603  TX  F0 52 00 6E 50 F7  (edit_enable)
2026-10-06 02:22:43.604  RX  F0 52 00 6E 00 00 F7
2026-10-06 02:22:44.105  TX  F0 52 00 6E 64 20 00 00 02 3C 00 00 00 00 F7  (set_param)
2026-10-06 02:22:46.105  TX  F0 52 00 6E 51 F7  (edit_disable)
2026-10-06 02:22:46.108  RX  F0 52 00 6E 00 00 F7
2026-10-06 02:22:46.275  TX  F0 7E 7F 06 01 F7  (identity_request)
2026-10-06 02:22:46.277  RX  F0 7E 00 06 02 52 6E 00 27 00 31 2E 32 30 F7
2026-10-06 02:22:46.278  TX  F0 52 00 6E 50 F7  (edit_enable)
2026-10-06 02:22:46.279  RX  F0 52 00 6E 00 00 F7
2026-10-06 02:22:46.279  TX  F0 52 00 6E 64 20 00 00 02 28 00 00 00 00 F7  (set_param)
2026-10-06 02:22:46.287  RX  F0 52 00 6E 64 20 01 00 02 28 00 00 00 00 F7
2026-10-06 02:22:46.287  TX  F0 52 00 6E 51 F7  (edit_disable)
2026-10-06 02:22:46.288  RX  F0 52 00 6E 00 00 F7
2026-10-06 02:22:46.449  TX  F0 7E 7F 06 01 F7  (identity_request)
2026-10-06 02:22:46.452  RX  F0 7E 00 06 02 52 6E 00 27 00 31 2E 32 30 F7
2026-10-06 02:22:46.452  TX  F0 52 00 6E 50 F7  (edit_enable)
2026-10-06 02:22:46.454  RX  F0 52 00 6E 00 00 F7
2026-10-06 02:22:46.454  TX  F0 52 00 6E 64 20 00 00 02 28 00 00 00 00 F7  (set_param)
2026-10-06 02:22:48.454  TX  F0 52 00 6E 51 F7  (edit_disable)
2026-10-06 02:22:48.457  RX  F0 52 00 6E 00 00 F7
2026-10-06 02:22:48.617  TX  F0 7E 7F 06 01 F7  (identity_request)
2026-10-06 02:22:48.619  RX  F0 7E 00 06 02 52 6E 00 27 00 31 2E 32 30 F7
2026-10-06 02:22:48.619  TX  F0 52 00 6E 50 F7  (edit_enable)
2026-10-06 02:22:48.621  RX  F0 52 00 6E 00 00 F7
2026-10-06 02:22:49.122  TX  F0 52 00 6E 64 20 00 00 02 64 00 00 00 00 F7  (set_param)
2026-10-06 02:22:49.133  RX  F0 52 00 6E 64 20 01 00 02 64 00 00 00 00 F7
2026-10-06 02:22:49.133  TX  F0 52 00 6E 51 F7  (edit_disable)
2026-10-06 02:22:49.134  RX  F0 52 00 6E 00 00 F7
2026-10-06 03:40:41.716  TX  F0 7E 7F 06 01 F7  (identity_request)
2026-10-06 03:40:41.717  RX  F0 7E 00 06 02 52 6E 00 27 00 31 2E 32 30 F7
2026-10-06 03:40:41.718  TX  F0 52 00 6E 33 F7  (query_program)
2026-10-06 03:40:41.723  RX  control_change channel=0 control=0 value=0 time=0
2026-10-06 03:40:41.723  RX  control_change channel=0 control=32 value=9 time=0
2026-10-06 03:40:41.723  RX  program_change channel=0 program=4 time=0
2026-10-06 03:41:17.932  --  Warte auf Geräte: Port mit „SINCO“ nicht eindeutig gefunden (Treffer: keiner)
2026-10-06 03:42:00.048  TX  F0 7E 7F 06 01 F7  (identity_request)
2026-10-06 03:42:00.051  RX  F0 7E 00 06 02 52 6E 00 27 00 31 2E 32 30 F7
2026-10-06 03:42:00.051  TX  F0 52 00 6E 50 F7  (edit_enable)
2026-10-06 03:42:00.052  RX  F0 52 00 6E 00 00 F7
2026-10-06 03:42:00.052  TX  F0 52 00 6E 33 F7  (query_program)
2026-10-06 03:42:00.054  RX  control_change channel=0 control=0 value=0 time=0
2026-10-06 03:42:00.055  RX  control_change channel=0 control=32 value=9 time=0
2026-10-06 03:42:00.055  RX  program_change channel=0 program=4 time=0
2026-10-06 03:42:00.055  --  Patch 9/4: Expression → Slot 0, Param 2, 0–100
2026-10-06 03:42:00.553  --  Bereit: SINCO → ZOOM MS Plus Series, Firmware 1.20
2026-10-06 03:42:00.553  TX  F0 52 00 6E 64 20 00 00 02 45 00 00 00 00 F7  (set_param)
2026-10-06 03:42:00.553  --  1 gesendet, 0 bestätigt, 0 ohne Ack
2026-10-06 03:42:00.564  RX  F0 52 00 6E 64 20 01 00 02 45 00 00 00 00 F7
2026-10-06 03:42:00.586  TX  F0 52 00 6E 64 20 00 00 02 4C 00 00 00 00 F7  (set_param)
2026-10-06 03:42:00.588  RX  F0 52 00 6E 64 20 01 00 02 4C 00 00 00 00 F7
2026-10-06 03:42:00.646  TX  F0 52 00 6E 64 20 00 00 02 53 00 00 00 00 F7  (set_param)
2026-10-06 03:42:00.658  RX  F0 52 00 6E 64 20 01 00 02 53 00 00 00 00 F7
2026-10-06 03:42:00.706  TX  F0 52 00 6E 64 20 00 00 02 58 00 00 00 00 F7  (set_param)
2026-10-06 03:42:00.717  RX  F0 52 00 6E 64 20 01 00 02 58 00 00 00 00 F7
2026-10-06 03:42:00.766  TX  F0 52 00 6E 64 20 00 00 02 5D 00 00 00 00 F7  (set_param)
2026-10-06 03:42:00.778  RX  F0 52 00 6E 64 20 01 00 02 5D 00 00 00 00 F7
2026-10-06 03:42:00.826  TX  F0 52 00 6E 64 20 00 00 02 61 00 00 00 00 F7  (set_param)
2026-10-06 03:42:00.837  RX  F0 52 00 6E 64 20 01 00 02 61 00 00 00 00 F7
2026-10-06 03:42:00.891  TX  F0 52 00 6E 64 20 00 00 02 64 00 00 00 00 F7  (set_param)
2026-10-06 03:42:00.903  RX  F0 52 00 6E 64 20 01 00 02 64 00 00 00 00 F7
2026-10-06 03:42:01.839  TX  F0 52 00 6E 64 20 00 00 02 61 00 00 00 00 F7  (set_param)
2026-10-06 03:42:01.851  RX  F0 52 00 6E 64 20 01 00 02 61 00 00 00 00 F7
2026-10-06 03:42:01.883  TX  F0 52 00 6E 64 20 00 00 02 5E 00 00 00 00 F7  (set_param)
2026-10-06 03:42:01.895  RX  F0 52 00 6E 64 20 01 00 02 5E 00 00 00 00 F7
2026-10-06 03:42:01.928  TX  F0 52 00 6E 64 20 00 00 02 5B 00 00 00 00 F7  (set_param)
2026-10-06 03:42:01.939  RX  F0 52 00 6E 64 20 01 00 02 5B 00 00 00 00 F7
2026-10-06 03:42:01.976  TX  F0 52 00 6E 64 20 00 00 02 59 00 00 00 00 F7  (set_param)
2026-10-06 03:42:01.987  RX  F0 52 00 6E 64 20 01 00 02 59 00 00 00 00 F7
2026-10-06 03:42:02.024  TX  F0 52 00 6E 64 20 00 00 02 57 00 00 00 00 F7  (set_param)
2026-10-06 03:42:02.035  RX  F0 52 00 6E 64 20 01 00 02 57 00 00 00 00 F7
2026-10-06 03:42:02.072  TX  F0 52 00 6E 64 20 00 00 02 55 00 00 00 00 F7  (set_param)
2026-10-06 03:42:02.083  RX  F0 52 00 6E 64 20 01 00 02 55 00 00 00 00 F7
2026-10-06 03:42:02.128  TX  F0 52 00 6E 64 20 00 00 02 53 00 00 00 00 F7  (set_param)
2026-10-06 03:42:02.140  RX  F0 52 00 6E 64 20 01 00 02 53 00 00 00 00 F7
2026-10-06 03:42:02.176  TX  F0 52 00 6E 64 20 00 00 02 52 00 00 00 00 F7  (set_param)
2026-10-06 03:42:02.188  RX  F0 52 00 6E 64 20 01 00 02 52 00 00 00 00 F7
2026-10-06 03:42:02.221  TX  F0 52 00 6E 64 20 00 00 02 50 00 00 00 00 F7  (set_param)
2026-10-06 03:42:02.232  RX  F0 52 00 6E 64 20 01 00 02 50 00 00 00 00 F7
2026-10-06 03:42:02.271  TX  F0 52 00 6E 64 20 00 00 02 4F 00 00 00 00 F7  (set_param)
2026-10-06 03:42:02.283  RX  F0 52 00 6E 64 20 01 00 02 4F 00 00 00 00 F7
2026-10-06 03:42:02.328  TX  F0 52 00 6E 64 20 00 00 02 4D 00 00 00 00 F7  (set_param)
2026-10-06 03:42:02.340  RX  F0 52 00 6E 64 20 01 00 02 4D 00 00 00 00 F7
2026-10-06 03:42:02.383  TX  F0 52 00 6E 64 20 00 00 02 4C 00 00 00 00 F7  (set_param)
2026-10-06 03:42:02.395  RX  F0 52 00 6E 64 20 01 00 02 4C 00 00 00 00 F7
2026-10-06 03:42:02.436  TX  F0 52 00 6E 64 20 00 00 02 49 00 00 00 00 F7  (set_param)
2026-10-06 03:42:02.448  RX  F0 52 00 6E 64 20 01 00 02 49 00 00 00 00 F7
2026-10-06 03:42:02.479  TX  F0 52 00 6E 64 20 00 00 02 46 00 00 00 00 F7  (set_param)
2026-10-06 03:42:02.491  RX  F0 52 00 6E 64 20 01 00 02 46 00 00 00 00 F7
2026-10-06 03:42:02.528  TX  F0 52 00 6E 64 20 00 00 02 43 00 00 00 00 F7  (set_param)
2026-10-06 03:42:02.540  RX  F0 52 00 6E 64 20 01 00 02 43 00 00 00 00 F7
2026-10-06 03:42:02.588  TX  F0 52 00 6E 64 20 00 00 02 41 00 00 00 00 F7  (set_param)
2026-10-06 03:42:02.600  RX  F0 52 00 6E 64 20 01 00 02 41 00 00 00 00 F7
2026-10-06 03:42:02.640  TX  F0 52 00 6E 64 20 00 00 02 40 00 00 00 00 F7  (set_param)
2026-10-06 03:42:02.651  RX  F0 52 00 6E 64 20 01 00 02 40 00 00 00 00 F7
2026-10-06 03:42:02.720  TX  F0 52 00 6E 64 20 00 00 02 3F 00 00 00 00 F7  (set_param)
2026-10-06 03:42:02.731  RX  F0 52 00 6E 64 20 01 00 02 3F 00 00 00 00 F7
2026-10-06 03:42:02.780  TX  F0 52 00 6E 64 20 00 00 02 3D 00 00 00 00 F7  (set_param)
2026-10-06 03:42:02.792  RX  F0 52 00 6E 64 20 01 00 02 3D 00 00 00 00 F7
2026-10-06 03:42:02.904  TX  F0 52 00 6E 64 20 00 00 02 3A 00 00 00 00 F7  (set_param)
2026-10-06 03:42:02.916  RX  F0 52 00 6E 64 20 01 00 02 3A 00 00 00 00 F7
2026-10-06 03:42:02.963  TX  F0 52 00 6E 64 20 00 00 02 39 00 00 00 00 F7  (set_param)
2026-10-06 03:42:02.975  RX  F0 52 00 6E 64 20 01 00 02 39 00 00 00 00 F7
2026-10-06 03:42:03.020  TX  F0 52 00 6E 64 20 00 00 02 38 00 00 00 00 F7  (set_param)
2026-10-06 03:42:03.031  RX  F0 52 00 6E 64 20 01 00 02 38 00 00 00 00 F7
2026-10-06 03:42:03.096  TX  F0 52 00 6E 64 20 00 00 02 36 00 00 00 00 F7  (set_param)
2026-10-06 03:42:03.107  RX  F0 52 00 6E 64 20 01 00 02 36 00 00 00 00 F7
2026-10-06 03:42:03.144  TX  F0 52 00 6E 64 20 00 00 02 34 00 00 00 00 F7  (set_param)
2026-10-06 03:42:03.155  RX  F0 52 00 6E 64 20 01 00 02 34 00 00 00 00 F7
2026-10-06 03:42:03.192  TX  F0 52 00 6E 64 20 00 00 02 30 00 00 00 00 F7  (set_param)
2026-10-06 03:42:03.203  RX  F0 52 00 6E 64 20 01 00 02 30 00 00 00 00 F7
2026-10-06 03:42:03.244  TX  F0 52 00 6E 64 20 00 00 02 2E 00 00 00 00 F7  (set_param)
2026-10-06 03:42:03.255  RX  F0 52 00 6E 64 20 01 00 02 2E 00 00 00 00 F7
2026-10-06 03:42:03.288  TX  F0 52 00 6E 64 20 00 00 02 2B 00 00 00 00 F7  (set_param)
2026-10-06 03:42:03.299  RX  F0 52 00 6E 64 20 01 00 02 2B 00 00 00 00 F7
2026-10-06 03:42:03.340  TX  F0 52 00 6E 64 20 00 00 02 2A 00 00 00 00 F7  (set_param)
2026-10-06 03:42:03.352  RX  F0 52 00 6E 64 20 01 00 02 2A 00 00 00 00 F7
2026-10-06 03:42:03.400  TX  F0 52 00 6E 64 20 00 00 02 29 00 00 00 00 F7  (set_param)
2026-10-06 03:42:03.411  RX  F0 52 00 6E 64 20 01 00 02 29 00 00 00 00 F7
2026-10-06 03:42:03.468  TX  F0 52 00 6E 64 20 00 00 02 27 00 00 00 00 F7  (set_param)
2026-10-06 03:42:03.479  RX  F0 52 00 6E 64 20 01 00 02 27 00 00 00 00 F7
2026-10-06 03:42:03.516  TX  F0 52 00 6E 64 20 00 00 02 24 00 00 00 00 F7  (set_param)
2026-10-06 03:42:03.527  RX  F0 52 00 6E 64 20 01 00 02 24 00 00 00 00 F7
2026-10-06 03:42:03.560  TX  F0 52 00 6E 64 20 00 00 02 22 00 00 00 00 F7  (set_param)
2026-10-06 03:42:03.572  RX  F0 52 00 6E 64 20 01 00 02 22 00 00 00 00 F7
2026-10-06 03:42:03.620  TX  F0 52 00 6E 64 20 00 00 02 1F 00 00 00 00 F7  (set_param)
2026-10-06 03:42:03.631  RX  F0 52 00 6E 64 20 01 00 02 1F 00 00 00 00 F7
2026-10-06 03:42:03.748  TX  F0 52 00 6E 64 20 00 00 02 1D 00 00 00 00 F7  (set_param)
2026-10-06 03:42:03.760  RX  F0 52 00 6E 64 20 01 00 02 1D 00 00 00 00 F7
2026-10-06 03:42:03.799  TX  F0 52 00 6E 64 20 00 00 02 1C 00 00 00 00 F7  (set_param)
2026-10-06 03:42:03.811  RX  F0 52 00 6E 64 20 01 00 02 1C 00 00 00 00 F7
2026-10-06 03:42:03.848  TX  F0 52 00 6E 64 20 00 00 02 19 00 00 00 00 F7  (set_param)
2026-10-06 03:42:03.859  RX  F0 52 00 6E 64 20 01 00 02 19 00 00 00 00 F7
2026-10-06 03:42:03.896  TX  F0 52 00 6E 64 20 00 00 02 17 00 00 00 00 F7  (set_param)
2026-10-06 03:42:03.907  RX  F0 52 00 6E 64 20 01 00 02 17 00 00 00 00 F7
2026-10-06 03:42:03.944  TX  F0 52 00 6E 64 20 00 00 02 15 00 00 00 00 F7  (set_param)
2026-10-06 03:42:03.956  RX  F0 52 00 6E 64 20 01 00 02 15 00 00 00 00 F7
2026-10-06 03:42:03.996  TX  F0 52 00 6E 64 20 00 00 02 14 00 00 00 00 F7  (set_param)
2026-10-06 03:42:04.007  RX  F0 52 00 6E 64 20 01 00 02 14 00 00 00 00 F7
2026-10-06 03:42:04.055  TX  F0 52 00 6E 64 20 00 00 02 12 00 00 00 00 F7  (set_param)
2026-10-06 03:42:04.067  RX  F0 52 00 6E 64 20 01 00 02 12 00 00 00 00 F7
2026-10-06 03:42:04.108  TX  F0 52 00 6E 64 20 00 00 02 11 00 00 00 00 F7  (set_param)
2026-10-06 03:42:04.120  RX  F0 52 00 6E 64 20 01 00 02 11 00 00 00 00 F7
2026-10-06 03:42:04.256  TX  F0 52 00 6E 64 20 00 00 02 0F 00 00 00 00 F7  (set_param)
2026-10-06 03:42:04.267  RX  F0 52 00 6E 64 20 01 00 02 0F 00 00 00 00 F7
2026-10-06 03:42:04.312  TX  F0 52 00 6E 64 20 00 00 02 0D 00 00 00 00 F7  (set_param)
2026-10-06 03:42:04.323  RX  F0 52 00 6E 64 20 01 00 02 0D 00 00 00 00 F7
2026-10-06 03:42:04.364  TX  F0 52 00 6E 64 20 00 00 02 0B 00 00 00 00 F7  (set_param)
2026-10-06 03:42:04.376  RX  F0 52 00 6E 64 20 01 00 02 0B 00 00 00 00 F7
2026-10-06 03:42:04.412  TX  F0 52 00 6E 64 20 00 00 02 09 00 00 00 00 F7  (set_param)
2026-10-06 03:42:04.424  RX  F0 52 00 6E 64 20 01 00 02 09 00 00 00 00 F7
2026-10-06 03:42:04.462  TX  F0 52 00 6E 64 20 00 00 02 08 00 00 00 00 F7  (set_param)
2026-10-06 03:42:04.473  RX  F0 52 00 6E 64 20 01 00 02 08 00 00 00 00 F7
2026-10-06 03:42:04.510  TX  F0 52 00 6E 64 20 00 00 02 06 00 00 00 00 F7  (set_param)
2026-10-06 03:42:04.521  RX  F0 52 00 6E 64 20 01 00 02 06 00 00 00 00 F7
2026-10-06 03:42:04.556  TX  F0 52 00 6E 64 20 00 00 02 02 00 00 00 00 F7  (set_param)
2026-10-06 03:42:04.567  RX  F0 52 00 6E 64 20 01 00 02 02 00 00 00 00 F7
2026-10-06 03:42:04.603  TX  F0 52 00 6E 64 20 00 00 02 00 00 00 00 00 F7  (set_param)
2026-10-06 03:42:04.614  RX  F0 52 00 6E 64 20 01 00 02 00 00 00 00 00 F7
2026-10-06 03:42:05.336  TX  F0 52 00 6E 64 20 00 00 02 02 00 00 00 00 F7  (set_param)
2026-10-06 03:42:05.347  RX  F0 52 00 6E 64 20 01 00 02 02 00 00 00 00 F7
2026-10-06 03:42:05.382  TX  F0 52 00 6E 64 20 00 00 02 05 00 00 00 00 F7  (set_param)
2026-10-06 03:42:05.394  RX  F0 52 00 6E 64 20 01 00 02 05 00 00 00 00 F7
2026-10-06 03:42:05.424  TX  F0 52 00 6E 64 20 00 00 02 08 00 00 00 00 F7  (set_param)
2026-10-06 03:42:05.427  RX  F0 52 00 6E 64 20 01 00 02 08 00 00 00 00 F7
2026-10-06 03:42:05.470  TX  F0 52 00 6E 64 20 00 00 02 0A 00 00 00 00 F7  (set_param)
2026-10-06 03:42:05.481  RX  F0 52 00 6E 64 20 01 00 02 0A 00 00 00 00 F7
2026-10-06 03:42:05.519  TX  F0 52 00 6E 64 20 00 00 02 0D 00 00 00 00 F7  (set_param)
2026-10-06 03:42:05.530  RX  F0 52 00 6E 64 20 01 00 02 0D 00 00 00 00 F7
2026-10-06 03:42:05.554  --  60 gesendet, 61 bestätigt, 0 ohne Ack, Latenz CC→Ack Median 11.5 ms / Max 11.6 ms
2026-10-06 03:42:05.561  TX  F0 52 00 6E 64 20 00 00 02 11 00 00 00 00 F7  (set_param)
2026-10-06 03:42:05.573  RX  F0 52 00 6E 64 20 01 00 02 11 00 00 00 00 F7
2026-10-06 03:42:05.611  TX  F0 52 00 6E 64 20 00 00 02 14 00 00 00 00 F7  (set_param)
2026-10-06 03:42:05.622  RX  F0 52 00 6E 64 20 01 00 02 14 00 00 00 00 F7
2026-10-06 03:42:05.656  TX  F0 52 00 6E 64 20 00 00 02 17 00 00 00 00 F7  (set_param)
2026-10-06 03:42:05.668  RX  F0 52 00 6E 64 20 01 00 02 17 00 00 00 00 F7
2026-10-06 03:42:05.702  TX  F0 52 00 6E 64 20 00 00 02 1A 00 00 00 00 F7  (set_param)
2026-10-06 03:42:05.713  RX  F0 52 00 6E 64 20 01 00 02 1A 00 00 00 00 F7
2026-10-06 03:42:05.744  TX  F0 52 00 6E 64 20 00 00 02 1D 00 00 00 00 F7  (set_param)
2026-10-06 03:42:05.746  RX  F0 52 00 6E 64 20 01 00 02 1D 00 00 00 00 F7
2026-10-06 03:42:05.793  TX  F0 52 00 6E 64 20 00 00 02 1F 00 00 00 00 F7  (set_param)
2026-10-06 03:42:05.804  RX  F0 52 00 6E 64 20 01 00 02 1F 00 00 00 00 F7
2026-10-06 03:42:05.840  TX  F0 52 00 6E 64 20 00 00 02 23 00 00 00 00 F7  (set_param)
2026-10-06 03:42:05.852  RX  F0 52 00 6E 64 20 01 00 02 23 00 00 00 00 F7
2026-10-06 03:42:05.888  TX  F0 52 00 6E 64 20 00 00 02 25 00 00 00 00 F7  (set_param)
2026-10-06 03:42:05.899  RX  F0 52 00 6E 64 20 01 00 02 25 00 00 00 00 F7
2026-10-06 03:42:05.938  TX  F0 52 00 6E 64 20 00 00 02 27 00 00 00 00 F7  (set_param)
2026-10-06 03:42:05.950  RX  F0 52 00 6E 64 20 01 00 02 27 00 00 00 00 F7
2026-10-06 03:42:06.003  TX  F0 52 00 6E 64 20 00 00 02 28 00 00 00 00 F7  (set_param)
2026-10-06 03:42:06.014  RX  F0 52 00 6E 64 20 01 00 02 28 00 00 00 00 F7
2026-10-06 03:42:06.067  TX  F0 52 00 6E 64 20 00 00 02 2A 00 00 00 00 F7  (set_param)
2026-10-06 03:42:06.078  RX  F0 52 00 6E 64 20 01 00 02 2A 00 00 00 00 F7
2026-10-06 03:42:06.126  TX  F0 52 00 6E 64 20 00 00 02 2B 00 00 00 00 F7  (set_param)
2026-10-06 03:42:06.137  RX  F0 52 00 6E 64 20 01 00 02 2B 00 00 00 00 F7
2026-10-06 03:42:06.180  TX  F0 52 00 6E 64 20 00 00 02 2E 00 00 00 00 F7  (set_param)
2026-10-06 03:42:06.192  RX  F0 52 00 6E 64 20 01 00 02 2E 00 00 00 00 F7
2026-10-06 03:42:06.234  TX  F0 52 00 6E 64 20 00 00 02 2F 00 00 00 00 F7  (set_param)
2026-10-06 03:42:06.246  RX  F0 52 00 6E 64 20 01 00 02 2F 00 00 00 00 F7
2026-10-06 03:42:06.292  TX  F0 52 00 6E 64 20 00 00 02 30 00 00 00 00 F7  (set_param)
2026-10-06 03:42:06.304  RX  F0 52 00 6E 64 20 01 00 02 30 00 00 00 00 F7
2026-10-06 03:42:06.358  TX  F0 52 00 6E 64 20 00 00 02 32 00 00 00 00 F7  (set_param)
2026-10-06 03:42:06.370  RX  F0 52 00 6E 64 20 01 00 02 32 00 00 00 00 F7
2026-10-06 03:42:06.408  TX  F0 52 00 6E 64 20 00 00 02 33 00 00 00 00 F7  (set_param)
2026-10-06 03:42:06.419  RX  F0 52 00 6E 64 20 01 00 02 33 00 00 00 00 F7
2026-10-06 03:42:06.478  TX  F0 52 00 6E 64 20 00 00 02 34 00 00 00 00 F7  (set_param)
2026-10-06 03:42:06.489  RX  F0 52 00 6E 64 20 01 00 02 34 00 00 00 00 F7
2026-10-06 03:42:06.548  TX  F0 52 00 6E 64 20 00 00 02 36 00 00 00 00 F7  (set_param)
2026-10-06 03:42:06.562  RX  F0 52 00 6E 64 20 01 00 02 36 00 00 00 00 F7
2026-10-06 03:42:06.626  TX  F0 52 00 6E 64 20 00 00 02 38 00 00 00 00 F7  (set_param)
2026-10-06 03:42:06.637  RX  F0 52 00 6E 64 20 01 00 02 38 00 00 00 00 F7
2026-10-06 03:42:06.686  TX  F0 52 00 6E 64 20 00 00 02 3A 00 00 00 00 F7  (set_param)
2026-10-06 03:42:06.698  RX  F0 52 00 6E 64 20 01 00 02 3A 00 00 00 00 F7
2026-10-06 03:42:06.752  TX  F0 52 00 6E 64 20 00 00 02 3E 00 00 00 00 F7  (set_param)
2026-10-06 03:42:06.763  RX  F0 52 00 6E 64 20 01 00 02 3E 00 00 00 00 F7
2026-10-06 03:42:06.824  TX  F0 52 00 6E 64 20 00 00 02 41 00 00 00 00 F7  (set_param)
2026-10-06 03:42:06.835  RX  F0 52 00 6E 64 20 01 00 02 41 00 00 00 00 F7
2026-10-06 03:42:06.896  TX  F0 52 00 6E 64 20 00 00 02 42 00 00 00 00 F7  (set_param)
2026-10-06 03:42:06.907  RX  F0 52 00 6E 64 20 01 00 02 42 00 00 00 00 F7
2026-10-06 03:42:06.992  TX  F0 52 00 6E 64 20 00 00 02 45 00 00 00 00 F7  (set_param)
2026-10-06 03:42:07.004  RX  F0 52 00 6E 64 20 01 00 02 45 00 00 00 00 F7
2026-10-06 03:42:07.058  TX  F0 52 00 6E 64 20 00 00 02 47 00 00 00 00 F7  (set_param)
2026-10-06 03:42:07.070  RX  F0 52 00 6E 64 20 01 00 02 47 00 00 00 00 F7
2026-10-06 03:42:07.125  TX  F0 52 00 6E 64 20 00 00 02 4A 00 00 00 00 F7  (set_param)
2026-10-06 03:42:07.136  RX  F0 52 00 6E 64 20 01 00 02 4A 00 00 00 00 F7
2026-10-06 03:42:07.196  TX  F0 52 00 6E 64 20 00 00 02 4D 00 00 00 00 F7  (set_param)
2026-10-06 03:42:07.207  RX  F0 52 00 6E 64 20 01 00 02 4D 00 00 00 00 F7
2026-10-06 03:42:07.268  TX  F0 52 00 6E 64 20 00 00 02 50 00 00 00 00 F7  (set_param)
2026-10-06 03:42:07.279  RX  F0 52 00 6E 64 20 01 00 02 50 00 00 00 00 F7
2026-10-06 03:42:07.340  TX  F0 52 00 6E 64 20 00 00 02 52 00 00 00 00 F7  (set_param)
2026-10-06 03:42:07.351  RX  F0 52 00 6E 64 20 01 00 02 52 00 00 00 00 F7
2026-10-06 03:42:07.418  TX  F0 52 00 6E 64 20 00 00 02 55 00 00 00 00 F7  (set_param)
2026-10-06 03:42:07.429  RX  F0 52 00 6E 64 20 01 00 02 55 00 00 00 00 F7
2026-10-06 03:42:07.484  TX  F0 52 00 6E 64 20 00 00 02 59 00 00 00 00 F7  (set_param)
2026-10-06 03:42:07.495  RX  F0 52 00 6E 64 20 01 00 02 59 00 00 00 00 F7
2026-10-06 03:42:07.551  TX  F0 52 00 6E 64 20 00 00 02 5D 00 00 00 00 F7  (set_param)
2026-10-06 03:42:07.562  RX  F0 52 00 6E 64 20 01 00 02 5D 00 00 00 00 F7
2026-10-06 03:42:07.610  TX  F0 52 00 6E 64 20 00 00 02 61 00 00 00 00 F7  (set_param)
2026-10-06 03:42:07.622  RX  F0 52 00 6E 64 20 01 00 02 61 00 00 00 00 F7
2026-10-06 03:42:07.670  TX  F0 52 00 6E 64 20 00 00 02 64 00 00 00 00 F7  (set_param)
2026-10-06 03:42:07.681  RX  F0 52 00 6E 64 20 01 00 02 64 00 00 00 00 F7
2026-10-06 03:42:09.441  TX  F0 52 00 6E 64 20 00 00 02 61 00 00 00 00 F7  (set_param)
2026-10-06 03:42:09.452  RX  F0 52 00 6E 64 20 01 00 02 61 00 00 00 00 F7
2026-10-06 03:42:09.513  TX  F0 52 00 6E 64 20 00 00 02 5E 00 00 00 00 F7  (set_param)
2026-10-06 03:42:09.524  RX  F0 52 00 6E 64 20 01 00 02 5E 00 00 00 00 F7
2026-10-06 03:42:09.585  TX  F0 52 00 6E 64 20 00 00 02 5B 00 00 00 00 F7  (set_param)
2026-10-06 03:42:09.596  RX  F0 52 00 6E 64 20 01 00 02 5B 00 00 00 00 F7
2026-10-06 03:42:09.657  TX  F0 52 00 6E 64 20 00 00 02 59 00 00 00 00 F7  (set_param)
2026-10-06 03:42:09.668  RX  F0 52 00 6E 64 20 01 00 02 59 00 00 00 00 F7
2026-10-06 03:42:09.734  TX  F0 52 00 6E 64 20 00 00 02 56 00 00 00 00 F7  (set_param)
2026-10-06 03:42:09.745  RX  F0 52 00 6E 64 20 01 00 02 56 00 00 00 00 F7
2026-10-06 03:42:09.806  TX  F0 52 00 6E 64 20 00 00 02 53 00 00 00 00 F7  (set_param)
2026-10-06 03:42:09.817  RX  F0 52 00 6E 64 20 01 00 02 53 00 00 00 00 F7
2026-10-06 03:42:09.878  TX  F0 52 00 6E 64 20 00 00 02 52 00 00 00 00 F7  (set_param)
2026-10-06 03:42:09.889  RX  F0 52 00 6E 64 20 01 00 02 52 00 00 00 00 F7
2026-10-06 03:42:09.944  TX  F0 52 00 6E 64 20 00 00 02 50 00 00 00 00 F7  (set_param)
2026-10-06 03:42:09.955  RX  F0 52 00 6E 64 20 01 00 02 50 00 00 00 00 F7
2026-10-06 03:42:10.022  TX  F0 52 00 6E 64 20 00 00 02 4D 00 00 00 00 F7  (set_param)
2026-10-06 03:42:10.034  RX  F0 52 00 6E 64 20 01 00 02 4D 00 00 00 00 F7
2026-10-06 03:42:10.094  TX  F0 52 00 6E 64 20 00 00 02 47 00 00 00 00 F7  (set_param)
2026-10-06 03:42:10.106  RX  F0 52 00 6E 64 20 01 00 02 47 00 00 00 00 F7
2026-10-06 03:42:10.155  TX  F0 52 00 6E 64 20 00 00 02 3D 00 00 00 00 F7  (set_param)
2026-10-06 03:42:10.166  RX  F0 52 00 6E 64 20 01 00 02 3D 00 00 00 00 F7
2026-10-06 03:42:10.214  TX  F0 52 00 6E 64 20 00 00 02 38 00 00 00 00 F7  (set_param)
2026-10-06 03:42:10.226  RX  F0 52 00 6E 64 20 01 00 02 38 00 00 00 00 F7
2026-10-06 03:42:10.539  TX  F0 52 00 6E 64 20 00 00 02 36 00 00 00 00 F7  (set_param)
2026-10-06 03:42:10.550  RX  F0 52 00 6E 64 20 01 00 02 36 00 00 00 00 F7
2026-10-06 03:42:10.554  --  48 gesendet, 48 bestätigt, 0 ohne Ack, Latenz CC→Ack Median 11.5 ms / Max 14.1 ms
2026-10-06 03:42:10.605  TX  F0 52 00 6E 64 20 00 00 02 32 00 00 00 00 F7  (set_param)
2026-10-06 03:42:10.616  RX  F0 52 00 6E 64 20 01 00 02 32 00 00 00 00 F7
2026-10-06 03:42:10.671  TX  F0 52 00 6E 64 20 00 00 02 30 00 00 00 00 F7  (set_param)
2026-10-06 03:42:10.682  RX  F0 52 00 6E 64 20 01 00 02 30 00 00 00 00 F7
2026-10-06 03:42:10.754  TX  F0 52 00 6E 64 20 00 00 02 2F 00 00 00 00 F7  (set_param)
2026-10-06 03:42:10.765  RX  F0 52 00 6E 64 20 01 00 02 2F 00 00 00 00 F7
2026-10-06 03:42:10.826  TX  F0 52 00 6E 64 20 00 00 02 2B 00 00 00 00 F7  (set_param)
2026-10-06 03:42:10.838  RX  F0 52 00 6E 64 20 01 00 02 2B 00 00 00 00 F7
2026-10-06 03:42:10.893  TX  F0 52 00 6E 64 20 00 00 02 27 00 00 00 00 F7  (set_param)
2026-10-06 03:42:10.904  RX  F0 52 00 6E 64 20 01 00 02 27 00 00 00 00 F7
2026-10-06 03:42:10.965  TX  F0 52 00 6E 64 20 00 00 02 25 00 00 00 00 F7  (set_param)
2026-10-06 03:42:10.976  RX  F0 52 00 6E 64 20 01 00 02 25 00 00 00 00 F7
2026-10-06 03:42:11.252  TX  F0 52 00 6E 64 20 00 00 02 24 00 00 00 00 F7  (set_param)
2026-10-06 03:42:11.263  RX  F0 52 00 6E 64 20 01 00 02 24 00 00 00 00 F7
2026-10-06 03:42:11.373  TX  F0 52 00 6E 64 20 00 00 02 23 00 00 00 00 F7  (set_param)
2026-10-06 03:42:11.384  RX  F0 52 00 6E 64 20 01 00 02 23 00 00 00 00 F7
2026-10-06 03:42:11.450  TX  F0 52 00 6E 64 20 00 00 02 22 00 00 00 00 F7  (set_param)
2026-10-06 03:42:11.461  RX  F0 52 00 6E 64 20 01 00 02 22 00 00 00 00 F7
2026-10-06 03:42:11.559  TX  F0 52 00 6E 64 20 00 00 02 20 00 00 00 00 F7  (set_param)
2026-10-06 03:42:11.570  RX  F0 52 00 6E 64 20 01 00 02 20 00 00 00 00 F7
2026-10-06 03:42:11.666  TX  F0 52 00 6E 64 20 00 00 02 1F 00 00 00 00 F7  (set_param)
2026-10-06 03:42:11.677  RX  F0 52 00 6E 64 20 01 00 02 1F 00 00 00 00 F7
2026-10-06 03:42:11.744  TX  F0 52 00 6E 64 20 00 00 02 1E 00 00 00 00 F7  (set_param)
2026-10-06 03:42:11.756  RX  F0 52 00 6E 64 20 01 00 02 1E 00 00 00 00 F7
2026-10-06 03:42:11.859  TX  F0 52 00 6E 64 20 00 00 02 1C 00 00 00 00 F7  (set_param)
2026-10-06 03:42:11.870  RX  F0 52 00 6E 64 20 01 00 02 1C 00 00 00 00 F7
2026-10-06 03:42:11.936  TX  F0 52 00 6E 64 20 00 00 02 1B 00 00 00 00 F7  (set_param)
2026-10-06 03:42:11.947  RX  F0 52 00 6E 64 20 01 00 02 1B 00 00 00 00 F7
2026-10-06 03:42:12.008  TX  F0 52 00 6E 64 20 00 00 02 19 00 00 00 00 F7  (set_param)
2026-10-06 03:42:12.019  RX  F0 52 00 6E 64 20 01 00 02 19 00 00 00 00 F7
2026-10-06 03:42:12.086  TX  F0 52 00 6E 64 20 00 00 02 18 00 00 00 00 F7  (set_param)
2026-10-06 03:42:12.097  RX  F0 52 00 6E 64 20 01 00 02 18 00 00 00 00 F7
2026-10-06 03:42:12.170  TX  F0 52 00 6E 64 20 00 00 02 16 00 00 00 00 F7  (set_param)
2026-10-06 03:42:12.182  RX  F0 52 00 6E 64 20 01 00 02 16 00 00 00 00 F7
2026-10-06 03:42:12.267  TX  F0 52 00 6E 64 20 00 00 02 15 00 00 00 00 F7  (set_param)
2026-10-06 03:42:12.279  RX  F0 52 00 6E 64 20 01 00 02 15 00 00 00 00 F7
2026-10-06 03:42:12.363  TX  F0 52 00 6E 64 20 00 00 02 14 00 00 00 00 F7  (set_param)
2026-10-06 03:42:12.374  RX  F0 52 00 6E 64 20 01 00 02 14 00 00 00 00 F7
2026-10-06 03:42:12.626  TX  F0 52 00 6E 64 20 00 00 02 12 00 00 00 00 F7  (set_param)
2026-10-06 03:42:12.638  RX  F0 52 00 6E 64 20 01 00 02 12 00 00 00 00 F7
2026-10-06 03:42:12.699  TX  F0 52 00 6E 64 20 00 00 02 11 00 00 00 00 F7  (set_param)
2026-10-06 03:42:12.711  RX  F0 52 00 6E 64 20 01 00 02 11 00 00 00 00 F7
2026-10-06 03:42:12.794  TX  F0 52 00 6E 64 20 00 00 02 10 00 00 00 00 F7  (set_param)
2026-10-06 03:42:12.806  RX  F0 52 00 6E 64 20 01 00 02 10 00 00 00 00 F7
2026-10-06 03:42:12.878  TX  F0 52 00 6E 64 20 00 00 02 0E 00 00 00 00 F7  (set_param)
2026-10-06 03:42:12.890  RX  F0 52 00 6E 64 20 01 00 02 0E 00 00 00 00 F7
2026-10-06 03:42:12.956  TX  F0 52 00 6E 64 20 00 00 02 0D 00 00 00 00 F7  (set_param)
2026-10-06 03:42:12.968  RX  F0 52 00 6E 64 20 01 00 02 0D 00 00 00 00 F7
2026-10-06 03:42:13.028  TX  F0 52 00 6E 64 20 00 00 02 0B 00 00 00 00 F7  (set_param)
2026-10-06 03:42:13.040  RX  F0 52 00 6E 64 20 01 00 02 0B 00 00 00 00 F7
2026-10-06 03:42:13.113  TX  F0 52 00 6E 64 20 00 00 02 09 00 00 00 00 F7  (set_param)
2026-10-06 03:42:13.124  RX  F0 52 00 6E 64 20 01 00 02 09 00 00 00 00 F7
2026-10-06 03:42:13.197  TX  F0 52 00 6E 64 20 00 00 02 08 00 00 00 00 F7  (set_param)
2026-10-06 03:42:13.208  RX  F0 52 00 6E 64 20 01 00 02 08 00 00 00 00 F7
2026-10-06 03:42:13.286  TX  F0 52 00 6E 64 20 00 00 02 07 00 00 00 00 F7  (set_param)
2026-10-06 03:42:13.298  RX  F0 52 00 6E 64 20 01 00 02 07 00 00 00 00 F7
2026-10-06 03:42:13.364  TX  F0 52 00 6E 64 20 00 00 02 06 00 00 00 00 F7  (set_param)
2026-10-06 03:42:13.375  RX  F0 52 00 6E 64 20 01 00 02 06 00 00 00 00 F7
2026-10-06 03:42:13.479  TX  F0 52 00 6E 64 20 00 00 02 05 00 00 00 00 F7  (set_param)
2026-10-06 03:42:13.490  RX  F0 52 00 6E 64 20 01 00 02 05 00 00 00 00 F7
2026-10-06 03:42:13.563  TX  F0 52 00 6E 64 20 00 00 02 03 00 00 00 00 F7  (set_param)
2026-10-06 03:42:13.575  RX  F0 52 00 6E 64 20 01 00 02 03 00 00 00 00 F7
2026-10-06 03:42:13.635  TX  F0 52 00 6E 64 20 00 00 02 02 00 00 00 00 F7  (set_param)
2026-10-06 03:42:13.646  RX  F0 52 00 6E 64 20 01 00 02 02 00 00 00 00 F7
2026-10-06 03:42:13.717  TX  F0 52 00 6E 64 20 00 00 02 00 00 00 00 00 F7  (set_param)
2026-10-06 03:42:13.728  RX  F0 52 00 6E 64 20 01 00 02 00 00 00 00 00 F7
2026-10-06 03:42:14.347  TX  F0 52 00 6E 64 20 00 00 02 05 00 00 00 00 F7  (set_param)
2026-10-06 03:42:14.359  RX  F0 52 00 6E 64 20 01 00 02 05 00 00 00 00 F7
2026-10-06 03:42:14.396  TX  F0 52 00 6E 64 20 00 00 02 09 00 00 00 00 F7  (set_param)
2026-10-06 03:42:14.408  RX  F0 52 00 6E 64 20 01 00 02 09 00 00 00 00 F7
2026-10-06 03:42:14.441  TX  F0 52 00 6E 64 20 00 00 02 0B 00 00 00 00 F7  (set_param)
2026-10-06 03:42:14.452  RX  F0 52 00 6E 64 20 01 00 02 0B 00 00 00 00 F7
2026-10-06 03:42:14.485  TX  F0 52 00 6E 64 20 00 00 02 0D 00 00 00 00 F7  (set_param)
2026-10-06 03:42:14.496  RX  F0 52 00 6E 64 20 01 00 02 0D 00 00 00 00 F7
2026-10-06 03:42:14.529  TX  F0 52 00 6E 64 20 00 00 02 0F 00 00 00 00 F7  (set_param)
2026-10-06 03:42:14.540  RX  F0 52 00 6E 64 20 01 00 02 0F 00 00 00 00 F7
2026-10-06 03:42:14.577  TX  F0 52 00 6E 64 20 00 00 02 11 00 00 00 00 F7  (set_param)
2026-10-06 03:42:14.588  RX  F0 52 00 6E 64 20 01 00 02 11 00 00 00 00 F7
2026-10-06 03:42:14.631  TX  F0 52 00 6E 64 20 00 00 02 12 00 00 00 00 F7  (set_param)
2026-10-06 03:42:14.643  RX  F0 52 00 6E 64 20 01 00 02 12 00 00 00 00 F7
2026-10-06 03:42:14.679  TX  F0 52 00 6E 64 20 00 00 02 13 00 00 00 00 F7  (set_param)
2026-10-06 03:42:14.691  RX  F0 52 00 6E 64 20 01 00 02 13 00 00 00 00 F7
2026-10-06 03:42:14.746  TX  F0 52 00 6E 64 20 00 00 02 14 00 00 00 00 F7  (set_param)
2026-10-06 03:42:14.758  RX  F0 52 00 6E 64 20 01 00 02 14 00 00 00 00 F7
2026-10-06 03:42:14.803  TX  F0 52 00 6E 64 20 00 00 02 16 00 00 00 00 F7  (set_param)
2026-10-06 03:42:14.815  RX  F0 52 00 6E 64 20 01 00 02 16 00 00 00 00 F7
2026-10-06 03:42:14.859  TX  F0 52 00 6E 64 20 00 00 02 18 00 00 00 00 F7  (set_param)
2026-10-06 03:42:14.870  RX  F0 52 00 6E 64 20 01 00 02 18 00 00 00 00 F7
2026-10-06 03:42:14.914  TX  F0 52 00 6E 64 20 00 00 02 1A 00 00 00 00 F7  (set_param)
2026-10-06 03:42:14.926  RX  F0 52 00 6E 64 20 01 00 02 1A 00 00 00 00 F7
2026-10-06 03:42:14.966  TX  F0 52 00 6E 64 20 00 00 02 1C 00 00 00 00 F7  (set_param)
2026-10-06 03:42:14.978  RX  F0 52 00 6E 64 20 01 00 02 1C 00 00 00 00 F7
2026-10-06 03:42:15.013  TX  F0 52 00 6E 64 20 00 00 02 1D 00 00 00 00 F7  (set_param)
2026-10-06 03:42:15.024  RX  F0 52 00 6E 64 20 01 00 02 1D 00 00 00 00 F7
2026-10-06 03:42:15.068  TX  F0 52 00 6E 64 20 00 00 02 1F 00 00 00 00 F7  (set_param)
2026-10-06 03:42:15.080  RX  F0 52 00 6E 64 20 01 00 02 1F 00 00 00 00 F7
2026-10-06 03:42:15.189  TX  F0 52 00 6E 64 20 00 00 02 21 00 00 00 00 F7  (set_param)
2026-10-06 03:42:15.201  RX  F0 52 00 6E 64 20 01 00 02 21 00 00 00 00 F7
2026-10-06 03:42:15.256  TX  F0 52 00 6E 64 20 00 00 02 23 00 00 00 00 F7  (set_param)
2026-10-06 03:42:15.267  RX  F0 52 00 6E 64 20 01 00 02 23 00 00 00 00 F7
2026-10-06 03:42:15.385  TX  F0 52 00 6E 64 20 00 00 02 25 00 00 00 00 F7  (set_param)
2026-10-06 03:42:15.396  RX  F0 52 00 6E 64 20 01 00 02 25 00 00 00 00 F7
2026-10-06 03:42:15.445  TX  F0 52 00 6E 64 20 00 00 02 27 00 00 00 00 F7  (set_param)
2026-10-06 03:42:15.457  RX  F0 52 00 6E 64 20 01 00 02 27 00 00 00 00 F7
2026-10-06 03:42:15.555  --  52 gesendet, 52 bestätigt, 0 ohne Ack, Latenz CC→Ack Median 11.5 ms / Max 11.5 ms
2026-10-06 03:42:15.586  TX  F0 52 00 6E 64 20 00 00 02 29 00 00 00 00 F7  (set_param)
2026-10-06 03:42:15.598  RX  F0 52 00 6E 64 20 01 00 02 29 00 00 00 00 F7
2026-10-06 03:42:15.658  TX  F0 52 00 6E 64 20 00 00 02 2A 00 00 00 00 F7  (set_param)
2026-10-06 03:42:15.670  RX  F0 52 00 6E 64 20 01 00 02 2A 00 00 00 00 F7
2026-10-06 03:42:15.715  TX  F0 52 00 6E 64 20 00 00 02 2B 00 00 00 00 F7  (set_param)
2026-10-06 03:42:15.727  RX  F0 52 00 6E 64 20 01 00 02 2B 00 00 00 00 F7
2026-10-06 03:42:15.767  TX  F0 52 00 6E 64 20 00 00 02 2E 00 00 00 00 F7  (set_param)
2026-10-06 03:42:15.778  RX  F0 52 00 6E 64 20 01 00 02 2E 00 00 00 00 F7
2026-10-06 03:42:15.815  TX  F0 52 00 6E 64 20 00 00 02 2F 00 00 00 00 F7  (set_param)
2026-10-06 03:42:15.826  RX  F0 52 00 6E 64 20 01 00 02 2F 00 00 00 00 F7
2026-10-06 03:42:15.867  TX  F0 52 00 6E 64 20 00 00 02 30 00 00 00 00 F7  (set_param)
2026-10-06 03:42:15.878  RX  F0 52 00 6E 64 20 01 00 02 30 00 00 00 00 F7
2026-10-06 03:42:15.941  TX  F0 52 00 6E 64 20 00 00 02 32 00 00 00 00 F7  (set_param)
2026-10-06 03:42:15.952  RX  F0 52 00 6E 64 20 01 00 02 32 00 00 00 00 F7
2026-10-06 03:42:16.067  TX  F0 52 00 6E 64 20 00 00 02 33 00 00 00 00 F7  (set_param)
2026-10-06 03:42:16.078  RX  F0 52 00 6E 64 20 01 00 02 33 00 00 00 00 F7
2026-10-06 03:42:16.143  TX  F0 52 00 6E 64 20 00 00 02 34 00 00 00 00 F7  (set_param)
2026-10-06 03:42:16.154  RX  F0 52 00 6E 64 20 01 00 02 34 00 00 00 00 F7
2026-10-06 03:42:16.215  TX  F0 52 00 6E 64 20 00 00 02 36 00 00 00 00 F7  (set_param)
2026-10-06 03:42:16.227  RX  F0 52 00 6E 64 20 01 00 02 36 00 00 00 00 F7
2026-10-06 03:42:16.350  TX  F0 52 00 6E 64 20 00 00 02 37 00 00 00 00 F7  (set_param)
2026-10-06 03:42:16.362  RX  F0 52 00 6E 64 20 01 00 02 37 00 00 00 00 F7
2026-10-06 03:42:16.418  TX  F0 52 00 6E 64 20 00 00 02 39 00 00 00 00 F7  (set_param)
2026-10-06 03:42:16.430  RX  F0 52 00 6E 64 20 01 00 02 39 00 00 00 00 F7
2026-10-06 03:42:16.551  TX  F0 52 00 6E 64 20 00 00 02 3B 00 00 00 00 F7  (set_param)
2026-10-06 03:42:16.563  RX  F0 52 00 6E 64 20 01 00 02 3B 00 00 00 00 F7
2026-10-06 03:42:16.607  TX  F0 52 00 6E 64 20 00 00 02 3C 00 00 00 00 F7  (set_param)
2026-10-06 03:42:16.618  RX  F0 52 00 6E 64 20 01 00 02 3C 00 00 00 00 F7
2026-10-06 03:42:16.683  TX  F0 52 00 6E 64 20 00 00 02 3D 00 00 00 00 F7  (set_param)
2026-10-06 03:42:16.694  RX  F0 52 00 6E 64 20 01 00 02 3D 00 00 00 00 F7
2026-10-06 03:42:16.753  TX  F0 52 00 6E 64 20 00 00 02 3F 00 00 00 00 F7  (set_param)
2026-10-06 03:42:16.764  RX  F0 52 00 6E 64 20 01 00 02 3F 00 00 00 00 F7
2026-10-06 03:42:16.812  TX  F0 52 00 6E 64 20 00 00 02 40 00 00 00 00 F7  (set_param)
2026-10-06 03:42:16.824  RX  F0 52 00 6E 64 20 01 00 02 40 00 00 00 00 F7
2026-10-06 03:42:16.877  TX  F0 52 00 6E 64 20 00 00 02 41 00 00 00 00 F7  (set_param)
2026-10-06 03:42:16.888  RX  F0 52 00 6E 64 20 01 00 02 41 00 00 00 00 F7
2026-10-06 03:42:16.933  TX  F0 52 00 6E 64 20 00 00 02 42 00 00 00 00 F7  (set_param)
2026-10-06 03:42:16.944  RX  F0 52 00 6E 64 20 01 00 02 42 00 00 00 00 F7
2026-10-06 03:42:17.017  TX  F0 52 00 6E 64 20 00 00 02 44 00 00 00 00 F7  (set_param)
2026-10-06 03:42:17.029  RX  F0 52 00 6E 64 20 01 00 02 44 00 00 00 00 F7
2026-10-06 03:42:17.083  TX  F0 52 00 6E 64 20 00 00 02 45 00 00 00 00 F7  (set_param)
2026-10-06 03:42:17.094  RX  F0 52 00 6E 64 20 01 00 02 45 00 00 00 00 F7
2026-10-06 03:42:17.141  TX  F0 52 00 6E 64 20 00 00 02 46 00 00 00 00 F7  (set_param)
2026-10-06 03:42:17.153  RX  F0 52 00 6E 64 20 01 00 02 46 00 00 00 00 F7
2026-10-06 03:42:17.235  TX  F0 52 00 6E 64 20 00 00 02 47 00 00 00 00 F7  (set_param)
2026-10-06 03:42:17.246  RX  F0 52 00 6E 64 20 01 00 02 47 00 00 00 00 F7
2026-10-06 03:42:17.305  TX  F0 52 00 6E 64 20 00 00 02 48 00 00 00 00 F7  (set_param)
2026-10-06 03:42:17.316  RX  F0 52 00 6E 64 20 01 00 02 48 00 00 00 00 F7
2026-10-06 03:42:17.365  TX  F0 52 00 6E 64 20 00 00 02 49 00 00 00 00 F7  (set_param)
2026-10-06 03:42:17.377  RX  F0 52 00 6E 64 20 01 00 02 49 00 00 00 00 F7
2026-10-06 03:42:17.461  TX  F0 52 00 6E 64 20 00 00 02 4A 00 00 00 00 F7  (set_param)
2026-10-06 03:42:17.472  RX  F0 52 00 6E 64 20 01 00 02 4A 00 00 00 00 F7
2026-10-06 03:42:17.584  TX  F0 52 00 6E 64 20 00 00 02 4B 00 00 00 00 F7  (set_param)
2026-10-06 03:42:17.596  RX  F0 52 00 6E 64 20 01 00 02 4B 00 00 00 00 F7
2026-10-06 03:42:17.653  TX  F0 52 00 6E 64 20 00 00 02 4C 00 00 00 00 F7  (set_param)
2026-10-06 03:42:17.664  RX  F0 52 00 6E 64 20 01 00 02 4C 00 00 00 00 F7
2026-10-06 03:42:17.712  TX  F0 52 00 6E 64 20 00 00 02 4D 00 00 00 00 F7  (set_param)
2026-10-06 03:42:17.724  RX  F0 52 00 6E 64 20 01 00 02 4D 00 00 00 00 F7
2026-10-06 03:42:17.778  TX  F0 52 00 6E 51 F7  (edit_disable)
2026-10-06 03:42:17.781  RX  F0 52 00 6E 00 00 F7
2026-10-06 03:42:17.781  --  Beendet.
2026-10-06 03:45:09.117  TX  F0 7E 7F 06 01 F7  (identity_request)
2026-10-06 03:45:09.119  RX  F0 7E 00 06 02 52 6E 00 27 00 31 2E 32 30 F7
2026-10-06 03:45:09.119  TX  F0 52 00 6E 50 F7  (edit_enable)
2026-10-06 03:45:09.140  RX  F0 52 00 6E 00 00 F7
2026-10-06 03:45:09.140  TX  F0 52 00 6E 33 F7  (query_program)
2026-10-06 03:45:09.141  RX  control_change channel=0 control=0 value=0 time=0
2026-10-06 03:45:09.141  RX  control_change channel=0 control=32 value=9 time=0
2026-10-06 03:45:09.143  RX  program_change channel=0 program=4 time=0
2026-10-06 03:45:09.143  --  Patch 9/4: Expression → Slot 0, Param 2, 0–100
2026-10-06 03:45:09.641  --  Bereit: SINCO → ZOOM MS Plus Series, Firmware 1.20
2026-10-06 03:45:14.233  RX  F0 52 00 6E 64 12 00 50 06 04 50 54 43 46 28 00 00 00 00 02 00 00 00 01 00 00 00 00 00 00 08 00 00 00 00 00 00 00 00 55 53 00 45 52 2D 30 30 32 20 00 20 20 00 00 04 54 58 00 4A 31 00 00 00 00 54 00 58 45 31 00 00 00 00 00 45 44 54 42 18 00 00 05 00 41 00 00 08 0C 48 40 00 0C 04 40 00 18 19 00 2D 01 00 00 00 00 00 00 00 00 00 00 50 52 4D 00 32 20 00 00 00 00 00 00 00 00 00 00 00 00 00 40 00 0C 00 00 00 00 00 00 00 00 00 00 00 00 00 00 00 00 00 00 00 00 00 40 00 07 4E 41 4D 45 20 00 00 00 00 55 53 45 52 00 2D 30 30 32 20 20 20 00 20 20 20 20 20 20 20 00 20 20 20 20 20 20 20 00 20 20 20 00 00 00 00 00 00 00 00 00 00 00 00 00 00 00 00 00 00 00 00 00 00 00 00 00 00 00 00 00 00 00 00 00 00 00 00 00 00 00 00 00 00 00 00 00 00 00 00 00 00 00 00 00 00 00 00 00 00 00 00 00 00 00 00 00 00 00 00 00 00 00 00 00 00 00 00 00 00 00 00 00 00 00 00 00 00 00 00 00 00 00 00 00 00 00 00 00 00 00 00 00 00 00 00 00 00 00 00 00 00 00 00 00 00 00 00 00 00 00 00 00 00 00 00 00 00 00 00 00 00 00 00 00 00 00 00 00 00 00 00 00 00 00 00 00 00 00 00 00 00 00 00 00 00 00 00 00 00 00 00 00 00 00 00 00 00 00 00 00 00 00 00 00 00 00 00 00 00 00 00 00 00 00 00 00 00 00 00 00 00 00 00 00 00 00 00 00 00 00 00 00 00 00 00 00 00 00 00 00 00 00 00 00 00 00 00 00 00 00 00 00 00 00 00 00 00 00 00 00 00 00 00 00 00 00 00 00 00 00 00 00 00 00 00 00 00 00 00 00 00 00 00 00 00 00 00 00 00 00 00 00 00 00 00 00 00 00 00 00 00 00 00 00 00 00 00 00 00 00 00 00 00 00 00 00 00 00 00 00 00 00 00 00 00 00 00 00 00 00 00 00 00 00 00 00 00 00 00 00 00 00 00 00 00 00 00 00 00 00 00 00 00 00 00 00 00 00 00 00 00 00 00 00 00 00 00 00 00 00 00 00 00 00 00 00 00 00 00 00 00 00 00 00 00 00 00 00 00 00 00 00 00 00 00 00 00 00 00 00 00 00 00 00 00 00 00 00 00 00 00 00 00 00 00 00 00 00 00 00 00 00 00 00 00 00 00 00 00 00 00 00 00 00 00 00 00 00 00 00 00 00 00 00 00 00 00 00 00 00 00 00 00 00 00 00 00 00 00 00 00 00 00 00 00 00 00 00 00 00 00 00 00 00 00 00 00 00 00 00 00 00 00 00 00 00 00 00 00 00 00 00 00 00 00 00 00 00 00 00 00 00 00 00 00 00 00 00 00 00 00 00 00 00 00 00 00 00 00 00 00 00 00 00 00 00 00 00 00 00 00 00 00 00 00 00 00 00 00 00 00 00 00 00 00 00 00 00 00 00 00 00 00 00 00 00 00 00 00 00 00 00 00 00 00 00 00 00 00 00 00 00 00 00 00 00 00 00 00 00 00 00 00 00 00 00 00 00 00 00 00 00 00 00 00 00 00 00 00 00 00 00 00 00 00 00 00 00 00 00 00 00 00 00 00 00 00 00 00 00 00 00 00 00 00 00 00 00 00 00 00 00 00 00 00 00 00 00 00 00 00 00 00 00 00 00 00 00 00 00 00 00 00 00 00 00 00 00 00 00 00 00 00 00 00 00 00 00 00 00 00 00 00 00 00 00 00 00 00 00 00 00 00 00 00 00 00 00 00 00 00 00 00 00 00 00 00 00 00 00 00 00 00 00 00 00 00 00 00 00 00 00 00 00 00 00 00 00 00 00 00 00 00 00 00 00 00 00 00 00 00 00 00 00 00 00 00 00 00 00 00 00 00 00 00 00 00 00 00 00 00 00 00 00 00 00 00 00 00 00 00 00 00 00 00 00 00 00 00 00 00 00 00 00 00 00 00 00 00 00 00 00 00 00 00 00 00 00 00 00 00 00 00 00 00 00 00 00 00 00 00 00 00 00 00 00 00 00 00 00 00 00 00 1A 2D 72 61 0C F7
2026-10-06 03:45:14.548  RX  F0 52 00 6E 64 12 00 50 06 04 50 54 43 46 28 00 00 00 00 02 00 00 00 01 00 00 00 00 00 00 08 00 00 00 00 00 00 00 00 55 53 00 45 52 2D 30 30 32 20 00 20 20 00 00 06 54 58 00 4A 31 00 00 00 00 54 00 58 45 31 00 00 00 00 00 45 44 54 42 18 00 00 05 00 41 00 00 0C 0C 48 50 00 0C 28 00 00 00 00 00 00 00 00 00 00 00 00 00 00 00 00 00 50 52 4D 00 32 20 00 00 00 00 00 00 00 00 00 00 00 00 00 40 00 0C 00 00 00 00 00 00 00 00 00 00 00 00 00 00 00 00 00 00 00 00 00 40 00 07 4E 41 4D 45 20 00 00 00 00 55 53 45 52 00 2D 30 30 32 20 20 20 00 20 20 20 20 20 20 20 00 20 20 20 20 20 20 20 00 20 20 20 00 00 00 00 00 00 00 00 00 00 00 00 00 00 00 00 00 00 00 00 00 00 00 00 00 00 00 00 00 00 00 00 00 00 00 00 00 00 00 00 00 00 00 00 00 00 00 00 00 00 00 00 00 00 00 00 00 00 00 00 00 00 00 00 00 00 00 00 00 00 00 00 00 00 00 00 00 00 00 00 00 00 00 00 00 00 00 00 00 00 00 00 00 00 00 00 00 00 00 00 00 00 00 00 00 00 00 00 00 00 00 00 00 00 00 00 00 00 00 00 00 00 00 00 00 00 00 00 00 00 00 00 00 00 00 00 00 00 00 00 00 00 00 00 00 00 00 00 00 00 00 00 00 00 00 00 00 00 00 00 00 00 00 00 00 00 00 00 00 00 00 00 00 00 00 00 00 00 00 00 00 00 00 00 00 00 00 00 00 00 00 00 00 00 00 00 00 00 00 00 00 00 00 00 00 00 00 00 00 00 00 00 00 00 00 00 00 00 00 00 00 00 00 00 00 00 00 00 00 00 00 00 00 00 00 00 00 00 00 00 00 00 00 00 00 00 00 00 00 00 00 00 00 00 00 00 00 00 00 00 00 00 00 00 00 00 00 00 00 00 00 00 00 00 00 00 00 00 00 00 00 00 00 00 00 00 00 00 00 00 00 00 00 00 00 00 00 00 00 00 00 00 00 00 00 00 00 00 00 00 00 00 00 00 00 00 00 00 00 00 00 00 00 00 00 00 00 00 00 00 00 00 00 00 00 00 00 00 00 00 00 00 00 00 00 00 00 00 00 00 00 00 00 00 00 00 00 00 00 00 00 00 00 00 00 00 00 00 00 00 00 00 00 00 00 00 00 00 00 00 00 00 00 00 00 00 00 00 00 00 00 00 00 00 00 00 00 00 00 00 00 00 00 00 00 00 00 00 00 00 00 00 00 00 00 00 00 00 00 00 00 00 00 00 00 00 00 00 00 00 00 00 00 00 00 00 00 00 00 00 00 00 00 00 00 00 00 00 00 00 00 00 00 00 00 00 00 00 00 00 00 00 00 00 00 00 00 00 00 00 00 00 00 00 00 00 00 00 00 00 00 00 00 00 00 00 00 00 00 00 00 00 00 00 00 00 00 00 00 00 00 00 00 00 00 00 00 00 00 00 00 00 00 00 00 00 00 00 00 00 00 00 00 00 00 00 00 00 00 00 00 00 00 00 00 00 00 00 00 00 00 00 00 00 00 00 00 00 00 00 00 00 00 00 00 00 00 00 00 00 00 00 00 00 00 00 00 00 00 00 00 00 00 00 00 00 00 00 00 00 00 00 00 00 00 00 00 00 00 00 00 00 00 00 00 00 00 00 00 00 00 00 00 00 00 00 00 00 00 00 00 00 00 00 00 00 00 00 00 00 00 00 00 00 00 00 00 00 00 00 00 00 00 00 00 00 00 00 00 00 00 00 00 00 00 00 00 00 00 00 00 00 00 00 00 00 00 00 00 00 00 00 00 00 00 00 00 00 00 00 00 00 00 00 00 00 00 00 00 00 00 00 00 00 00 00 00 00 00 00 00 00 00 00 00 00 00 00 00 00 00 00 00 00 00 00 00 00 00 00 00 00 00 00 00 00 00 00 00 00 00 00 00 00 00 00 00 00 00 00 00 00 00 00 00 00 00 00 00 00 00 00 00 00 00 00 00 00 00 00 00 00 00 00 00 00 00 00 00 00 00 00 00 00 00 00 00 00 00 00 00 00 00 00 00 00 00 00 00 00 00 00 35 57 29 04 0A F7
2026-10-06 03:45:14.849  RX  F0 52 00 6E 64 12 00 50 06 04 50 54 43 46 28 00 00 00 00 02 00 00 00 01 00 00 00 00 00 00 08 00 00 00 00 00 00 00 00 55 53 00 45 52 2D 30 30 32 20 00 20 20 00 00 07 54 58 00 4A 31 00 00 00 00 54 00 58 45 31 00 00 00 00 00 45 44 54 42 18 00 00 00 00 41 00 00 4E 10 20 00 40 06 58 01 00 00 00 00 00 00 00 00 00 00 00 00 00 00 00 00 50 52 4D 00 32 20 00 00 00 00 00 00 00 00 00 00 00 00 00 40 00 0C 00 00 00 00 00 00 00 00 00 00 00 00 00 00 00 00 00 00 00 00 00 40 00 07 4E 41 4D 45 20 00 00 00 00 55 53 45 52 00 2D 30 30 32 20 20 20 00 20 20 20 20 20 20 20 00 20 20 20 20 20 20 20 00 20 20 20 00 00 00 00 00 00 00 00 00 00 00 00 00 00 00 00 00 00 00 00 00 00 00 00 00 00 00 00 00 00 00 00 00 00 00 00 00 00 00 00 00 00 00 00 00 00 00 00 00 00 00 00 00 00 00 00 00 00 00 00 00 00 00 00 00 00 00 00 00 00 00 00 00 00 00 00 00 00 00 00 00 00 00 00 00 00 00 00 00 00 00 00 00 00 00 00 00 00 00 00 00 00 00 00 00 00 00 00 00 00 00 00 00 00 00 00 00 00 00 00 00 00 00 00 00 00 00 00 00 00 00 00 00 00 00 00 00 00 00 00 00 00 00 00 00 00 00 00 00 00 00 00 00 00 00 00 00 00 00 00 00 00 00 00 00 00 00 00 00 00 00 00 00 00 00 00 00 00 00 00 00 00 00 00 00 00 00 00 00 00 00 00 00 00 00 00 00 00 00 00 00 00 00 00 00 00 00 00 00 00 00 00 00 00 00 00 00 00 00 00 00 00 00 00 00 00 00 00 00 00 00 00 00 00 00 00 00 00 00 00 00 00 00 00 00 00 00 00 00 00 00 00 00 00 00 00 00 00 00 00 00 00 00 00 00 00 00 00 00 00 00 00 00 00 00 00 00 00 00 00 00 00 00 00 00 00 00 00 00 00 00 00 00 00 00 00 00 00 00 00 00 00 00 00 00 00 00 00 00 00 00 00 00 00 00 00 00 00 00 00 00 00 00 00 00 00 00 00 00 00 00 00 00 00 00 00 00 00 00 00 00 00 00 00 00 00 00 00 00 00 00 00 00 00 00 00 00 00 00 00 00 00 00 00 00 00 00 00 00 00 00 00 00 00 00 00 00 00 00 00 00 00 00 00 00 00 00 00 00 00 00 00 00 00 00 00 00 00 00 00 00 00 00 00 00 00 00 00 00 00 00 00 00 00 00 00 00 00 00 00 00 00 00 00 00 00 00 00 00 00 00 00 00 00 00 00 00 00 00 00 00 00 00 00 00 00 00 00 00 00 00 00 00 00 00 00 00 00 00 00 00 00 00 00 00 00 00 00 00 00 00 00 00 00 00 00 00 00 00 00 00 00 00 00 00 00 00 00 00 00 00 00 00 00 00 00 00 00 00 00 00 00 00 00 00 00 00 00 00 00 00 00 00 00 00 00 00 00 00 00 00 00 00 00 00 00 00 00 00 00 00 00 00 00 00 00 00 00 00 00 00 00 00 00 00 00 00 00 00 00 00 00 00 00 00 00 00 00 00 00 00 00 00 00 00 00 00 00 00 00 00 00 00 00 00 00 00 00 00 00 00 00 00 00 00 00 00 00 00 00 00 00 00 00 00 00 00 00 00 00 00 00 00 00 00 00 00 00 00 00 00 00 00 00 00 00 00 00 00 00 00 00 00 00 00 00 00 00 00 00 00 00 00 00 00 00 00 00 00 00 00 00 00 00 00 00 00 00 00 00 00 00 00 00 00 00 00 00 00 00 00 00 00 00 00 00 00 00 00 00 00 00 00 00 00 00 00 00 00 00 00 00 00 00 00 00 00 00 00 00 00 00 00 00 00 00 00 00 00 00 00 00 00 00 00 00 00 00 00 00 00 00 00 00 00 00 00 00 00 00 00 00 00 00 00 00 00 00 00 00 00 00 00 00 00 00 00 00 00 00 00 00 00 00 00 00 00 00 00 00 00 00 00 00 00 00 00 00 00 00 00 00 00 00 00 00 00 00 00 00 00 00 00 00 00 00 00 00 00 00 00 00 6B 38 25 67 0D F7
2026-10-06 03:45:15.289  RX  F0 52 00 6E 64 12 00 50 06 04 50 54 43 46 28 00 00 00 00 02 00 00 00 01 00 00 00 00 00 00 08 00 00 00 00 00 00 00 00 55 53 00 45 52 2D 30 30 32 20 00 20 20 00 00 08 54 58 00 4A 31 00 00 00 00 54 00 58 45 31 00 00 00 00 00 45 44 54 42 18 00 00 04 00 41 00 00 10 00 20 00 00 12 48 00 00 1C 40 00 41 01 00 00 00 00 00 00 00 00 00 00 50 52 4D 00 32 20 00 00 00 00 00 00 00 00 00 00 00 00 00 40 00 0C 00 00 00 00 00 00 00 00 00 00 00 00 00 00 00 00 00 00 00 00 00 40 00 07 4E 41 4D 45 20 00 00 00 00 55 53 45 52 00 2D 30 30 32 20 20 20 00 20 20 20 20 20 20 20 00 20 20 20 20 20 20 20 00 20 20 20 00 00 00 00 00 00 00 00 00 00 00 00 00 00 00 00 00 00 00 00 00 00 00 00 00 00 00 00 00 00 00 00 00 00 00 00 00 00 00 00 00 00 00 00 00 00 00 00 00 00 00 00 00 00 00 00 00 00 00 00 00 00 00 00 00 00 00 00 00 00 00 00 00 00 00 00 00 00 00 00 00 00 00 00 00 00 00 00 00 00 00 00 00 00 00 00 00 00 00 00 00 00 00 00 00 00 00 00 00 00 00 00 00 00 00 00 00 00 00 00 00 00 00 00 00 00 00 00 00 00 00 00 00 00 00 00 00 00 00 00 00 00 00 00 00 00 00 00 00 00 00 00 00 00 00 00 00 00 00 00 00 00 00 00 00 00 00 00 00 00 00 00 00 00 00 00 00 00 00 00 00 00 00 00 00 00 00 00 00 00 00 00 00 00 00 00 00 00 00 00 00 00 00 00 00 00 00 00 00 00 00 00 00 00 00 00 00 00 00 00 00 00 00 00 00 00 00 00 00 00 00 00 00 00 00 00 00 00 00 00 00 00 00 00 00 00 00 00 00 00 00 00 00 00 00 00 00 00 00 00 00 00 00 00 00 00 00 00 00 00 00 00 00 00 00 00 00 00 00 00 00 00 00 00 00 00 00 00 00 00 00 00 00 00 00 00 00 00 00 00 00 00 00 00 00 00 00 00 00 00 00 00 00 00 00 00 00 00 00 00 00 00 00 00 00 00 00 00 00 00 00 00 00 00 00 00 00 00 00 00 00 00 00 00 00 00 00 00 00 00 00 00 00 00 00 00 00 00 00 00 00 00 00 00 00 00 00 00 00 00 00 00 00 00 00 00 00 00 00 00 00 00 00 00 00 00 00 00 00 00 00 00 00 00 00 00 00 00 00 00 00 00 00 00 00 00 00 00 00 00 00 00 00 00 00 00 00 00 00 00 00 00 00 00 00 00 00 00 00 00 00 00 00 00 00 00 00 00 00 00 00 00 00 00 00 00 00 00 00 00 00 00 00 00 00 00 00 00 00 00 00 00 00 00 00 00 00 00 00 00 00 00 00 00 00 00 00 00 00 00 00 00 00 00 00 00 00 00 00 00 00 00 00 00 00 00 00 00 00 00 00 00 00 00 00 00 00 00 00 00 00 00 00 00 00 00 00 00 00 00 00 00 00 00 00 00 00 00 00 00 00 00 00 00 00 00 00 00 00 00 00 00 00 00 00 00 00 00 00 00 00 00 00 00 00 00 00 00 00 00 00 00 00 00 00 00 00 00 00 00 00 00 00 00 00 00 00 00 00 00 00 00 00 00 00 00 00 00 00 00 00 00 00 00 00 00 00 00 00 00 00 00 00 00 00 00 00 00 00 00 00 00 00 00 00 00 00 00 00 00 00 00 00 00 00 00 00 00 00 00 00 00 00 00 00 00 00 00 00 00 00 00 00 00 00 00 00 00 00 00 00 00 00 00 00 00 00 00 00 00 00 00 00 00 00 00 00 00 00 00 00 00 00 00 00 00 00 00 00 00 00 00 00 00 00 00 00 00 00 00 00 00 00 00 00 00 00 00 00 00 00 00 00 00 00 00 00 00 00 00 00 00 00 00 00 00 00 00 00 00 00 00 00 00 00 00 00 00 00 00 00 00 00 00 00 00 00 00 00 00 00 00 00 00 00 00 00 00 00 00 00 00 00 00 00 00 00 00 00 00 00 00 00 00 00 00 00 00 00 00 00 00 00 00 00 00 00 00 00 00 00 00 4F 3B 36 3A 0F F7
2026-10-06 03:45:15.948  RX  F0 52 00 6E 64 12 00 50 06 04 50 54 43 46 28 00 00 00 00 02 00 00 00 01 00 00 00 00 00 00 08 00 00 00 00 00 00 00 00 55 53 00 45 52 2D 30 30 32 20 00 20 20 00 00 0A 54 58 00 4A 31 00 00 00 00 54 00 58 45 31 00 00 00 00 00 45 44 54 42 18 00 00 06 00 41 00 00 14 6C 08 10 00 07 20 00 00 00 00 00 00 00 00 00 00 00 00 00 00 00 00 00 50 52 4D 00 32 20 00 00 00 00 00 00 00 00 00 00 00 00 00 40 00 0C 00 00 00 00 00 00 00 00 00 00 00 00 00 00 00 00 00 00 00 00 00 40 00 07 4E 41 4D 45 20 00 00 00 00 55 53 45 52 00 2D 30 30 32 20 20 20 00 20 20 20 20 20 20 20 00 20 20 20 20 20 20 20 00 20 20 20 00 00 00 00 00 00 00 00 00 00 00 00 00 00 00 00 00 00 00 00 00 00 00 00 00 00 00 00 00 00 00 00 00 00 00 00 00 00 00 00 00 00 00 00 00 00 00 00 00 00 00 00 00 00 00 00 00 00 00 00 00 00 00 00 00 00 00 00 00 00 00 00 00 00 00 00 00 00 00 00 00 00 00 00 00 00 00 00 00 00 00 00 00 00 00 00 00 00 00 00 00 00 00 00 00 00 00 00 00 00 00 00 00 00 00 00 00 00 00 00 00 00 00 00 00 00 00 00 00 00 00 00 00 00 00 00 00 00 00 00 00 00 00 00 00 00 00 00 00 00 00 00 00 00 00 00 00 00 00 00 00 00 00 00 00 00 00 00 00 00 00 00 00 00 00 00 00 00 00 00 00 00 00 00 00 00 00 00 00 00 00 00 00 00 00 00 00 00 00 00 00 00 00 00 00 00 00 00 00 00 00 00 00 00 00 00 00 00 00 00 00 00 00 00 00 00 00 00 00 00 00 00 00 00 00 00 00 00 00 00 00 00 00 00 00 00 00 00 00 00 00 00 00 00 00 00 00 00 00 00 00 00 00 00 00 00 00 00 00 00 00 00 00 00 00 00 00 00 00 00 00 00 00 00 00 00 00 00 00 00 00 00 00 00 00 00 00 00 00 00 00 00 00 00 00 00 00 00 00 00 00 00 00 00 00 00 00 00 00 00 00 00 00 00 00 00 00 00 00 00 00 00 00 00 00 00 00 00 00 00 00 00 00 00 00 00 00 00 00 00 00 00 00 00 00 00 00 00 00 00 00 00 00 00 00 00 00 00 00 00 00 00 00 00 00 00 00 00 00 00 00 00 00 00 00 00 00 00 00 00 00 00 00 00 00 00 00 00 00 00 00 00 00 00 00 00 00 00 00 00 00 00 00 00 00 00 00 00 00 00 00 00 00 00 00 00 00 00 00 00 00 00 00 00 00 00 00 00 00 00 00 00 00 00 00 00 00 00 00 00 00 00 00 00 00 00 00 00 00 00 00 00 00 00 00 00 00 00 00 00 00 00 00 00 00 00 00 00 00 00 00 00 00 00 00 00 00 00 00 00 00 00 00 00 00 00 00 00 00 00 00 00 00 00 00 00 00 00 00 00 00 00 00 00 00 00 00 00 00 00 00 00 00 00 00 00 00 00 00 00 00 00 00 00 00 00 00 00 00 00 00 00 00 00 00 00 00 00 00 00 00 00 00 00 00 00 00 00 00 00 00 00 00 00 00 00 00 00 00 00 00 00 00 00 00 00 00 00 00 00 00 00 00 00 00 00 00 00 00 00 00 00 00 00 00 00 00 00 00 00 00 00 00 00 00 00 00 00 00 00 00 00 00 00 00 00 00 00 00 00 00 00 00 00 00 00 00 00 00 00 00 00 00 00 00 00 00 00 00 00 00 00 00 00 00 00 00 00 00 00 00 00 00 00 00 00 00 00 00 00 00 00 00 00 00 00 00 00 00 00 00 00 00 00 00 00 00 00 00 00 00 00 00 00 00 00 00 00 00 00 00 00 00 00 00 00 00 00 00 00 00 00 00 00 00 00 00 00 00 00 00 00 00 00 00 00 00 00 00 00 00 00 00 00 00 00 00 00 00 00 00 00 00 00 00 00 00 00 00 00 00 00 00 00 00 00 00 00 00 00 00 00 00 00 00 00 00 00 00 00 00 00 00 00 00 00 00 00 00 00 00 00 00 00 00 00 00 00 00 00 00 00 48 24 27 75 07 F7
2026-10-06 03:45:16.618  RX  F0 52 00 6E 64 12 00 50 06 04 50 54 43 46 28 00 00 00 00 02 00 00 00 01 00 00 00 00 00 00 08 00 00 00 00 00 00 00 00 55 53 00 45 52 2D 30 30 32 20 00 20 20 00 00 0B 54 58 00 4A 31 00 00 00 00 54 00 58 45 31 00 00 00 00 00 45 44 54 42 18 00 00 00 00 41 00 00 16 01 24 50 40 01 70 00 00 00 00 00 00 00 00 00 00 00 00 00 00 00 00 00 50 52 4D 00 32 20 00 00 00 00 00 00 00 00 00 00 00 00 00 40 00 0C 00 00 00 00 00 00 00 00 00 00 00 00 00 00 00 00 00 00 00 00 00 40 00 07 4E 41 4D 45 20 00 00 00 00 55 53 45 52 00 2D 30 30 32 20 20 20 00 20 20 20 20 20 20 20 00 20 20 20 20 20 20 20 00 20 20 20 00 00 00 00 00 00 00 00 00 00 00 00 00 00 00 00 00 00 00 00 00 00 00 00 00 00 00 00 00 00 00 00 00 00 00 00 00 00 00 00 00 00 00 00 00 00 00 00 00 00 00 00 00 00 00 00 00 00 00 00 00 00 00 00 00 00 00 00 00 00 00 00 00 00 00 00 00 00 00 00 00 00 00 00 00 00 00 00 00 00 00 00 00 00 00 00 00 00 00 00 00 00 00 00 00 00 00 00 00 00 00 00 00 00 00 00 00 00 00 00 00 00 00 00 00 00 00 00 00 00 00 00 00 00 00 00 00 00 00 00 00 00 00 00 00 00 00 00 00 00 00 00 00 00 00 00 00 00 00 00 00 00 00 00 00 00 00 00 00 00 00 00 00 00 00 00 00 00 00 00 00 00 00 00 00 00 00 00 00 00 00 00 00 00 00 00 00 00 00 00 00 00 00 00 00 00 00 00 00 00 00 00 00 00 00 00 00 00 00 00 00 00 00 00 00 00 00 00 00 00 00 00 00 00 00 00 00 00 00 00 00 00 00 00 00 00 00 00 00 00 00 00 00 00 00 00 00 00 00 00 00 00 00 00 00 00 00 00 00 00 00 00 00 00 00 00 00 00 00 00 00 00 00 00 00 00 00 00 00 00 00 00 00 00 00 00 00 00 00 00 00 00 00 00 00 00 00 00 00 00 00 00 00 00 00 00 00 00 00 00 00 00 00 00 00 00 00 00 00 00 00 00 00 00 00 00 00 00 00 00 00 00 00 00 00 00 00 00 00 00 00 00 00 00 00 00 00 00 00 00 00 00 00 00 00 00 00 00 00 00 00 00 00 00 00 00 00 00 00 00 00 00 00 00 00 00 00 00 00 00 00 00 00 00 00 00 00 00 00 00 00 00 00 00 00 00 00 00 00 00 00 00 00 00 00 00 00 00 00 00 00 00 00 00 00 00 00 00 00 00 00 00 00 00 00 00 00 00 00 00 00 00 00 00 00 00 00 00 00 00 00 00 00 00 00 00 00 00 00 00 00 00 00 00 00 00 00 00 00 00 00 00 00 00 00 00 00 00 00 00 00 00 00 00 00 00 00 00 00 00 00 00 00 00 00 00 00 00 00 00 00 00 00 00 00 00 00 00 00 00 00 00 00 00 00 00 00 00 00 00 00 00 00 00 00 00 00 00 00 00 00 00 00 00 00 00 00 00 00 00 00 00 00 00 00 00 00 00 00 00 00 00 00 00 00 00 00 00 00 00 00 00 00 00 00 00 00 00 00 00 00 00 00 00 00 00 00 00 00 00 00 00 00 00 00 00 00 00 00 00 00 00 00 00 00 00 00 00 00 00 00 00 00 00 00 00 00 00 00 00 00 00 00 00 00 00 00 00 00 00 00 00 00 00 00 00 00 00 00 00 00 00 00 00 00 00 00 00 00 00 00 00 00 00 00 00 00 00 00 00 00 00 00 00 00 00 00 00 00 00 00 00 00 00 00 00 00 00 00 00 00 00 00 00 00 00 00 00 00 00 00 00 00 00 00 00 00 00 00 00 00 00 00 00 00 00 00 00 00 00 00 00 00 00 00 00 00 00 00 00 00 00 00 00 00 00 00 00 00 00 00 00 00 00 00 00 00 00 00 00 00 00 00 00 00 00 00 00 00 00 00 00 00 00 00 00 00 00 00 00 00 00 00 00 00 00 00 00 00 00 00 00 00 00 00 00 00 00 00 00 00 00 00 00 00 00 00 00 00 00 00 00 65 31 1E 03 08 F7
2026-10-06 03:45:17.365  RX  F0 52 00 6E 64 12 00 50 06 04 50 54 43 46 28 00 00 00 00 02 00 00 00 01 00 00 00 00 00 00 08 00 00 00 00 00 00 00 00 55 53 00 45 52 2D 30 30 32 20 00 20 30 00 00 0B 54 58 00 4A 31 00 00 00 00 54 00 58 45 31 00 00 00 00 00 45 44 54 42 18 00 00 00 00 61 00 00 16 00 4C 40 00 0C 00 00 00 00 00 00 00 00 00 00 00 00 00 00 00 00 00 00 50 52 4D 00 32 20 00 00 00 00 00 00 00 00 00 00 00 00 00 40 00 0C 00 00 00 00 00 00 00 00 00 00 00 00 00 00 00 00 00 00 00 00 00 40 00 07 4E 41 4D 45 20 00 00 00 00 55 53 45 52 00 2D 30 30 32 20 20 20 00 20 20 20 20 20 20 20 00 20 20 20 20 20 20 20 00 20 20 20 00 00 00 00 00 00 00 00 00 00 00 00 00 00 00 00 00 00 00 00 00 00 00 00 00 00 00 00 00 00 00 00 00 00 00 00 00 00 00 00 00 00 00 00 00 00 00 00 00 00 00 00 00 00 00 00 00 00 00 00 00 00 00 00 00 00 00 00 00 00 00 00 00 00 00 00 00 00 00 00 00 00 00 00 00 00 00 00 00 00 00 00 00 00 00 00 00 00 00 00 00 00 00 00 00 00 00 00 00 00 00 00 00 00 00 00 00 00 00 00 00 00 00 00 00 00 00 00 00 00 00 00 00 00 00 00 00 00 00 00 00 00 00 00 00 00 00 00 00 00 00 00 00 00 00 00 00 00 00 00 00 00 00 00 00 00 00 00 00 00 00 00 00 00 00 00 00 00 00 00 00 00 00 00 00 00 00 00 00 00 00 00 00 00 00 00 00 00 00 00 00 00 00 00 00 00 00 00 00 00 00 00 00 00 00 00 00 00 00 00 00 00 00 00 00 00 00 00 00 00 00 00 00 00 00 00 00 00 00 00 00 00 00 00 00 00 00 00 00 00 00 00 00 00 00 00 00 00 00 00 00 00 00 00 00 00 00 00 00 00 00 00 00 00 00 00 00 00 00 00 00 00 00 00 00 00 00 00 00 00 00 00 00 00 00 00 00 00 00 00 00 00 00 00 00 00 00 00 00 00 00 00 00 00 00 00 00 00 00 00 00 00 00 00 00 00 00 00 00 00 00 00 00 00 00 00 00 00 00 00 00 00 00 00 00 00 00 00 00 00 00 00 00 00 00 00 00 00 00 00 00 00 00 00 00 00 00 00 00 00 00 00 00 00 00 00 00 00 00 00 00 00 00 00 00 00 00 00 00 00 00 00 00 00 00 00 00 00 00 00 00 00 00 00 00 00 00 00 00 00 00 00 00 00 00 00 00 00 00 00 00 00 00 00 00 00 00 00 00 00 00 00 00 00 00 00 00 00 00 00 00 00 00 00 00 00 00 00 00 00 00 00 00 00 00 00 00 00 00 00 00 00 00 00 00 00 00 00 00 00 00 00 00 00 00 00 00 00 00 00 00 00 00 00 00 00 00 00 00 00 00 00 00 00 00 00 00 00 00 00 00 00 00 00 00 00 00 00 00 00 00 00 00 00 00 00 00 00 00 00 00 00 00 00 00 00 00 00 00 00 00 00 00 00 00 00 00 00 00 00 00 00 00 00 00 00 00 00 00 00 00 00 00 00 00 00 00 00 00 00 00 00 00 00 00 00 00 00 00 00 00 00 00 00 00 00 00 00 00 00 00 00 00 00 00 00 00 00 00 00 00 00 00 00 00 00 00 00 00 00 00 00 00 00 00 00 00 00 00 00 00 00 00 00 00 00 00 00 00 00 00 00 00 00 00 00 00 00 00 00 00 00 00 00 00 00 00 00 00 00 00 00 00 00 00 00 00 00 00 00 00 00 00 00 00 00 00 00 00 00 00 00 00 00 00 00 00 00 00 00 00 00 00 00 00 00 00 00 00 00 00 00 00 00 00 00 00 00 00 00 00 00 00 00 00 00 00 00 00 00 00 00 00 00 00 00 00 00 00 00 00 00 00 00 00 00 00 00 00 00 00 00 00 00 00 00 00 00 00 00 00 00 00 00 00 00 00 00 00 00 00 00 00 00 00 00 00 00 00 00 00 00 00 00 00 00 00 00 00 00 00 00 00 00 00 00 00 00 00 00 00 00 00 00 00 00 00 00 00 00 00 00 42 14 3A 3A 03 F7
2026-10-06 03:45:17.646  RX  F0 52 00 6E 64 12 00 50 06 04 50 54 43 46 28 00 00 00 00 02 00 00 00 01 00 00 00 00 00 00 08 00 00 00 00 00 00 00 00 55 53 00 45 52 2D 30 30 32 20 00 20 50 00 00 0B 54 58 00 4A 31 00 00 00 00 54 00 58 45 31 00 00 00 00 00 45 44 54 42 18 00 00 20 00 21 00 00 16 0C 24 40 00 0B 00 00 00 00 00 00 00 00 00 00 00 00 00 00 00 00 00 00 50 52 4D 00 32 20 00 00 00 00 00 00 00 00 00 00 00 00 00 40 00 0C 00 00 00 00 00 00 00 00 00 00 00 00 00 00 00 00 00 00 00 00 00 40 00 07 4E 41 4D 45 20 00 00 00 00 55 53 45 52 00 2D 30 30 32 20 20 20 00 20 20 20 20 20 20 20 00 20 20 20 20 20 20 20 00 20 20 20 00 00 00 00 00 00 00 00 00 00 00 00 00 00 00 00 00 00 00 00 00 00 00 00 00 00 00 00 00 00 00 00 00 00 00 00 00 00 00 00 00 00 00 00 00 00 00 00 00 00 00 00 00 00 00 00 00 00 00 00 00 00 00 00 00 00 00 00 00 00 00 00 00 00 00 00 00 00 00 00 00 00 00 00 00 00 00 00 00 00 00 00 00 00 00 00 00 00 00 00 00 00 00 00 00 00 00 00 00 00 00 00 00 00 00 00 00 00 00 00 00 00 00 00 00 00 00 00 00 00 00 00 00 00 00 00 00 00 00 00 00 00 00 00 00 00 00 00 00 00 00 00 00 00 00 00 00 00 00 00 00 00 00 00 00 00 00 00 00 00 00 00 00 00 00 00 00 00 00 00 00 00 00 00 00 00 00 00 00 00 00 00 00 00 00 00 00 00 00 00 00 00 00 00 00 00 00 00 00 00 00 00 00 00 00 00 00 00 00 00 00 00 00 00 00 00 00 00 00 00 00 00 00 00 00 00 00 00 00 00 00 00 00 00 00 00 00 00 00 00 00 00 00 00 00 00 00 00 00 00 00 00 00 00 00 00 00 00 00 00 00 00 00 00 00 00 00 00 00 00 00 00 00 00 00 00 00 00 00 00 00 00 00 00 00 00 00 00 00 00 00 00 00 00 00 00 00 00 00 00 00 00 00 00 00 00 00 00 00 00 00 00 00 00 00 00 00 00 00 00 00 00 00 00 00 00 00 00 00 00 00 00 00 00 00 00 00 00 00 00 00 00 00 00 00 00 00 00 00 00 00 00 00 00 00 00 00 00 00 00 00 00 00 00 00 00 00 00 00 00 00 00 00 00 00 00 00 00 00 00 00 00 00 00 00 00 00 00 00 00 00 00 00 00 00 00 00 00 00 00 00 00 00 00 00 00 00 00 00 00 00 00 00 00 00 00 00 00 00 00 00 00 00 00 00 00 00 00 00 00 00 00 00 00 00 00 00 00 00 00 00 00 00 00 00 00 00 00 00 00 00 00 00 00 00 00 00 00 00 00 00 00 00 00 00 00 00 00 00 00 00 00 00 00 00 00 00 00 00 00 00 00 00 00 00 00 00 00 00 00 00 00 00 00 00 00 00 00 00 00 00 00 00 00 00 00 00 00 00 00 00 00 00 00 00 00 00 00 00 00 00 00 00 00 00 00 00 00 00 00 00 00 00 00 00 00 00 00 00 00 00 00 00 00 00 00 00 00 00 00 00 00 00 00 00 00 00 00 00 00 00 00 00 00 00 00 00 00 00 00 00 00 00 00 00 00 00 00 00 00 00 00 00 00 00 00 00 00 00 00 00 00 00 00 00 00 00 00 00 00 00 00 00 00 00 00 00 00 00 00 00 00 00 00 00 00 00 00 00 00 00 00 00 00 00 00 00 00 00 00 00 00 00 00 00 00 00 00 00 00 00 00 00 00 00 00 00 00 00 00 00 00 00 00 00 00 00 00 00 00 00 00 00 00 00 00 00 00 00 00 00 00 00 00 00 00 00 00 00 00 00 00 00 00 00 00 00 00 00 00 00 00 00 00 00 00 00 00 00 00 00 00 00 00 00 00 00 00 00 00 00 00 00 00 00 00 00 00 00 00 00 00 00 00 00 00 00 00 00 00 00 00 00 00 00 00 00 00 00 00 00 00 00 00 00 00 00 00 00 00 00 00 00 00 00 00 00 00 00 00 00 00 00 00 00 00 00 00 00 00 00 00 76 14 14 3B 08 F7
2026-10-06 03:45:17.926  RX  F0 52 00 6E 64 12 00 50 06 04 50 54 43 46 28 00 00 00 00 02 00 00 00 01 00 00 00 00 00 00 08 00 00 00 00 00 00 00 00 55 53 00 45 52 2D 30 30 32 20 00 20 60 00 00 0B 54 58 00 4A 31 00 00 00 00 54 00 58 45 31 00 00 00 00 00 45 44 54 42 18 00 00 20 00 41 00 00 16 0C 24 10 40 01 38 00 00 00 00 00 00 00 00 00 00 00 00 00 00 00 00 00 50 52 4D 00 32 20 00 00 00 00 00 00 00 00 00 00 00 00 00 40 00 0C 00 00 00 00 00 00 00 00 00 00 00 00 00 00 00 00 00 00 00 00 00 40 00 07 4E 41 4D 45 20 00 00 00 00 55 53 45 52 00 2D 30 30 32 20 20 20 00 20 20 20 20 20 20 20 00 20 20 20 20 20 20 20 00 20 20 20 00 00 00 00 00 00 00 00 00 00 00 00 00 00 00 00 00 00 00 00 00 00 00 00 00 00 00 00 00 00 00 00 00 00 00 00 00 00 00 00 00 00 00 00 00 00 00 00 00 00 00 00 00 00 00 00 00 00 00 00 00 00 00 00 00 00 00 00 00 00 00 00 00 00 00 00 00 00 00 00 00 00 00 00 00 00 00 00 00 00 00 00 00 00 00 00 00 00 00 00 00 00 00 00 00 00 00 00 00 00 00 00 00 00 00 00 00 00 00 00 00 00 00 00 00 00 00 00 00 00 00 00 00 00 00 00 00 00 00 00 00 00 00 00 00 00 00 00 00 00 00 00 00 00 00 00 00 00 00 00 00 00 00 00 00 00 00 00 00 00 00 00 00 00 00 00 00 00 00 00 00 00 00 00 00 00 00 00 00 00 00 00 00 00 00 00 00 00 00 00 00 00 00 00 00 00 00 00 00 00 00 00 00 00 00 00 00 00 00 00 00 00 00 00 00 00 00 00 00 00 00 00 00 00 00 00 00 00 00 00 00 00 00 00 00 00 00 00 00 00 00 00 00 00 00 00 00 00 00 00 00 00 00 00 00 00 00 00 00 00 00 00 00 00 00 00 00 00 00 00 00 00 00 00 00 00 00 00 00 00 00 00 00 00 00 00 00 00 00 00 00 00 00 00 00 00 00 00 00 00 00 00 00 00 00 00 00 00 00 00 00 00 00 00 00 00 00 00 00 00 00 00 00 00 00 00 00 00 00 00 00 00 00 00 00 00 00 00 00 00 00 00 00 00 00 00 00 00 00 00 00 00 00 00 00 00 00 00 00 00 00 00 00 00 00 00 00 00 00 00 00 00 00 00 00 00 00 00 00 00 00 00 00 00 00 00 00 00 00 00 00 00 00 00 00 00 00 00 00 00 00 00 00 00 00 00 00 00 00 00 00 00 00 00 00 00 00 00 00 00 00 00 00 00 00 00 00 00 00 00 00 00 00 00 00 00 00 00 00 00 00 00 00 00 00 00 00 00 00 00 00 00 00 00 00 00 00 00 00 00 00 00 00 00 00 00 00 00 00 00 00 00 00 00 00 00 00 00 00 00 00 00 00 00 00 00 00 00 00 00 00 00 00 00 00 00 00 00 00 00 00 00 00 00 00 00 00 00 00 00 00 00 00 00 00 00 00 00 00 00 00 00 00 00 00 00 00 00 00 00 00 00 00 00 00 00 00 00 00 00 00 00 00 00 00 00 00 00 00 00 00 00 00 00 00 00 00 00 00 00 00 00 00 00 00 00 00 00 00 00 00 00 00 00 00 00 00 00 00 00 00 00 00 00 00 00 00 00 00 00 00 00 00 00 00 00 00 00 00 00 00 00 00 00 00 00 00 00 00 00 00 00 00 00 00 00 00 00 00 00 00 00 00 00 00 00 00 00 00 00 00 00 00 00 00 00 00 00 00 00 00 00 00 00 00 00 00 00 00 00 00 00 00 00 00 00 00 00 00 00 00 00 00 00 00 00 00 00 00 00 00 00 00 00 00 00 00 00 00 00 00 00 00 00 00 00 00 00 00 00 00 00 00 00 00 00 00 00 00 00 00 00 00 00 00 00 00 00 00 00 00 00 00 00 00 00 00 00 00 00 00 00 00 00 00 00 00 00 00 00 00 00 00 00 00 00 00 00 00 00 00 00 00 00 00 00 00 00 00 00 00 00 00 00 00 00 00 00 00 00 00 00 00 00 00 00 00 00 00 00 00 00 13 58 12 36 01 F7
2026-10-06 03:45:18.382  RX  F0 52 00 6E 64 12 00 50 06 04 50 54 43 46 28 00 00 00 00 02 00 00 00 01 00 00 00 00 00 00 08 00 00 00 00 00 00 00 00 55 53 00 45 52 2D 30 30 32 20 20 20 00 00 00 0B 54 58 00 4A 31 00 00 00 00 54 00 58 45 31 00 00 00 00 00 45 44 54 42 18 00 00 04 00 01 01 00 56 04 14 00 00 0F 00 00 00 00 00 00 00 00 00 00 00 00 00 00 00 00 00 00 50 52 4D 00 32 20 00 00 00 00 00 00 00 00 00 00 00 00 00 40 00 0C 00 00 00 00 00 00 00 00 00 00 00 00 00 00 00 00 00 00 00 00 00 40 00 07 4E 41 4D 45 20 00 00 00 00 55 53 45 52 00 2D 30 30 32 20 20 20 00 20 20 20 20 20 20 20 00 20 20 20 20 20 20 20 00 20 20 20 00 00 00 00 00 00 00 00 00 00 00 00 00 00 00 00 00 00 00 00 00 00 00 00 00 00 00 00 00 00 00 00 00 00 00 00 00 00 00 00 00 00 00 00 00 00 00 00 00 00 00 00 00 00 00 00 00 00 00 00 00 00 00 00 00 00 00 00 00 00 00 00 00 00 00 00 00 00 00 00 00 00 00 00 00 00 00 00 00 00 00 00 00 00 00 00 00 00 00 00 00 00 00 00 00 00 00 00 00 00 00 00 00 00 00 00 00 00 00 00 00 00 00 00 00 00 00 00 00 00 00 00 00 00 00 00 00 00 00 00 00 00 00 00 00 00 00 00 00 00 00 00 00 00 00 00 00 00 00 00 00 00 00 00 00 00 00 00 00 00 00 00 00 00 00 00 00 00 00 00 00 00 00 00 00 00 00 00 00 00 00 00 00 00 00 00 00 00 00 00 00 00 00 00 00 00 00 00 00 00 00 00 00 00 00 00 00 00 00 00 00 00 00 00 00 00 00 00 00 00 00 00 00 00 00 00 00 00 00 00 00 00 00 00 00 00 00 00 00 00 00 00 00 00 00 00 00 00 00 00 00 00 00 00 00 00 00 00 00 00 00 00 00 00 00 00 00 00 00 00 00 00 00 00 00 00 00 00 00 00 00 00 00 00 00 00 00 00 00 00 00 00 00 00 00 00 00 00 00 00 00 00 00 00 00 00 00 00 00 00 00 00 00 00 00 00 00 00 00 00 00 00 00 00 00 00 00 00 00 00 00 00 00 00 00 00 00 00 00 00 00 00 00 00 00 00 00 00 00 00 00 00 00 00 00 00 00 00 00 00 00 00 00 00 00 00 00 00 00 00 00 00 00 00 00 00 00 00 00 00 00 00 00 00 00 00 00 00 00 00 00 00 00 00 00 00 00 00 00 00 00 00 00 00 00 00 00 00 00 00 00 00 00 00 00 00 00 00 00 00 00 00 00 00 00 00 00 00 00 00 00 00 00 00 00 00 00 00 00 00 00 00 00 00 00 00 00 00 00 00 00 00 00 00 00 00 00 00 00 00 00 00 00 00 00 00 00 00 00 00 00 00 00 00 00 00 00 00 00 00 00 00 00 00 00 00 00 00 00 00 00 00 00 00 00 00 00 00 00 00 00 00 00 00 00 00 00 00 00 00 00 00 00 00 00 00 00 00 00 00 00 00 00 00 00 00 00 00 00 00 00 00 00 00 00 00 00 00 00 00 00 00 00 00 00 00 00 00 00 00 00 00 00 00 00 00 00 00 00 00 00 00 00 00 00 00 00 00 00 00 00 00 00 00 00 00 00 00 00 00 00 00 00 00 00 00 00 00 00 00 00 00 00 00 00 00 00 00 00 00 00 00 00 00 00 00 00 00 00 00 00 00 00 00 00 00 00 00 00 00 00 00 00 00 00 00 00 00 00 00 00 00 00 00 00 00 00 00 00 00 00 00 00 00 00 00 00 00 00 00 00 00 00 00 00 00 00 00 00 00 00 00 00 00 00 00 00 00 00 00 00 00 00 00 00 00 00 00 00 00 00 00 00 00 00 00 00 00 00 00 00 00 00 00 00 00 00 00 00 00 00 00 00 00 00 00 00 00 00 00 00 00 00 00 00 00 00 00 00 00 00 00 00 00 00 00 00 00 00 00 00 00 00 00 00 00 00 00 00 00 00 00 00 00 00 00 00 00 00 00 00 00 00 00 00 00 00 00 00 00 00 00 00 00 00 00 00 00 00 00 00 00 29 34 78 27 04 F7
2026-10-06 03:45:19.102  RX  F0 52 00 6E 64 12 00 50 06 04 50 54 43 46 28 00 00 00 00 02 00 00 00 01 00 00 00 00 00 00 08 00 00 00 00 00 00 00 00 55 53 00 45 52 2D 30 30 32 20 00 20 20 20 00 0B 54 58 00 4A 31 00 00 00 00 54 00 58 45 31 00 00 00 00 00 45 44 54 42 18 00 00 05 00 41 40 00 16 0C 10 40 01 0C 40 41 00 00 00 00 00 00 00 00 00 00 00 00 00 00 00 00 50 52 4D 00 32 20 00 00 00 00 00 00 00 00 00 00 00 00 00 40 00 0C 00 00 00 00 00 00 00 00 00 00 00 00 00 00 00 00 00 00 00 00 00 40 00 07 4E 41 4D 45 20 00 00 00 00 55 53 45 52 00 2D 30 30 32 20 20 20 00 20 20 20 20 20 20 20 00 20 20 20 20 20 20 20 00 20 20 20 00 00 00 00 00 00 00 00 00 00 00 00 00 00 00 00 00 00 00 00 00 00 00 00 00 00 00 00 00 00 00 00 00 00 00 00 00 00 00 00 00 00 00 00 00 00 00 00 00 00 00 00 00 00 00 00 00 00 00 00 00 00 00 00 00 00 00 00 00 00 00 00 00 00 00 00 00 00 00 00 00 00 00 00 00 00 00 00 00 00 00 00 00 00 00 00 00 00 00 00 00 00 00 00 00 00 00 00 00 00 00 00 00 00 00 00 00 00 00 00 00 00 00 00 00 00 00 00 00 00 00 00 00 00 00 00 00 00 00 00 00 00 00 00 00 00 00 00 00 00 00 00 00 00 00 00 00 00 00 00 00 00 00 00 00 00 00 00 00 00 00 00 00 00 00 00 00 00 00 00 00 00 00 00 00 00 00 00 00 00 00 00 00 00 00 00 00 00 00 00 00 00 00 00 00 00 00 00 00 00 00 00 00 00 00 00 00 00 00 00 00 00 00 00 00 00 00 00 00 00 00 00 00 00 00 00 00 00 00 00 00 00 00 00 00 00 00 00 00 00 00 00 00 00 00 00 00 00 00 00 00 00 00 00 00 00 00 00 00 00 00 00 00 00 00 00 00 00 00 00 00 00 00 00 00 00 00 00 00 00 00 00 00 00 00 00 00 00 00 00 00 00 00 00 00 00 00 00 00 00 00 00 00 00 00 00 00 00 00 00 00 00 00 00 00 00 00 00 00 00 00 00 00 00 00 00 00 00 00 00 00 00 00 00 00 00 00 00 00 00 00 00 00 00 00 00 00 00 00 00 00 00 00 00 00 00 00 00 00 00 00 00 00 00 00 00 00 00 00 00 00 00 00 00 00 00 00 00 00 00 00 00 00 00 00 00 00 00 00 00 00 00 00 00 00 00 00 00 00 00 00 00 00 00 00 00 00 00 00 00 00 00 00 00 00 00 00 00 00 00 00 00 00 00 00 00 00 00 00 00 00 00 00 00 00 00 00 00 00 00 00 00 00 00 00 00 00 00 00 00 00 00 00 00 00 00 00 00 00 00 00 00 00 00 00 00 00 00 00 00 00 00 00 00 00 00 00 00 00 00 00 00 00 00 00 00 00 00 00 00 00 00 00 00 00 00 00 00 00 00 00 00 00 00 00 00 00 00 00 00 00 00 00 00 00 00 00 00 00 00 00 00 00 00 00 00 00 00 00 00 00 00 00 00 00 00 00 00 00 00 00 00 00 00 00 00 00 00 00 00 00 00 00 00 00 00 00 00 00 00 00 00 00 00 00 00 00 00 00 00 00 00 00 00 00 00 00 00 00 00 00 00 00 00 00 00 00 00 00 00 00 00 00 00 00 00 00 00 00 00 00 00 00 00 00 00 00 00 00 00 00 00 00 00 00 00 00 00 00 00 00 00 00 00 00 00 00 00 00 00 00 00 00 00 00 00 00 00 00 00 00 00 00 00 00 00 00 00 00 00 00 00 00 00 00 00 00 00 00 00 00 00 00 00 00 00 00 00 00 00 00 00 00 00 00 00 00 00 00 00 00 00 00 00 00 00 00 00 00 00 00 00 00 00 00 00 00 00 00 00 00 00 00 00 00 00 00 00 00 00 00 00 00 00 00 00 00 00 00 00 00 00 00 00 00 00 00 00 00 00 00 00 00 00 00 00 00 00 00 00 00 00 00 00 00 00 00 00 00 00 00 00 00 00 00 00 00 00 00 00 00 00 00 00 00 00 00 00 00 00 00 00 25 2B 53 2C 03 F7
2026-10-06 03:45:20.381  RX  F0 52 00 6E 64 12 00 50 06 04 50 54 43 46 28 00 00 00 00 02 00 00 00 01 00 00 00 00 00 00 08 00 00 00 00 00 00 00 00 55 53 00 45 52 2D 30 30 32 20 00 20 40 20 00 0B 54 58 00 4A 31 00 00 00 00 54 00 58 45 31 00 00 00 00 00 45 44 54 42 18 00 00 25 00 01 40 00 16 0C 10 58 01 0C 10 41 05 40 05 00 00 00 00 00 00 00 00 00 00 00 00 00 50 52 4D 00 32 20 00 00 00 00 00 00 00 00 00 00 00 00 00 40 00 0C 00 00 00 00 00 00 00 00 00 00 00 00 00 00 00 00 00 00 00 00 00 40 00 07 4E 41 4D 45 20 00 00 00 00 55 53 45 52 00 2D 30 30 32 20 20 20 00 20 20 20 20 20 20 20 00 20 20 20 20 20 20 20 00 20 20 20 00 00 00 00 00 00 00 00 00 00 00 00 00 00 00 00 00 00 00 00 00 00 00 00 00 00 00 00 00 00 00 00 00 00 00 00 00 00 00 00 00 00 00 00 00 00 00 00 00 00 00 00 00 00 00 00 00 00 00 00 00 00 00 00 00 00 00 00 00 00 00 00 00 00 00 00 00 00 00 00 00 00 00 00 00 00 00 00 00 00 00 00 00 00 00 00 00 00 00 00 00 00 00 00 00 00 00 00 00 00 00 00 00 00 00 00 00 00 00 00 00 00 00 00 00 00 00 00 00 00 00 00 00 00 00 00 00 00 00 00 00 00 00 00 00 00 00 00 00 00 00 00 00 00 00 00 00 00 00 00 00 00 00 00 00 00 00 00 00 00 00 00 00 00 00 00 00 00 00 00 00 00 00 00 00 00 00 00 00 00 00 00 00 00 00 00 00 00 00 00 00 00 00 00 00 00 00 00 00 00 00 00 00 00 00 00 00 00 00 00 00 00 00 00 00 00 00 00 00 00 00 00 00 00 00 00 00 00 00 00 00 00 00 00 00 00 00 00 00 00 00 00 00 00 00 00 00 00 00 00 00 00 00 00 00 00 00 00 00 00 00 00 00 00 00 00 00 00 00 00 00 00 00 00 00 00 00 00 00 00 00 00 00 00 00 00 00 00 00 00 00 00 00 00 00 00 00 00 00 00 00 00 00 00 00 00 00 00 00 00 00 00 00 00 00 00 00 00 00 00 00 00 00 00 00 00 00 00 00 00 00 00 00 00 00 00 00 00 00 00 00 00 00 00 00 00 00 00 00 00 00 00 00 00 00 00 00 00 00 00 00 00 00 00 00 00 00 00 00 00 00 00 00 00 00 00 00 00 00 00 00 00 00 00 00 00 00 00 00 00 00 00 00 00 00 00 00 00 00 00 00 00 00 00 00 00 00 00 00 00 00 00 00 00 00 00 00 00 00 00 00 00 00 00 00 00 00 00 00 00 00 00 00 00 00 00 00 00 00 00 00 00 00 00 00 00 00 00 00 00 00 00 00 00 00 00 00 00 00 00 00 00 00 00 00 00 00 00 00 00 00 00 00 00 00 00 00 00 00 00 00 00 00 00 00 00 00 00 00 00 00 00 00 00 00 00 00 00 00 00 00 00 00 00 00 00 00 00 00 00 00 00 00 00 00 00 00 00 00 00 00 00 00 00 00 00 00 00 00 00 00 00 00 00 00 00 00 00 00 00 00 00 00 00 00 00 00 00 00 00 00 00 00 00 00 00 00 00 00 00 00 00 00 00 00 00 00 00 00 00 00 00 00 00 00 00 00 00 00 00 00 00 00 00 00 00 00 00 00 00 00 00 00 00 00 00 00 00 00 00 00 00 00 00 00 00 00 00 00 00 00 00 00 00 00 00 00 00 00 00 00 00 00 00 00 00 00 00 00 00 00 00 00 00 00 00 00 00 00 00 00 00 00 00 00 00 00 00 00 00 00 00 00 00 00 00 00 00 00 00 00 00 00 00 00 00 00 00 00 00 00 00 00 00 00 00 00 00 00 00 00 00 00 00 00 00 00 00 00 00 00 00 00 00 00 00 00 00 00 00 00 00 00 00 00 00 00 00 00 00 00 00 00 00 00 00 00 00 00 00 00 00 00 00 00 00 00 00 00 00 00 00 00 00 00 00 00 00 00 00 00 00 00 00 00 00 00 00 00 00 00 00 00 00 00 00 00 00 00 00 00 00 00 00 00 00 00 00 00 00 00 00 19 71 4B 28 0F F7
2026-10-06 03:45:21.228  RX  F0 52 00 6E 64 12 00 50 06 04 50 54 43 46 28 00 00 00 00 02 00 00 00 01 00 00 00 00 00 00 08 00 00 00 00 00 00 00 00 55 53 00 45 52 2D 30 30 32 20 00 20 40 20 00 0B 54 58 00 4A 31 00 00 00 00 54 00 58 45 31 00 00 00 00 00 45 44 54 42 18 00 00 25 00 01 40 00 16 0C 10 58 01 0C 10 41 05 40 05 00 00 00 00 00 00 00 00 00 00 00 00 00 50 52 4D 00 32 20 00 00 00 00 00 00 00 00 00 00 00 00 00 40 00 0C 00 00 00 00 00 00 00 00 00 00 00 00 00 00 00 00 00 00 00 00 00 40 00 07 4E 41 4D 45 20 00 00 00 00 55 53 45 52 00 2D 30 30 32 20 20 20 00 20 20 20 20 20 20 20 00 20 20 20 20 20 20 20 00 20 20 20 00 00 00 00 00 00 00 00 00 00 00 00 00 00 00 00 00 00 00 00 00 00 00 00 00 00 00 00 00 00 00 00 00 00 00 00 00 00 00 00 00 00 00 00 00 00 00 00 00 00 00 00 00 00 00 00 00 00 00 00 00 00 00 00 00 00 00 00 00 00 00 00 00 00 00 00 00 00 00 00 00 00 00 00 00 00 00 00 00 00 00 00 00 00 00 00 00 00 00 00 00 00 00 00 00 00 00 00 00 00 00 00 00 00 00 00 00 00 00 00 00 00 00 00 00 00 00 00 00 00 00 00 00 00 00 00 00 00 00 00 00 00 00 00 00 00 00 00 00 00 00 00 00 00 00 00 00 00 00 00 00 00 00 00 00 00 00 00 00 00 00 00 00 00 00 00 00 00 00 00 00 00 00 00 00 00 00 00 00 00 00 00 00 00 00 00 00 00 00 00 00 00 00 00 00 00 00 00 00 00 00 00 00 00 00 00 00 00 00 00 00 00 00 00 00 00 00 00 00 00 00 00 00 00 00 00 00 00 00 00 00 00 00 00 00 00 00 00 00 00 00 00 00 00 00 00 00 00 00 00 00 00 00 00 00 00 00 00 00 00 00 00 00 00 00 00 00 00 00 00 00 00 00 00 00 00 00 00 00 00 00 00 00 00 00 00 00 00 00 00 00 00 00 00 00 00 00 00 00 00 00 00 00 00 00 00 00 00 00 00 00 00 00 00 00 00 00 00 00 00 00 00 00 00 00 00 00 00 00 00 00 00 00 00 00 00 00 00 00 00 00 00 00 00 00 00 00 00 00 00 00 00 00 00 00 00 00 00 00 00 00 00 00 00 00 00 00 00 00 00 00 00 00 00 00 00 00 00 00 00 00 00 00 00 00 00 00 00 00 00 00 00 00 00 00 00 00 00 00 00 00 00 00 00 00 00 00 00 00 00 00 00 00 00 00 00 00 00 00 00 00 00 00 00 00 00 00 00 00 00 00 00 00 00 00 00 00 00 00 00 00 00 00 00 00 00 00 00 00 00 00 00 00 00 00 00 00 00 00 00 00 00 00 00 00 00 00 00 00 00 00 00 00 00 00 00 00 00 00 00 00 00 00 00 00 00 00 00 00 00 00 00 00 00 00 00 00 00 00 00 00 00 00 00 00 00 00 00 00 00 00 00 00 00 00 00 00 00 00 00 00 00 00 00 00 00 00 00 00 00 00 00 00 00 00 00 00 00 00 00 00 00 00 00 00 00 00 00 00 00 00 00 00 00 00 00 00 00 00 00 00 00 00 00 00 00 00 00 00 00 00 00 00 00 00 00 00 00 00 00 00 00 00 00 00 00 00 00 00 00 00 00 00 00 00 00 00 00 00 00 00 00 00 00 00 00 00 00 00 00 00 00 00 00 00 00 00 00 00 00 00 00 00 00 00 00 00 00 00 00 00 00 00 00 00 00 00 00 00 00 00 00 00 00 00 00 00 00 00 00 00 00 00 00 00 00 00 00 00 00 00 00 00 00 00 00 00 00 00 00 00 00 00 00 00 00 00 00 00 00 00 00 00 00 00 00 00 00 00 00 00 00 00 00 00 00 00 00 00 00 00 00 00 00 00 00 00 00 00 00 00 00 00 00 00 00 00 00 00 00 00 00 00 00 00 00 00 00 00 00 00 00 00 00 00 00 00 00 00 00 00 00 00 00 00 00 00 00 00 00 00 00 00 00 00 00 00 00 00 00 00 00 00 00 00 00 00 00 00 00 00 00 19 71 4B 28 0F F7
2026-10-06 03:45:29.813  RX  F0 52 00 6E 64 26 00 00 09 00 03 00 F7
2026-10-06 03:45:29.813  --  Patch 9/3: kein Mapping, Expression wird ignoriert
2026-10-06 03:45:29.829  RX  F0 52 00 6E 64 20 00 64 02 78 00 00 00 00 F7
2026-10-06 03:45:29.829  RX  control_change channel=0 control=0 value=0 time=0
2026-10-06 03:45:29.831  RX  control_change channel=0 control=32 value=9 time=0
2026-10-06 03:45:29.831  RX  program_change channel=0 program=3 time=0
2026-10-06 03:45:30.764  RX  F0 52 00 6E 64 26 00 00 09 00 04 00 F7
2026-10-06 03:45:30.764  --  Patch 9/4: Expression → Slot 0, Param 2, 0–100
2026-10-06 03:45:30.782  RX  F0 52 00 6E 64 20 00 64 02 78 00 00 00 00 F7
2026-10-06 03:45:30.783  RX  control_change channel=0 control=0 value=0 time=0
2026-10-06 03:45:30.784  RX  control_change channel=0 control=32 value=9 time=0
2026-10-06 03:45:30.784  RX  program_change channel=0 program=4 time=0
2026-10-06 03:45:31.171  RX  F0 52 00 6E 64 26 00 00 09 00 05 00 F7
2026-10-06 03:45:31.171  --  Patch 9/5: kein Mapping, Expression wird ignoriert
2026-10-06 03:45:31.207  RX  F0 52 00 6E 64 20 00 64 02 78 00 00 00 00 F7
2026-10-06 03:45:31.207  RX  control_change channel=0 control=0 value=0 time=0
2026-10-06 03:45:31.207  RX  control_change channel=0 control=32 value=9 time=0
2026-10-06 03:45:31.209  RX  program_change channel=0 program=5 time=0
2026-10-06 03:45:31.653  RX  F0 52 00 6E 64 26 00 00 09 00 04 00 F7
2026-10-06 03:45:31.653  --  Patch 9/4: Expression → Slot 0, Param 2, 0–100
2026-10-06 03:45:31.670  RX  F0 52 00 6E 64 20 00 64 02 78 00 00 00 00 F7
2026-10-06 03:45:31.672  RX  control_change channel=0 control=0 value=0 time=0
2026-10-06 03:45:31.672  RX  control_change channel=0 control=32 value=9 time=0
2026-10-06 03:45:31.672  RX  program_change channel=0 program=4 time=0
2026-10-06 03:45:35.564  RX  F0 52 00 6E 64 12 00 50 06 04 50 54 43 46 28 00 00 00 00 02 00 00 00 01 00 00 00 00 00 00 08 00 00 00 00 00 00 00 00 55 53 00 45 52 2D 30 30 32 20 00 20 70 20 00 01 54 58 00 4A 31 00 00 00 00 54 00 58 45 31 00 00 00 00 00 45 44 54 42 18 00 00 21 00 61 40 00 02 0F 7C 41 00 07 40 01 0B 3C 39 40 54 40 01 00 00 00 00 00 00 00 00 00 50 52 4D 00 32 20 00 00 00 00 00 00 00 00 00 00 00 00 00 40 00 0C 00 00 00 00 00 00 00 00 00 00 00 00 00 00 00 00 00 00 00 00 00 40 00 07 4E 41 4D 45 20 00 00 00 00 55 53 45 52 00 2D 30 30 32 20 20 20 00 20 20 20 20 20 20 20 00 20 20 20 20 20 20 20 00 20 20 20 00 00 00 00 00 00 00 00 00 00 00 00 00 00 00 00 00 00 00 00 00 00 00 00 00 00 00 00 00 00 00 00 00 00 00 00 00 00 00 00 00 00 00 00 00 00 00 00 00 00 00 00 00 00 00 00 00 00 00 00 00 00 00 00 00 00 00 00 00 00 00 00 00 00 00 00 00 00 00 00 00 00 00 00 00 00 00 00 00 00 00 00 00 00 00 00 00 00 00 00 00 00 00 00 00 00 00 00 00 00 00 00 00 00 00 00 00 00 00 00 00 00 00 00 00 00 00 00 00 00 00 00 00 00 00 00 00 00 00 00 00 00 00 00 00 00 00 00 00 00 00 00 00 00 00 00 00 00 00 00 00 00 00 00 00 00 00 00 00 00 00 00 00 00 00 00 00 00 00 00 00 00 00 00 00 00 00 00 00 00 00 00 00 00 00 00 00 00 00 00 00 00 00 00 00 00 00 00 00 00 00 00 00 00 00 00 00 00 00 00 00 00 00 00 00 00 00 00 00 00 00 00 00 00 00 00 00 00 00 00 00 00 00 00 00 00 00 00 00 00 00 00 00 00 00 00 00 00 00 00 00 00 00 00 00 00 00 00 00 00 00 00 00 00 00 00 00 00 00 00 00 00 00 00 00 00 00 00 00 00 00 00 00 00 00 00 00 00 00 00 00 00 00 00 00 00 00 00 00 00 00 00 00 00 00 00 00 00 00 00 00 00 00 00 00 00 00 00 00 00 00 00 00 00 00 00 00 00 00 00 00 00 00 00 00 00 00 00 00 00 00 00 00 00 00 00 00 00 00 00 00 00 00 00 00 00 00 00 00 00 00 00 00 00 00 00 00 00 00 00 00 00 00 00 00 00 00 00 00 00 00 00 00 00 00 00 00 00 00 00 00 00 00 00 00 00 00 00 00 00 00 00 00 00 00 00 00 00 00 00 00 00 00 00 00 00 00 00 00 00 00 00 00 00 00 00 00 00 00 00 00 00 00 00 00 00 00 00 00 00 00 00 00 00 00 00 00 00 00 00 00 00 00 00 00 00 00 00 00 00 00 00 00 00 00 00 00 00 00 00 00 00 00 00 00 00 00 00 00 00 00 00 00 00 00 00 00 00 00 00 00 00 00 00 00 00 00 00 00 00 00 00 00 00 00 00 00 00 00 00 00 00 00 00 00 00 00 00 00 00 00 00 00 00 00 00 00 00 00 00 00 00 00 00 00 00 00 00 00 00 00 00 00 00 00 00 00 00 00 00 00 00 00 00 00 00 00 00 00 00 00 00 00 00 00 00 00 00 00 00 00 00 00 00 00 00 00 00 00 00 00 00 00 00 00 00 00 00 00 00 00 00 00 00 00 00 00 00 00 00 00 00 00 00 00 00 00 00 00 00 00 00 00 00 00 00 00 00 00 00 00 00 00 00 00 00 00 00 00 00 00 00 00 00 00 00 00 00 00 00 00 00 00 00 00 00 00 00 00 00 00 00 00 00 00 00 00 00 00 00 00 00 00 00 00 00 00 00 00 00 00 00 00 00 00 00 00 00 00 00 00 00 00 00 00 00 00 00 00 00 00 00 00 00 00 00 00 00 00 00 00 00 00 00 00 00 00 00 00 00 00 00 00 00 00 00 00 00 00 00 00 00 00 00 00 00 00 00 00 00 00 00 00 00 00 00 00 00 00 00 00 00 00 00 00 00 00 00 00 00 00 00 00 00 00 00 00 00 00 00 00 00 00 00 00 00 00 00 00 00 00 00 06 52 12 6D 0F F7
2026-10-06 03:45:36.564  RX  F0 52 00 6E 64 12 00 50 06 04 50 54 43 46 28 00 00 00 00 02 00 00 00 01 00 00 00 00 00 00 08 00 00 00 00 00 00 00 00 55 53 00 45 52 2D 30 30 32 20 00 20 70 20 00 01 54 58 00 4A 31 00 00 00 00 54 00 58 45 31 00 00 00 00 00 45 44 54 42 18 00 00 21 00 61 40 00 02 0F 7C 41 00 07 40 01 0B 3C 39 40 54 40 01 00 00 00 00 00 00 00 00 00 50 52 4D 00 32 20 00 00 00 00 00 00 00 00 00 00 00 00 00 40 00 0C 00 00 00 00 00 00 00 00 00 00 00 00 00 00 00 00 00 00 00 00 00 40 00 07 4E 41 4D 45 20 00 00 00 00 55 53 45 52 00 2D 30 30 32 20 20 20 00 20 20 20 20 20 20 20 00 20 20 20 20 20 20 20 00 20 20 20 00 00 00 00 00 00 00 00 00 00 00 00 00 00 00 00 00 00 00 00 00 00 00 00 00 00 00 00 00 00 00 00 00 00 00 00 00 00 00 00 00 00 00 00 00 00 00 00 00 00 00 00 00 00 00 00 00 00 00 00 00 00 00 00 00 00 00 00 00 00 00 00 00 00 00 00 00 00 00 00 00 00 00 00 00 00 00 00 00 00 00 00 00 00 00 00 00 00 00 00 00 00 00 00 00 00 00 00 00 00 00 00 00 00 00 00 00 00 00 00 00 00 00 00 00 00 00 00 00 00 00 00 00 00 00 00 00 00 00 00 00 00 00 00 00 00 00 00 00 00 00 00 00 00 00 00 00 00 00 00 00 00 00 00 00 00 00 00 00 00 00 00 00 00 00 00 00 00 00 00 00 00 00 00 00 00 00 00 00 00 00 00 00 00 00 00 00 00 00 00 00 00 00 00 00 00 00 00 00 00 00 00 00 00 00 00 00 00 00 00 00 00 00 00 00 00 00 00 00 00 00 00 00 00 00 00 00 00 00 00 00 00 00 00 00 00 00 00 00 00 00 00 00 00 00 00 00 00 00 00 00 00 00 00 00 00 00 00 00 00 00 00 00 00 00 00 00 00 00 00 00 00 00 00 00 00 00 00 00 00 00 00 00 00 00 00 00 00 00 00 00 00 00 00 00 00 00 00 00 00 00 00 00 00 00 00 00 00 00 00 00 00 00 00 00 00 00 00 00 00 00 00 00 00 00 00 00 00 00 00 00 00 00 00 00 00 00 00 00 00 00 00 00 00 00 00 00 00 00 00 00 00 00 00 00 00 00 00 00 00 00 00 00 00 00 00 00 00 00 00 00 00 00 00 00 00 00 00 00 00 00 00 00 00 00 00 00 00 00 00 00 00 00 00 00 00 00 00 00 00 00 00 00 00 00 00 00 00 00 00 00 00 00 00 00 00 00 00 00 00 00 00 00 00 00 00 00 00 00 00 00 00 00 00 00 00 00 00 00 00 00 00 00 00 00 00 00 00 00 00 00 00 00 00 00 00 00 00 00 00 00 00 00 00 00 00 00 00 00 00 00 00 00 00 00 00 00 00 00 00 00 00 00 00 00 00 00 00 00 00 00 00 00 00 00 00 00 00 00 00 00 00 00 00 00 00 00 00 00 00 00 00 00 00 00 00 00 00 00 00 00 00 00 00 00 00 00 00 00 00 00 00 00 00 00 00 00 00 00 00 00 00 00 00 00 00 00 00 00 00 00 00 00 00 00 00 00 00 00 00 00 00 00 00 00 00 00 00 00 00 00 00 00 00 00 00 00 00 00 00 00 00 00 00 00 00 00 00 00 00 00 00 00 00 00 00 00 00 00 00 00 00 00 00 00 00 00 00 00 00 00 00 00 00 00 00 00 00 00 00 00 00 00 00 00 00 00 00 00 00 00 00 00 00 00 00 00 00 00 00 00 00 00 00 00 00 00 00 00 00 00 00 00 00 00 00 00 00 00 00 00 00 00 00 00 00 00 00 00 00 00 00 00 00 00 00 00 00 00 00 00 00 00 00 00 00 00 00 00 00 00 00 00 00 00 00 00 00 00 00 00 00 00 00 00 00 00 00 00 00 00 00 00 00 00 00 00 00 00 00 00 00 00 00 00 00 00 00 00 00 00 00 00 00 00 00 00 00 00 00 00 00 00 00 00 00 00 00 00 00 00 00 00 00 00 00 00 00 00 00 00 00 00 00 00 00 00 00 00 00 00 00 06 52 12 6D 0F F7
2026-10-06 03:45:37.863  RX  F0 52 00 6E 64 12 00 50 06 04 50 54 43 46 28 00 00 00 00 02 00 00 00 01 00 00 00 00 00 00 08 00 00 00 00 00 00 00 00 55 53 00 45 52 2D 30 30 32 20 00 20 70 20 00 01 54 58 00 4A 31 00 00 00 00 54 00 58 45 31 00 00 00 00 00 45 44 54 42 18 00 00 21 00 61 40 00 02 0F 7C 41 00 07 40 01 0B 3C 39 40 54 40 01 00 00 00 00 00 00 00 00 00 50 52 4D 00 32 20 00 00 00 00 00 00 00 00 00 00 00 00 00 40 00 0C 00 00 00 00 00 00 00 00 00 00 00 00 00 00 00 00 00 00 00 00 00 40 00 07 4E 41 4D 45 20 00 00 00 00 55 53 45 52 00 2D 30 30 32 20 20 20 00 20 20 20 20 20 20 20 00 20 20 20 20 20 20 20 00 20 20 20 00 00 00 00 00 00 00 00 00 00 00 00 00 00 00 00 00 00 00 00 00 00 00 00 00 00 00 00 00 00 00 00 00 00 00 00 00 00 00 00 00 00 00 00 00 00 00 00 00 00 00 00 00 00 00 00 00 00 00 00 00 00 00 00 00 00 00 00 00 00 00 00 00 00 00 00 00 00 00 00 00 00 00 00 00 00 00 00 00 00 00 00 00 00 00 00 00 00 00 00 00 00 00 00 00 00 00 00 00 00 00 00 00 00 00 00 00 00 00 00 00 00 00 00 00 00 00 00 00 00 00 00 00 00 00 00 00 00 00 00 00 00 00 00 00 00 00 00 00 00 00 00 00 00 00 00 00 00 00 00 00 00 00 00 00 00 00 00 00 00 00 00 00 00 00 00 00 00 00 00 00 00 00 00 00 00 00 00 00 00 00 00 00 00 00 00 00 00 00 00 00 00 00 00 00 00 00 00 00 00 00 00 00 00 00 00 00 00 00 00 00 00 00 00 00 00 00 00 00 00 00 00 00 00 00 00 00 00 00 00 00 00 00 00 00 00 00 00 00 00 00 00 00 00 00 00 00 00 00 00 00 00 00 00 00 00 00 00 00 00 00 00 00 00 00 00 00 00 00 00 00 00 00 00 00 00 00 00 00 00 00 00 00 00 00 00 00 00 00 00 00 00 00 00 00 00 00 00 00 00 00 00 00 00 00 00 00 00 00 00 00 00 00 00 00 00 00 00 00 00 00 00 00 00 00 00 00 00 00 00 00 00 00 00 00 00 00 00 00 00 00 00 00 00 00 00 00 00 00 00 00 00 00 00 00 00 00 00 00 00 00 00 00 00 00 00 00 00 00 00 00 00 00 00 00 00 00 00 00 00 00 00 00 00 00 00 00 00 00 00 00 00 00 00 00 00 00 00 00 00 00 00 00 00 00 00 00 00 00 00 00 00 00 00 00 00 00 00 00 00 00 00 00 00 00 00 00 00 00 00 00 00 00 00 00 00 00 00 00 00 00 00 00 00 00 00 00 00 00 00 00 00 00 00 00 00 00 00 00 00 00 00 00 00 00 00 00 00 00 00 00 00 00 00 00 00 00 00 00 00 00 00 00 00 00 00 00 00 00 00 00 00 00 00 00 00 00 00 00 00 00 00 00 00 00 00 00 00 00 00 00 00 00 00 00 00 00 00 00 00 00 00 00 00 00 00 00 00 00 00 00 00 00 00 00 00 00 00 00 00 00 00 00 00 00 00 00 00 00 00 00 00 00 00 00 00 00 00 00 00 00 00 00 00 00 00 00 00 00 00 00 00 00 00 00 00 00 00 00 00 00 00 00 00 00 00 00 00 00 00 00 00 00 00 00 00 00 00 00 00 00 00 00 00 00 00 00 00 00 00 00 00 00 00 00 00 00 00 00 00 00 00 00 00 00 00 00 00 00 00 00 00 00 00 00 00 00 00 00 00 00 00 00 00 00 00 00 00 00 00 00 00 00 00 00 00 00 00 00 00 00 00 00 00 00 00 00 00 00 00 00 00 00 00 00 00 00 00 00 00 00 00 00 00 00 00 00 00 00 00 00 00 00 00 00 00 00 00 00 00 00 00 00 00 00 00 00 00 00 00 00 00 00 00 00 00 00 00 00 00 00 00 00 00 00 00 00 00 00 00 00 00 00 00 00 00 00 00 00 00 00 00 00 00 00 00 00 00 00 00 00 00 00 00 00 00 00 00 00 00 00 00 00 00 00 00 00 00 00 00 00 00 06 52 12 6D 0F F7
2026-10-06 03:45:37.988  RX  F0 52 00 6E 64 12 00 50 06 04 50 54 43 46 28 00 00 00 00 02 00 00 00 01 00 00 00 00 00 00 08 00 00 00 00 00 00 00 00 55 53 00 45 52 2D 30 30 32 20 00 20 20 00 00 02 54 58 00 4A 31 00 00 00 00 54 00 58 45 31 00 00 00 00 00 45 44 54 42 18 00 00 00 00 41 00 00 04 02 08 00 01 00 18 01 00 00 00 00 00 00 00 00 00 00 00 00 00 00 00 00 50 52 4D 00 32 20 00 00 00 00 00 00 00 00 00 00 00 00 00 40 00 0C 00 00 00 00 00 00 00 00 00 00 00 00 00 00 00 00 00 00 00 00 00 40 00 07 4E 41 4D 45 20 00 00 00 00 55 53 45 52 00 2D 30 30 32 20 20 20 00 20 20 20 20 20 20 20 00 20 20 20 20 20 20 20 00 20 20 20 00 00 00 00 00 00 00 00 00 00 00 00 00 00 00 00 00 00 00 00 00 00 00 00 00 00 00 00 00 00 00 00 00 00 00 00 00 00 00 00 00 00 00 00 00 00 00 00 00 00 00 00 00 00 00 00 00 00 00 00 00 00 00 00 00 00 00 00 00 00 00 00 00 00 00 00 00 00 00 00 00 00 00 00 00 00 00 00 00 00 00 00 00 00 00 00 00 00 00 00 00 00 00 00 00 00 00 00 00 00 00 00 00 00 00 00 00 00 00 00 00 00 00 00 00 00 00 00 00 00 00 00 00 00 00 00 00 00 00 00 00 00 00 00 00 00 00 00 00 00 00 00 00 00 00 00 00 00 00 00 00 00 00 00 00 00 00 00 00 00 00 00 00 00 00 00 00 00 00 00 00 00 00 00 00 00 00 00 00 00 00 00 00 00 00 00 00 00 00 00 00 00 00 00 00 00 00 00 00 00 00 00 00 00 00 00 00 00 00 00 00 00 00 00 00 00 00 00 00 00 00 00 00 00 00 00 00 00 00 00 00 00 00 00 00 00 00 00 00 00 00 00 00 00 00 00 00 00 00 00 00 00 00 00 00 00 00 00 00 00 00 00 00 00 00 00 00 00 00 00 00 00 00 00 00 00 00 00 00 00 00 00 00 00 00 00 00 00 00 00 00 00 00 00 00 00 00 00 00 00 00 00 00 00 00 00 00 00 00 00 00 00 00 00 00 00 00 00 00 00 00 00 00 00 00 00 00 00 00 00 00 00 00 00 00 00 00 00 00 00 00 00 00 00 00 00 00 00 00 00 00 00 00 00 00 00 00 00 00 00 00 00 00 00 00 00 00 00 00 00 00 00 00 00 00 00 00 00 00 00 00 00 00 00 00 00 00 00 00 00 00 00 00 00 00 00 00 00 00 00 00 00 00 00 00 00 00 00 00 00 00 00 00 00 00 00 00 00 00 00 00 00 00 00 00 00 00 00 00 00 00 00 00 00 00 00 00 00 00 00 00 00 00 00 00 00 00 00 00 00 00 00 00 00 00 00 00 00 00 00 00 00 00 00 00 00 00 00 00 00 00 00 00 00 00 00 00 00 00 00 00 00 00 00 00 00 00 00 00 00 00 00 00 00 00 00 00 00 00 00 00 00 00 00 00 00 00 00 00 00 00 00 00 00 00 00 00 00 00 00 00 00 00 00 00 00 00 00 00 00 00 00 00 00 00 00 00 00 00 00 00 00 00 00 00 00 00 00 00 00 00 00 00 00 00 00 00 00 00 00 00 00 00 00 00 00 00 00 00 00 00 00 00 00 00 00 00 00 00 00 00 00 00 00 00 00 00 00 00 00 00 00 00 00 00 00 00 00 00 00 00 00 00 00 00 00 00 00 00 00 00 00 00 00 00 00 00 00 00 00 00 00 00 00 00 00 00 00 00 00 00 00 00 00 00 00 00 00 00 00 00 00 00 00 00 00 00 00 00 00 00 00 00 00 00 00 00 00 00 00 00 00 00 00 00 00 00 00 00 00 00 00 00 00 00 00 00 00 00 00 00 00 00 00 00 00 00 00 00 00 00 00 00 00 00 00 00 00 00 00 00 00 00 00 00 00 00 00 00 00 00 00 00 00 00 00 00 00 00 00 00 00 00 00 00 00 00 00 00 00 00 00 00 00 00 00 00 00 00 00 00 00 00 00 00 00 00 00 00 00 00 00 00 00 00 00 00 00 00 00 00 00 00 00 00 00 00 00 00 00 00 00 55 02 04 32 0B F7
2026-10-06 03:45:38.237  RX  F0 52 00 6E 64 12 00 50 06 04 50 54 43 46 28 00 00 00 00 02 00 00 00 01 00 00 00 00 00 00 08 00 00 00 00 00 00 00 00 55 53 00 45 52 2D 30 30 32 20 00 20 20 00 00 03 54 58 00 4A 31 00 00 00 00 54 00 58 45 31 00 00 00 00 00 45 44 54 42 18 00 00 05 00 41 00 00 06 0E 40 10 00 0D 40 00 00 00 00 00 00 00 00 00 00 00 00 00 00 00 00 00 50 52 4D 00 32 20 00 00 00 00 00 00 00 00 00 00 00 00 00 40 00 0C 00 00 00 00 00 00 00 00 00 00 00 00 00 00 00 00 00 00 00 00 00 40 00 07 4E 41 4D 45 20 00 00 00 00 55 53 45 52 00 2D 30 30 32 20 20 20 00 20 20 20 20 20 20 20 00 20 20 20 20 20 20 20 00 20 20 20 00 00 00 00 00 00 00 00 00 00 00 00 00 00 00 00 00 00 00 00 00 00 00 00 00 00 00 00 00 00 00 00 00 00 00 00 00 00 00 00 00 00 00 00 00 00 00 00 00 00 00 00 00 00 00 00 00 00 00 00 00 00 00 00 00 00 00 00 00 00 00 00 00 00 00 00 00 00 00 00 00 00 00 00 00 00 00 00 00 00 00 00 00 00 00 00 00 00 00 00 00 00 00 00 00 00 00 00 00 00 00 00 00 00 00 00 00 00 00 00 00 00 00 00 00 00 00 00 00 00 00 00 00 00 00 00 00 00 00 00 00 00 00 00 00 00 00 00 00 00 00 00 00 00 00 00 00 00 00 00 00 00 00 00 00 00 00 00 00 00 00 00 00 00 00 00 00 00 00 00 00 00 00 00 00 00 00 00 00 00 00 00 00 00 00 00 00 00 00 00 00 00 00 00 00 00 00 00 00 00 00 00 00 00 00 00 00 00 00 00 00 00 00 00 00 00 00 00 00 00 00 00 00 00 00 00 00 00 00 00 00 00 00 00 00 00 00 00 00 00 00 00 00 00 00 00 00 00 00 00 00 00 00 00 00 00 00 00 00 00 00 00 00 00 00 00 00 00 00 00 00 00 00 00 00 00 00 00 00 00 00 00 00 00 00 00 00 00 00 00 00 00 00 00 00 00 00 00 00 00 00 00 00 00 00 00 00 00 00 00 00 00 00 00 00 00 00 00 00 00 00 00 00 00 00 00 00 00 00 00 00 00 00 00 00 00 00 00 00 00 00 00 00 00 00 00 00 00 00 00 00 00 00 00 00 00 00 00 00 00 00 00 00 00 00 00 00 00 00 00 00 00 00 00 00 00 00 00 00 00 00 00 00 00 00 00 00 00 00 00 00 00 00 00 00 00 00 00 00 00 00 00 00 00 00 00 00 00 00 00 00 00 00 00 00 00 00 00 00 00 00 00 00 00 00 00 00 00 00 00 00 00 00 00 00 00 00 00 00 00 00 00 00 00 00 00 00 00 00 00 00 00 00 00 00 00 00 00 00 00 00 00 00 00 00 00 00 00 00 00 00 00 00 00 00 00 00 00 00 00 00 00 00 00 00 00 00 00 00 00 00 00 00 00 00 00 00 00 00 00 00 00 00 00 00 00 00 00 00 00 00 00 00 00 00 00 00 00 00 00 00 00 00 00 00 00 00 00 00 00 00 00 00 00 00 00 00 00 00 00 00 00 00 00 00 00 00 00 00 00 00 00 00 00 00 00 00 00 00 00 00 00 00 00 00 00 00 00 00 00 00 00 00 00 00 00 00 00 00 00 00 00 00 00 00 00 00 00 00 00 00 00 00 00 00 00 00 00 00 00 00 00 00 00 00 00 00 00 00 00 00 00 00 00 00 00 00 00 00 00 00 00 00 00 00 00 00 00 00 00 00 00 00 00 00 00 00 00 00 00 00 00 00 00 00 00 00 00 00 00 00 00 00 00 00 00 00 00 00 00 00 00 00 00 00 00 00 00 00 00 00 00 00 00 00 00 00 00 00 00 00 00 00 00 00 00 00 00 00 00 00 00 00 00 00 00 00 00 00 00 00 00 00 00 00 00 00 00 00 00 00 00 00 00 00 00 00 00 00 00 00 00 00 00 00 00 00 00 00 00 00 00 00 00 00 00 00 00 00 00 00 00 00 00 00 00 00 00 00 00 00 00 00 00 00 00 00 00 00 00 00 00 00 00 00 00 00 00 00 00 00 00 4D 2F 21 5F 0D F7
2026-10-06 03:45:38.483  RX  F0 52 00 6E 64 12 00 50 06 04 50 54 43 46 28 00 00 00 00 02 00 00 00 01 00 00 00 00 00 00 08 00 00 00 00 00 00 00 00 55 53 00 45 52 2D 30 30 32 20 00 20 20 00 00 04 54 58 00 4A 31 00 00 00 00 54 00 58 45 31 00 00 00 00 00 45 44 54 42 18 00 00 05 00 41 00 00 08 0C 48 40 00 0C 04 40 00 18 19 00 2D 01 00 00 00 00 00 00 00 00 00 00 50 52 4D 00 32 20 00 00 00 00 00 00 00 00 00 00 00 00 00 40 00 0C 00 00 00 00 00 00 00 00 00 00 00 00 00 00 00 00 00 00 00 00 00 40 00 07 4E 41 4D 45 20 00 00 00 00 55 53 45 52 00 2D 30 30 32 20 20 20 00 20 20 20 20 20 20 20 00 20 20 20 20 20 20 20 00 20 20 20 00 00 00 00 00 00 00 00 00 00 00 00 00 00 00 00 00 00 00 00 00 00 00 00 00 00 00 00 00 00 00 00 00 00 00 00 00 00 00 00 00 00 00 00 00 00 00 00 00 00 00 00 00 00 00 00 00 00 00 00 00 00 00 00 00 00 00 00 00 00 00 00 00 00 00 00 00 00 00 00 00 00 00 00 00 00 00 00 00 00 00 00 00 00 00 00 00 00 00 00 00 00 00 00 00 00 00 00 00 00 00 00 00 00 00 00 00 00 00 00 00 00 00 00 00 00 00 00 00 00 00 00 00 00 00 00 00 00 00 00 00 00 00 00 00 00 00 00 00 00 00 00 00 00 00 00 00 00 00 00 00 00 00 00 00 00 00 00 00 00 00 00 00 00 00 00 00 00 00 00 00 00 00 00 00 00 00 00 00 00 00 00 00 00 00 00 00 00 00 00 00 00 00 00 00 00 00 00 00 00 00 00 00 00 00 00 00 00 00 00 00 00 00 00 00 00 00 00 00 00 00 00 00 00 00 00 00 00 00 00 00 00 00 00 00 00 00 00 00 00 00 00 00 00 00 00 00 00 00 00 00 00 00 00 00 00 00 00 00 00 00 00 00 00 00 00 00 00 00 00 00 00 00 00 00 00 00 00 00 00 00 00 00 00 00 00 00 00 00 00 00 00 00 00 00 00 00 00 00 00 00 00 00 00 00 00 00 00 00 00 00 00 00 00 00 00 00 00 00 00 00 00 00 00 00 00 00 00 00 00 00 00 00 00 00 00 00 00 00 00 00 00 00 00 00 00 00 00 00 00 00 00 00 00 00 00 00 00 00 00 00 00 00 00 00 00 00 00 00 00 00 00 00 00 00 00 00 00 00 00 00 00 00 00 00 00 00 00 00 00 00 00 00 00 00 00 00 00 00 00 00 00 00 00 00 00 00 00 00 00 00 00 00 00 00 00 00 00 00 00 00 00 00 00 00 00 00 00 00 00 00 00 00 00 00 00 00 00 00 00 00 00 00 00 00 00 00 00 00 00 00 00 00 00 00 00 00 00 00 00 00 00 00 00 00 00 00 00 00 00 00 00 00 00 00 00 00 00 00 00 00 00 00 00 00 00 00 00 00 00 00 00 00 00 00 00 00 00 00 00 00 00 00 00 00 00 00 00 00 00 00 00 00 00 00 00 00 00 00 00 00 00 00 00 00 00 00 00 00 00 00 00 00 00 00 00 00 00 00 00 00 00 00 00 00 00 00 00 00 00 00 00 00 00 00 00 00 00 00 00 00 00 00 00 00 00 00 00 00 00 00 00 00 00 00 00 00 00 00 00 00 00 00 00 00 00 00 00 00 00 00 00 00 00 00 00 00 00 00 00 00 00 00 00 00 00 00 00 00 00 00 00 00 00 00 00 00 00 00 00 00 00 00 00 00 00 00 00 00 00 00 00 00 00 00 00 00 00 00 00 00 00 00 00 00 00 00 00 00 00 00 00 00 00 00 00 00 00 00 00 00 00 00 00 00 00 00 00 00 00 00 00 00 00 00 00 00 00 00 00 00 00 00 00 00 00 00 00 00 00 00 00 00 00 00 00 00 00 00 00 00 00 00 00 00 00 00 00 00 00 00 00 00 00 00 00 00 00 00 00 00 00 00 00 00 00 00 00 00 00 00 00 00 00 00 00 00 00 00 00 00 00 00 00 00 00 00 00 00 00 00 00 00 00 00 00 00 00 00 00 00 00 00 00 00 00 00 00 00 00 00 00 1A 2D 72 61 0C F7
2026-10-06 03:45:38.650  RX  F0 52 00 6E 64 12 00 50 06 04 50 54 43 46 28 00 00 00 00 02 00 00 00 01 00 00 00 00 00 00 08 00 00 00 00 00 00 00 00 55 53 00 45 52 2D 30 30 32 20 00 20 20 00 00 06 54 58 00 4A 31 00 00 00 00 54 00 58 45 31 00 00 00 00 00 45 44 54 42 18 00 00 05 00 41 00 00 0C 0C 48 50 00 0C 28 00 00 00 00 00 00 00 00 00 00 00 00 00 00 00 00 00 50 52 4D 00 32 20 00 00 00 00 00 00 00 00 00 00 00 00 00 40 00 0C 00 00 00 00 00 00 00 00 00 00 00 00 00 00 00 00 00 00 00 00 00 40 00 07 4E 41 4D 45 20 00 00 00 00 55 53 45 52 00 2D 30 30 32 20 20 20 00 20 20 20 20 20 20 20 00 20 20 20 20 20 20 20 00 20 20 20 00 00 00 00 00 00 00 00 00 00 00 00 00 00 00 00 00 00 00 00 00 00 00 00 00 00 00 00 00 00 00 00 00 00 00 00 00 00 00 00 00 00 00 00 00 00 00 00 00 00 00 00 00 00 00 00 00 00 00 00 00 00 00 00 00 00 00 00 00 00 00 00 00 00 00 00 00 00 00 00 00 00 00 00 00 00 00 00 00 00 00 00 00 00 00 00 00 00 00 00 00 00 00 00 00 00 00 00 00 00 00 00 00 00 00 00 00 00 00 00 00 00 00 00 00 00 00 00 00 00 00 00 00 00 00 00 00 00 00 00 00 00 00 00 00 00 00 00 00 00 00 00 00 00 00 00 00 00 00 00 00 00 00 00 00 00 00 00 00 00 00 00 00 00 00 00 00 00 00 00 00 00 00 00 00 00 00 00 00 00 00 00 00 00 00 00 00 00 00 00 00 00 00 00 00 00 00 00 00 00 00 00 00 00 00 00 00 00 00 00 00 00 00 00 00 00 00 00 00 00 00 00 00 00 00 00 00 00 00 00 00 00 00 00 00 00 00 00 00 00 00 00 00 00 00 00 00 00 00 00 00 00 00 00 00 00 00 00 00 00 00 00 00 00 00 00 00 00 00 00 00 00 00 00 00 00 00 00 00 00 00 00 00 00 00 00 00 00 00 00 00 00 00 00 00 00 00 00 00 00 00 00 00 00 00 00 00 00 00 00 00 00 00 00 00 00 00 00 00 00 00 00 00 00 00 00 00 00 00 00 00 00 00 00 00 00 00 00 00 00 00 00 00 00 00 00 00 00 00 00 00 00 00 00 00 00 00 00 00 00 00 00 00 00 00 00 00 00 00 00 00 00 00 00 00 00 00 00 00 00 00 00 00 00 00 00 00 00 00 00 00 00 00 00 00 00 00 00 00 00 00 00 00 00 00 00 00 00 00 00 00 00 00 00 00 00 00 00 00 00 00 00 00 00 00 00 00 00 00 00 00 00 00 00 00 00 00 00 00 00 00 00 00 00 00 00 00 00 00 00 00 00 00 00 00 00 00 00 00 00 00 00 00 00 00 00 00 00 00 00 00 00 00 00 00 00 00 00 00 00 00 00 00 00 00 00 00 00 00 00 00 00 00 00 00 00 00 00 00 00 00 00 00 00 00 00 00 00 00 00 00 00 00 00 00 00 00 00 00 00 00 00 00 00 00 00 00 00 00 00 00 00 00 00 00 00 00 00 00 00 00 00 00 00 00 00 00 00 00 00 00 00 00 00 00 00 00 00 00 00 00 00 00 00 00 00 00 00 00 00 00 00 00 00 00 00 00 00 00 00 00 00 00 00 00 00 00 00 00 00 00 00 00 00 00 00 00 00 00 00 00 00 00 00 00 00 00 00 00 00 00 00 00 00 00 00 00 00 00 00 00 00 00 00 00 00 00 00 00 00 00 00 00 00 00 00 00 00 00 00 00 00 00 00 00 00 00 00 00 00 00 00 00 00 00 00 00 00 00 00 00 00 00 00 00 00 00 00 00 00 00 00 00 00 00 00 00 00 00 00 00 00 00 00 00 00 00 00 00 00 00 00 00 00 00 00 00 00 00 00 00 00 00 00 00 00 00 00 00 00 00 00 00 00 00 00 00 00 00 00 00 00 00 00 00 00 00 00 00 00 00 00 00 00 00 00 00 00 00 00 00 00 00 00 00 00 00 00 00 00 00 00 00 00 00 00 00 00 00 00 00 00 00 00 00 00 00 00 00 00 00 00 35 57 29 04 0A F7
2026-10-06 03:45:38.858  RX  F0 52 00 6E 64 12 00 50 06 04 50 54 43 46 28 00 00 00 00 02 00 00 00 01 00 00 00 00 00 00 08 00 00 00 00 00 00 00 00 55 53 00 45 52 2D 30 30 32 20 00 20 20 00 00 07 54 58 00 4A 31 00 00 00 00 54 00 58 45 31 00 00 00 00 00 45 44 54 42 18 00 00 00 00 41 00 00 4E 10 20 00 40 06 58 01 00 00 00 00 00 00 00 00 00 00 00 00 00 00 00 00 50 52 4D 00 32 20 00 00 00 00 00 00 00 00 00 00 00 00 00 40 00 0C 00 00 00 00 00 00 00 00 00 00 00 00 00 00 00 00 00 00 00 00 00 40 00 07 4E 41 4D 45 20 00 00 00 00 55 53 45 52 00 2D 30 30 32 20 20 20 00 20 20 20 20 20 20 20 00 20 20 20 20 20 20 20 00 20 20 20 00 00 00 00 00 00 00 00 00 00 00 00 00 00 00 00 00 00 00 00 00 00 00 00 00 00 00 00 00 00 00 00 00 00 00 00 00 00 00 00 00 00 00 00 00 00 00 00 00 00 00 00 00 00 00 00 00 00 00 00 00 00 00 00 00 00 00 00 00 00 00 00 00 00 00 00 00 00 00 00 00 00 00 00 00 00 00 00 00 00 00 00 00 00 00 00 00 00 00 00 00 00 00 00 00 00 00 00 00 00 00 00 00 00 00 00 00 00 00 00 00 00 00 00 00 00 00 00 00 00 00 00 00 00 00 00 00 00 00 00 00 00 00 00 00 00 00 00 00 00 00 00 00 00 00 00 00 00 00 00 00 00 00 00 00 00 00 00 00 00 00 00 00 00 00 00 00 00 00 00 00 00 00 00 00 00 00 00 00 00 00 00 00 00 00 00 00 00 00 00 00 00 00 00 00 00 00 00 00 00 00 00 00 00 00 00 00 00 00 00 00 00 00 00 00 00 00 00 00 00 00 00 00 00 00 00 00 00 00 00 00 00 00 00 00 00 00 00 00 00 00 00 00 00 00 00 00 00 00 00 00 00 00 00 00 00 00 00 00 00 00 00 00 00 00 00 00 00 00 00 00 00 00 00 00 00 00 00 00 00 00 00 00 00 00 00 00 00 00 00 00 00 00 00 00 00 00 00 00 00 00 00 00 00 00 00 00 00 00 00 00 00 00 00 00 00 00 00 00 00 00 00 00 00 00 00 00 00 00 00 00 00 00 00 00 00 00 00 00 00 00 00 00 00 00 00 00 00 00 00 00 00 00 00 00 00 00 00 00 00 00 00 00 00 00 00 00 00 00 00 00 00 00 00 00 00 00 00 00 00 00 00 00 00 00 00 00 00 00 00 00 00 00 00 00 00 00 00 00 00 00 00 00 00 00 00 00 00 00 00 00 00 00 00 00 00 00 00 00 00 00 00 00 00 00 00 00 00 00 00 00 00 00 00 00 00 00 00 00 00 00 00 00 00 00 00 00 00 00 00 00 00 00 00 00 00 00 00 00 00 00 00 00 00 00 00 00 00 00 00 00 00 00 00 00 00 00 00 00 00 00 00 00 00 00 00 00 00 00 00 00 00 00 00 00 00 00 00 00 00 00 00 00 00 00 00 00 00 00 00 00 00 00 00 00 00 00 00 00 00 00 00 00 00 00 00 00 00 00 00 00 00 00 00 00 00 00 00 00 00 00 00 00 00 00 00 00 00 00 00 00 00 00 00 00 00 00 00 00 00 00 00 00 00 00 00 00 00 00 00 00 00 00 00 00 00 00 00 00 00 00 00 00 00 00 00 00 00 00 00 00 00 00 00 00 00 00 00 00 00 00 00 00 00 00 00 00 00 00 00 00 00 00 00 00 00 00 00 00 00 00 00 00 00 00 00 00 00 00 00 00 00 00 00 00 00 00 00 00 00 00 00 00 00 00 00 00 00 00 00 00 00 00 00 00 00 00 00 00 00 00 00 00 00 00 00 00 00 00 00 00 00 00 00 00 00 00 00 00 00 00 00 00 00 00 00 00 00 00 00 00 00 00 00 00 00 00 00 00 00 00 00 00 00 00 00 00 00 00 00 00 00 00 00 00 00 00 00 00 00 00 00 00 00 00 00 00 00 00 00 00 00 00 00 00 00 00 00 00 00 00 00 00 00 00 00 00 00 00 00 00 00 00 00 00 00 00 00 00 00 00 00 00 00 00 00 00 00 00 00 00 00 6B 38 25 67 0D F7
2026-10-06 03:45:39.042  RX  F0 52 00 6E 64 12 00 50 06 04 50 54 43 46 28 00 00 00 00 02 00 00 00 01 00 00 00 00 00 00 08 00 00 00 00 00 00 00 00 55 53 00 45 52 2D 30 30 32 20 00 20 20 00 00 08 54 58 00 4A 31 00 00 00 00 54 00 58 45 31 00 00 00 00 00 45 44 54 42 18 00 00 04 00 41 00 00 10 00 20 00 00 12 48 00 00 1C 40 00 41 01 00 00 00 00 00 00 00 00 00 00 50 52 4D 00 32 20 00 00 00 00 00 00 00 00 00 00 00 00 00 40 00 0C 00 00 00 00 00 00 00 00 00 00 00 00 00 00 00 00 00 00 00 00 00 40 00 07 4E 41 4D 45 20 00 00 00 00 55 53 45 52 00 2D 30 30 32 20 20 20 00 20 20 20 20 20 20 20 00 20 20 20 20 20 20 20 00 20 20 20 00 00 00 00 00 00 00 00 00 00 00 00 00 00 00 00 00 00 00 00 00 00 00 00 00 00 00 00 00 00 00 00 00 00 00 00 00 00 00 00 00 00 00 00 00 00 00 00 00 00 00 00 00 00 00 00 00 00 00 00 00 00 00 00 00 00 00 00 00 00 00 00 00 00 00 00 00 00 00 00 00 00 00 00 00 00 00 00 00 00 00 00 00 00 00 00 00 00 00 00 00 00 00 00 00 00 00 00 00 00 00 00 00 00 00 00 00 00 00 00 00 00 00 00 00 00 00 00 00 00 00 00 00 00 00 00 00 00 00 00 00 00 00 00 00 00 00 00 00 00 00 00 00 00 00 00 00 00 00 00 00 00 00 00 00 00 00 00 00 00 00 00 00 00 00 00 00 00 00 00 00 00 00 00 00 00 00 00 00 00 00 00 00 00 00 00 00 00 00 00 00 00 00 00 00 00 00 00 00 00 00 00 00 00 00 00 00 00 00 00 00 00 00 00 00 00 00 00 00 00 00 00 00 00 00 00 00 00 00 00 00 00 00 00 00 00 00 00 00 00 00 00 00 00 00 00 00 00 00 00 00 00 00 00 00 00 00 00 00 00 00 00 00 00 00 00 00 00 00 00 00 00 00 00 00 00 00 00 00 00 00 00 00 00 00 00 00 00 00 00 00 00 00 00 00 00 00 00 00 00 00 00 00 00 00 00 00 00 00 00 00 00 00 00 00 00 00 00 00 00 00 00 00 00 00 00 00 00 00 00 00 00 00 00 00 00 00 00 00 00 00 00 00 00 00 00 00 00 00 00 00 00 00 00 00 00 00 00 00 00 00 00 00 00 00 00 00 00 00 00 00 00 00 00 00 00 00 00 00 00 00 00 00 00 00 00 00 00 00 00 00 00 00 00 00 00 00 00 00 00 00 00 00 00 00 00 00 00 00 00 00 00 00 00 00 00 00 00 00 00 00 00 00 00 00 00 00 00 00 00 00 00 00 00 00 00 00 00 00 00 00 00 00 00 00 00 00 00 00 00 00 00 00 00 00 00 00 00 00 00 00 00 00 00 00 00 00 00 00 00 00 00 00 00 00 00 00 00 00 00 00 00 00 00 00 00 00 00 00 00 00 00 00 00 00 00 00 00 00 00 00 00 00 00 00 00 00 00 00 00 00 00 00 00 00 00 00 00 00 00 00 00 00 00 00 00 00 00 00 00 00 00 00 00 00 00 00 00 00 00 00 00 00 00 00 00 00 00 00 00 00 00 00 00 00 00 00 00 00 00 00 00 00 00 00 00 00 00 00 00 00 00 00 00 00 00 00 00 00 00 00 00 00 00 00 00 00 00 00 00 00 00 00 00 00 00 00 00 00 00 00 00 00 00 00 00 00 00 00 00 00 00 00 00 00 00 00 00 00 00 00 00 00 00 00 00 00 00 00 00 00 00 00 00 00 00 00 00 00 00 00 00 00 00 00 00 00 00 00 00 00 00 00 00 00 00 00 00 00 00 00 00 00 00 00 00 00 00 00 00 00 00 00 00 00 00 00 00 00 00 00 00 00 00 00 00 00 00 00 00 00 00 00 00 00 00 00 00 00 00 00 00 00 00 00 00 00 00 00 00 00 00 00 00 00 00 00 00 00 00 00 00 00 00 00 00 00 00 00 00 00 00 00 00 00 00 00 00 00 00 00 00 00 00 00 00 00 00 00 00 00 00 00 00 00 00 00 00 00 00 00 00 00 00 00 00 00 00 00 00 00 00 4F 3B 36 3A 0F F7
2026-10-06 03:45:39.662  RX  F0 52 00 6E 64 12 00 50 06 04 50 54 43 46 28 00 00 00 00 02 00 00 00 01 00 00 00 00 00 00 08 00 00 00 00 00 00 00 00 55 53 00 45 52 2D 30 30 32 20 00 20 20 00 00 0A 54 58 00 4A 31 00 00 00 00 54 00 58 45 31 00 00 00 00 00 45 44 54 42 18 00 00 06 00 41 00 00 14 6C 08 10 00 07 20 00 00 00 00 00 00 00 00 00 00 00 00 00 00 00 00 00 50 52 4D 00 32 20 00 00 00 00 00 00 00 00 00 00 00 00 00 40 00 0C 00 00 00 00 00 00 00 00 00 00 00 00 00 00 00 00 00 00 00 00 00 40 00 07 4E 41 4D 45 20 00 00 00 00 55 53 45 52 00 2D 30 30 32 20 20 20 00 20 20 20 20 20 20 20 00 20 20 20 20 20 20 20 00 20 20 20 00 00 00 00 00 00 00 00 00 00 00 00 00 00 00 00 00 00 00 00 00 00 00 00 00 00 00 00 00 00 00 00 00 00 00 00 00 00 00 00 00 00 00 00 00 00 00 00 00 00 00 00 00 00 00 00 00 00 00 00 00 00 00 00 00 00 00 00 00 00 00 00 00 00 00 00 00 00 00 00 00 00 00 00 00 00 00 00 00 00 00 00 00 00 00 00 00 00 00 00 00 00 00 00 00 00 00 00 00 00 00 00 00 00 00 00 00 00 00 00 00 00 00 00 00 00 00 00 00 00 00 00 00 00 00 00 00 00 00 00 00 00 00 00 00 00 00 00 00 00 00 00 00 00 00 00 00 00 00 00 00 00 00 00 00 00 00 00 00 00 00 00 00 00 00 00 00 00 00 00 00 00 00 00 00 00 00 00 00 00 00 00 00 00 00 00 00 00 00 00 00 00 00 00 00 00 00 00 00 00 00 00 00 00 00 00 00 00 00 00 00 00 00 00 00 00 00 00 00 00 00 00 00 00 00 00 00 00 00 00 00 00 00 00 00 00 00 00 00 00 00 00 00 00 00 00 00 00 00 00 00 00 00 00 00 00 00 00 00 00 00 00 00 00 00 00 00 00 00 00 00 00 00 00 00 00 00 00 00 00 00 00 00 00 00 00 00 00 00 00 00 00 00 00 00 00 00 00 00 00 00 00 00 00 00 00 00 00 00 00 00 00 00 00 00 00 00 00 00 00 00 00 00 00 00 00 00 00 00 00 00 00 00 00 00 00 00 00 00 00 00 00 00 00 00 00 00 00 00 00 00 00 00 00 00 00 00 00 00 00 00 00 00 00 00 00 00 00 00 00 00 00 00 00 00 00 00 00 00 00 00 00 00 00 00 00 00 00 00 00 00 00 00 00 00 00 00 00 00 00 00 00 00 00 00 00 00 00 00 00 00 00 00 00 00 00 00 00 00 00 00 00 00 00 00 00 00 00 00 00 00 00 00 00 00 00 00 00 00 00 00 00 00 00 00 00 00 00 00 00 00 00 00 00 00 00 00 00 00 00 00 00 00 00 00 00 00 00 00 00 00 00 00 00 00 00 00 00 00 00 00 00 00 00 00 00 00 00 00 00 00 00 00 00 00 00 00 00 00 00 00 00 00 00 00 00 00 00 00 00 00 00 00 00 00 00 00 00 00 00 00 00 00 00 00 00 00 00 00 00 00 00 00 00 00 00 00 00 00 00 00 00 00 00 00 00 00 00 00 00 00 00 00 00 00 00 00 00 00 00 00 00 00 00 00 00 00 00 00 00 00 00 00 00 00 00 00 00 00 00 00 00 00 00 00 00 00 00 00 00 00 00 00 00 00 00 00 00 00 00 00 00 00 00 00 00 00 00 00 00 00 00 00 00 00 00 00 00 00 00 00 00 00 00 00 00 00 00 00 00 00 00 00 00 00 00 00 00 00 00 00 00 00 00 00 00 00 00 00 00 00 00 00 00 00 00 00 00 00 00 00 00 00 00 00 00 00 00 00 00 00 00 00 00 00 00 00 00 00 00 00 00 00 00 00 00 00 00 00 00 00 00 00 00 00 00 00 00 00 00 00 00 00 00 00 00 00 00 00 00 00 00 00 00 00 00 00 00 00 00 00 00 00 00 00 00 00 00 00 00 00 00 00 00 00 00 00 00 00 00 00 00 00 00 00 00 00 00 00 00 00 00 00 00 00 00 00 00 00 00 00 00 00 00 00 00 00 00 00 00 00 00 48 24 27 75 07 F7
2026-10-06 03:45:40.237  RX  F0 52 00 6E 64 12 00 50 06 04 50 54 43 46 28 00 00 00 00 02 00 00 00 01 00 00 00 00 00 00 08 00 00 00 00 00 00 00 00 55 53 00 45 52 2D 30 30 32 20 00 20 20 00 00 0B 54 58 00 4A 31 00 00 00 00 54 00 58 45 31 00 00 00 00 00 45 44 54 42 18 00 00 00 00 41 00 00 16 01 24 50 40 01 70 00 00 00 00 00 00 00 00 00 00 00 00 00 00 00 00 00 50 52 4D 00 32 20 00 00 00 00 00 00 00 00 00 00 00 00 00 40 00 0C 00 00 00 00 00 00 00 00 00 00 00 00 00 00 00 00 00 00 00 00 00 40 00 07 4E 41 4D 45 20 00 00 00 00 55 53 45 52 00 2D 30 30 32 20 20 20 00 20 20 20 20 20 20 20 00 20 20 20 20 20 20 20 00 20 20 20 00 00 00 00 00 00 00 00 00 00 00 00 00 00 00 00 00 00 00 00 00 00 00 00 00 00 00 00 00 00 00 00 00 00 00 00 00 00 00 00 00 00 00 00 00 00 00 00 00 00 00 00 00 00 00 00 00 00 00 00 00 00 00 00 00 00 00 00 00 00 00 00 00 00 00 00 00 00 00 00 00 00 00 00 00 00 00 00 00 00 00 00 00 00 00 00 00 00 00 00 00 00 00 00 00 00 00 00 00 00 00 00 00 00 00 00 00 00 00 00 00 00 00 00 00 00 00 00 00 00 00 00 00 00 00 00 00 00 00 00 00 00 00 00 00 00 00 00 00 00 00 00 00 00 00 00 00 00 00 00 00 00 00 00 00 00 00 00 00 00 00 00 00 00 00 00 00 00 00 00 00 00 00 00 00 00 00 00 00 00 00 00 00 00 00 00 00 00 00 00 00 00 00 00 00 00 00 00 00 00 00 00 00 00 00 00 00 00 00 00 00 00 00 00 00 00 00 00 00 00 00 00 00 00 00 00 00 00 00 00 00 00 00 00 00 00 00 00 00 00 00 00 00 00 00 00 00 00 00 00 00 00 00 00 00 00 00 00 00 00 00 00 00 00 00 00 00 00 00 00 00 00 00 00 00 00 00 00 00 00 00 00 00 00 00 00 00 00 00 00 00 00 00 00 00 00 00 00 00 00 00 00 00 00 00 00 00 00 00 00 00 00 00 00 00 00 00 00 00 00 00 00 00 00 00 00 00 00 00 00 00 00 00 00 00 00 00 00 00 00 00 00 00 00 00 00 00 00 00 00 00 00 00 00 00 00 00 00 00 00 00 00 00 00 00 00 00 00 00 00 00 00 00 00 00 00 00 00 00 00 00 00 00 00 00 00 00 00 00 00 00 00 00 00 00 00 00 00 00 00 00 00 00 00 00 00 00 00 00 00 00 00 00 00 00 00 00 00 00 00 00 00 00 00 00 00 00 00 00 00 00 00 00 00 00 00 00 00 00 00 00 00 00 00 00 00 00 00 00 00 00 00 00 00 00 00 00 00 00 00 00 00 00 00 00 00 00 00 00 00 00 00 00 00 00 00 00 00 00 00 00 00 00 00 00 00 00 00 00 00 00 00 00 00 00 00 00 00 00 00 00 00 00 00 00 00 00 00 00 00 00 00 00 00 00 00 00 00 00 00 00 00 00 00 00 00 00 00 00 00 00 00 00 00 00 00 00 00 00 00 00 00 00 00 00 00 00 00 00 00 00 00 00 00 00 00 00 00 00 00 00 00 00 00 00 00 00 00 00 00 00 00 00 00 00 00 00 00 00 00 00 00 00 00 00 00 00 00 00 00 00 00 00 00 00 00 00 00 00 00 00 00 00 00 00 00 00 00 00 00 00 00 00 00 00 00 00 00 00 00 00 00 00 00 00 00 00 00 00 00 00 00 00 00 00 00 00 00 00 00 00 00 00 00 00 00 00 00 00 00 00 00 00 00 00 00 00 00 00 00 00 00 00 00 00 00 00 00 00 00 00 00 00 00 00 00 00 00 00 00 00 00 00 00 00 00 00 00 00 00 00 00 00 00 00 00 00 00 00 00 00 00 00 00 00 00 00 00 00 00 00 00 00 00 00 00 00 00 00 00 00 00 00 00 00 00 00 00 00 00 00 00 00 00 00 00 00 00 00 00 00 00 00 00 00 00 00 00 00 00 00 00 00 00 00 00 00 00 00 00 00 00 00 00 00 00 00 00 00 00 00 00 65 31 1E 03 08 F7
2026-10-06 03:45:40.587  RX  F0 52 00 6E 64 12 00 50 06 04 50 54 43 46 28 00 00 00 00 02 00 00 00 01 00 00 00 00 00 00 08 00 00 00 00 00 00 00 00 55 53 00 45 52 2D 30 30 32 20 00 20 30 00 00 0B 54 58 00 4A 31 00 00 00 00 54 00 58 45 31 00 00 00 00 00 45 44 54 42 18 00 00 00 00 61 00 00 16 00 4C 40 00 0C 00 00 00 00 00 00 00 00 00 00 00 00 00 00 00 00 00 00 50 52 4D 00 32 20 00 00 00 00 00 00 00 00 00 00 00 00 00 40 00 0C 00 00 00 00 00 00 00 00 00 00 00 00 00 00 00 00 00 00 00 00 00 40 00 07 4E 41 4D 45 20 00 00 00 00 55 53 45 52 00 2D 30 30 32 20 20 20 00 20 20 20 20 20 20 20 00 20 20 20 20 20 20 20 00 20 20 20 00 00 00 00 00 00 00 00 00 00 00 00 00 00 00 00 00 00 00 00 00 00 00 00 00 00 00 00 00 00 00 00 00 00 00 00 00 00 00 00 00 00 00 00 00 00 00 00 00 00 00 00 00 00 00 00 00 00 00 00 00 00 00 00 00 00 00 00 00 00 00 00 00 00 00 00 00 00 00 00 00 00 00 00 00 00 00 00 00 00 00 00 00 00 00 00 00 00 00 00 00 00 00 00 00 00 00 00 00 00 00 00 00 00 00 00 00 00 00 00 00 00 00 00 00 00 00 00 00 00 00 00 00 00 00 00 00 00 00 00 00 00 00 00 00 00 00 00 00 00 00 00 00 00 00 00 00 00 00 00 00 00 00 00 00 00 00 00 00 00 00 00 00 00 00 00 00 00 00 00 00 00 00 00 00 00 00 00 00 00 00 00 00 00 00 00 00 00 00 00 00 00 00 00 00 00 00 00 00 00 00 00 00 00 00 00 00 00 00 00 00 00 00 00 00 00 00 00 00 00 00 00 00 00 00 00 00 00 00 00 00 00 00 00 00 00 00 00 00 00 00 00 00 00 00 00 00 00 00 00 00 00 00 00 00 00 00 00 00 00 00 00 00 00 00 00 00 00 00 00 00 00 00 00 00 00 00 00 00 00 00 00 00 00 00 00 00 00 00 00 00 00 00 00 00 00 00 00 00 00 00 00 00 00 00 00 00 00 00 00 00 00 00 00 00 00 00 00 00 00 00 00 00 00 00 00 00 00 00 00 00 00 00 00 00 00 00 00 00 00 00 00 00 00 00 00 00 00 00 00 00 00 00 00 00 00 00 00 00 00 00 00 00 00 00 00 00 00 00 00 00 00 00 00 00 00 00 00 00 00 00 00 00 00 00 00 00 00 00 00 00 00 00 00 00 00 00 00 00 00 00 00 00 00 00 00 00 00 00 00 00 00 00 00 00 00 00 00 00 00 00 00 00 00 00 00 00 00 00 00 00 00 00 00 00 00 00 00 00 00 00 00 00 00 00 00 00 00 00 00 00 00 00 00 00 00 00 00 00 00 00 00 00 00 00 00 00 00 00 00 00 00 00 00 00 00 00 00 00 00 00 00 00 00 00 00 00 00 00 00 00 00 00 00 00 00 00 00 00 00 00 00 00 00 00 00 00 00 00 00 00 00 00 00 00 00 00 00 00 00 00 00 00 00 00 00 00 00 00 00 00 00 00 00 00 00 00 00 00 00 00 00 00 00 00 00 00 00 00 00 00 00 00 00 00 00 00 00 00 00 00 00 00 00 00 00 00 00 00 00 00 00 00 00 00 00 00 00 00 00 00 00 00 00 00 00 00 00 00 00 00 00 00 00 00 00 00 00 00 00 00 00 00 00 00 00 00 00 00 00 00 00 00 00 00 00 00 00 00 00 00 00 00 00 00 00 00 00 00 00 00 00 00 00 00 00 00 00 00 00 00 00 00 00 00 00 00 00 00 00 00 00 00 00 00 00 00 00 00 00 00 00 00 00 00 00 00 00 00 00 00 00 00 00 00 00 00 00 00 00 00 00 00 00 00 00 00 00 00 00 00 00 00 00 00 00 00 00 00 00 00 00 00 00 00 00 00 00 00 00 00 00 00 00 00 00 00 00 00 00 00 00 00 00 00 00 00 00 00 00 00 00 00 00 00 00 00 00 00 00 00 00 00 00 00 00 00 00 00 00 00 00 00 00 00 00 00 00 00 00 00 00 00 00 00 00 00 00 00 00 00 00 42 14 3A 3A 03 F7
2026-10-06 03:45:40.868  RX  F0 52 00 6E 64 12 00 50 06 04 50 54 43 46 28 00 00 00 00 02 00 00 00 01 00 00 00 00 00 00 08 00 00 00 00 00 00 00 00 55 53 00 45 52 2D 30 30 32 20 00 20 50 00 00 0B 54 58 00 4A 31 00 00 00 00 54 00 58 45 31 00 00 00 00 00 45 44 54 42 18 00 00 20 00 21 00 00 16 0C 24 40 00 0B 00 00 00 00 00 00 00 00 00 00 00 00 00 00 00 00 00 00 50 52 4D 00 32 20 00 00 00 00 00 00 00 00 00 00 00 00 00 40 00 0C 00 00 00 00 00 00 00 00 00 00 00 00 00 00 00 00 00 00 00 00 00 40 00 07 4E 41 4D 45 20 00 00 00 00 55 53 45 52 00 2D 30 30 32 20 20 20 00 20 20 20 20 20 20 20 00 20 20 20 20 20 20 20 00 20 20 20 00 00 00 00 00 00 00 00 00 00 00 00 00 00 00 00 00 00 00 00 00 00 00 00 00 00 00 00 00 00 00 00 00 00 00 00 00 00 00 00 00 00 00 00 00 00 00 00 00 00 00 00 00 00 00 00 00 00 00 00 00 00 00 00 00 00 00 00 00 00 00 00 00 00 00 00 00 00 00 00 00 00 00 00 00 00 00 00 00 00 00 00 00 00 00 00 00 00 00 00 00 00 00 00 00 00 00 00 00 00 00 00 00 00 00 00 00 00 00 00 00 00 00 00 00 00 00 00 00 00 00 00 00 00 00 00 00 00 00 00 00 00 00 00 00 00 00 00 00 00 00 00 00 00 00 00 00 00 00 00 00 00 00 00 00 00 00 00 00 00 00 00 00 00 00 00 00 00 00 00 00 00 00 00 00 00 00 00 00 00 00 00 00 00 00 00 00 00 00 00 00 00 00 00 00 00 00 00 00 00 00 00 00 00 00 00 00 00 00 00 00 00 00 00 00 00 00 00 00 00 00 00 00 00 00 00 00 00 00 00 00 00 00 00 00 00 00 00 00 00 00 00 00 00 00 00 00 00 00 00 00 00 00 00 00 00 00 00 00 00 00 00 00 00 00 00 00 00 00 00 00 00 00 00 00 00 00 00 00 00 00 00 00 00 00 00 00 00 00 00 00 00 00 00 00 00 00 00 00 00 00 00 00 00 00 00 00 00 00 00 00 00 00 00 00 00 00 00 00 00 00 00 00 00 00 00 00 00 00 00 00 00 00 00 00 00 00 00 00 00 00 00 00 00 00 00 00 00 00 00 00 00 00 00 00 00 00 00 00 00 00 00 00 00 00 00 00 00 00 00 00 00 00 00 00 00 00 00 00 00 00 00 00 00 00 00 00 00 00 00 00 00 00 00 00 00 00 00 00 00 00 00 00 00 00 00 00 00 00 00 00 00 00 00 00 00 00 00 00 00 00 00 00 00 00 00 00 00 00 00 00 00 00 00 00 00 00 00 00 00 00 00 00 00 00 00 00 00 00 00 00 00 00 00 00 00 00 00 00 00 00 00 00 00 00 00 00 00 00 00 00 00 00 00 00 00 00 00 00 00 00 00 00 00 00 00 00 00 00 00 00 00 00 00 00 00 00 00 00 00 00 00 00 00 00 00 00 00 00 00 00 00 00 00 00 00 00 00 00 00 00 00 00 00 00 00 00 00 00 00 00 00 00 00 00 00 00 00 00 00 00 00 00 00 00 00 00 00 00 00 00 00 00 00 00 00 00 00 00 00 00 00 00 00 00 00 00 00 00 00 00 00 00 00 00 00 00 00 00 00 00 00 00 00 00 00 00 00 00 00 00 00 00 00 00 00 00 00 00 00 00 00 00 00 00 00 00 00 00 00 00 00 00 00 00 00 00 00 00 00 00 00 00 00 00 00 00 00 00 00 00 00 00 00 00 00 00 00 00 00 00 00 00 00 00 00 00 00 00 00 00 00 00 00 00 00 00 00 00 00 00 00 00 00 00 00 00 00 00 00 00 00 00 00 00 00 00 00 00 00 00 00 00 00 00 00 00 00 00 00 00 00 00 00 00 00 00 00 00 00 00 00 00 00 00 00 00 00 00 00 00 00 00 00 00 00 00 00 00 00 00 00 00 00 00 00 00 00 00 00 00 00 00 00 00 00 00 00 00 00 00 00 00 00 00 00 00 00 00 00 00 00 00 00 00 00 00 00 00 00 00 00 00 00 00 00 00 00 00 00 00 00 76 14 14 3B 08 F7
2026-10-06 03:45:41.102  RX  F0 52 00 6E 64 12 00 50 06 04 50 54 43 46 28 00 00 00 00 02 00 00 00 01 00 00 00 00 00 00 08 00 00 00 00 00 00 00 00 55 53 00 45 52 2D 30 30 32 20 00 20 60 00 00 0B 54 58 00 4A 31 00 00 00 00 54 00 58 45 31 00 00 00 00 00 45 44 54 42 18 00 00 20 00 41 00 00 16 0C 24 10 40 01 38 00 00 00 00 00 00 00 00 00 00 00 00 00 00 00 00 00 50 52 4D 00 32 20 00 00 00 00 00 00 00 00 00 00 00 00 00 40 00 0C 00 00 00 00 00 00 00 00 00 00 00 00 00 00 00 00 00 00 00 00 00 40 00 07 4E 41 4D 45 20 00 00 00 00 55 53 45 52 00 2D 30 30 32 20 20 20 00 20 20 20 20 20 20 20 00 20 20 20 20 20 20 20 00 20 20 20 00 00 00 00 00 00 00 00 00 00 00 00 00 00 00 00 00 00 00 00 00 00 00 00 00 00 00 00 00 00 00 00 00 00 00 00 00 00 00 00 00 00 00 00 00 00 00 00 00 00 00 00 00 00 00 00 00 00 00 00 00 00 00 00 00 00 00 00 00 00 00 00 00 00 00 00 00 00 00 00 00 00 00 00 00 00 00 00 00 00 00 00 00 00 00 00 00 00 00 00 00 00 00 00 00 00 00 00 00 00 00 00 00 00 00 00 00 00 00 00 00 00 00 00 00 00 00 00 00 00 00 00 00 00 00 00 00 00 00 00 00 00 00 00 00 00 00 00 00 00 00 00 00 00 00 00 00 00 00 00 00 00 00 00 00 00 00 00 00 00 00 00 00 00 00 00 00 00 00 00 00 00 00 00 00 00 00 00 00 00 00 00 00 00 00 00 00 00 00 00 00 00 00 00 00 00 00 00 00 00 00 00 00 00 00 00 00 00 00 00 00 00 00 00 00 00 00 00 00 00 00 00 00 00 00 00 00 00 00 00 00 00 00 00 00 00 00 00 00 00 00 00 00 00 00 00 00 00 00 00 00 00 00 00 00 00 00 00 00 00 00 00 00 00 00 00 00 00 00 00 00 00 00 00 00 00 00 00 00 00 00 00 00 00 00 00 00 00 00 00 00 00 00 00 00 00 00 00 00 00 00 00 00 00 00 00 00 00 00 00 00 00 00 00 00 00 00 00 00 00 00 00 00 00 00 00 00 00 00 00 00 00 00 00 00 00 00 00 00 00 00 00 00 00 00 00 00 00 00 00 00 00 00 00 00 00 00 00 00 00 00 00 00 00 00 00 00 00 00 00 00 00 00 00 00 00 00 00 00 00 00 00 00 00 00 00 00 00 00 00 00 00 00 00 00 00 00 00 00 00 00 00 00 00 00 00 00 00 00 00 00 00 00 00 00 00 00 00 00 00 00 00 00 00 00 00 00 00 00 00 00 00 00 00 00 00 00 00 00 00 00 00 00 00 00 00 00 00 00 00 00 00 00 00 00 00 00 00 00 00 00 00 00 00 00 00 00 00 00 00 00 00 00 00 00 00 00 00 00 00 00 00 00 00 00 00 00 00 00 00 00 00 00 00 00 00 00 00 00 00 00 00 00 00 00 00 00 00 00 00 00 00 00 00 00 00 00 00 00 00 00 00 00 00 00 00 00 00 00 00 00 00 00 00 00 00 00 00 00 00 00 00 00 00 00 00 00 00 00 00 00 00 00 00 00 00 00 00 00 00 00 00 00 00 00 00 00 00 00 00 00 00 00 00 00 00 00 00 00 00 00 00 00 00 00 00 00 00 00 00 00 00 00 00 00 00 00 00 00 00 00 00 00 00 00 00 00 00 00 00 00 00 00 00 00 00 00 00 00 00 00 00 00 00 00 00 00 00 00 00 00 00 00 00 00 00 00 00 00 00 00 00 00 00 00 00 00 00 00 00 00 00 00 00 00 00 00 00 00 00 00 00 00 00 00 00 00 00 00 00 00 00 00 00 00 00 00 00 00 00 00 00 00 00 00 00 00 00 00 00 00 00 00 00 00 00 00 00 00 00 00 00 00 00 00 00 00 00 00 00 00 00 00 00 00 00 00 00 00 00 00 00 00 00 00 00 00 00 00 00 00 00 00 00 00 00 00 00 00 00 00 00 00 00 00 00 00 00 00 00 00 00 00 00 00 00 00 00 00 00 00 00 00 00 00 00 00 00 00 00 00 00 13 58 12 36 01 F7
2026-10-06 03:45:41.265  RX  F0 52 00 6E 64 12 00 50 06 04 50 54 43 46 28 00 00 00 00 02 00 00 00 01 00 00 00 00 00 00 08 00 00 00 00 00 00 00 00 55 53 00 45 52 2D 30 30 32 20 20 20 00 00 00 0B 54 58 00 4A 31 00 00 00 00 54 00 58 45 31 00 00 00 00 00 45 44 54 42 18 00 00 04 00 01 01 00 56 04 14 00 00 0F 00 00 00 00 00 00 00 00 00 00 00 00 00 00 00 00 00 00 50 52 4D 00 32 20 00 00 00 00 00 00 00 00 00 00 00 00 00 40 00 0C 00 00 00 00 00 00 00 00 00 00 00 00 00 00 00 00 00 00 00 00 00 40 00 07 4E 41 4D 45 20 00 00 00 00 55 53 45 52 00 2D 30 30 32 20 20 20 00 20 20 20 20 20 20 20 00 20 20 20 20 20 20 20 00 20 20 20 00 00 00 00 00 00 00 00 00 00 00 00 00 00 00 00 00 00 00 00 00 00 00 00 00 00 00 00 00 00 00 00 00 00 00 00 00 00 00 00 00 00 00 00 00 00 00 00 00 00 00 00 00 00 00 00 00 00 00 00 00 00 00 00 00 00 00 00 00 00 00 00 00 00 00 00 00 00 00 00 00 00 00 00 00 00 00 00 00 00 00 00 00 00 00 00 00 00 00 00 00 00 00 00 00 00 00 00 00 00 00 00 00 00 00 00 00 00 00 00 00 00 00 00 00 00 00 00 00 00 00 00 00 00 00 00 00 00 00 00 00 00 00 00 00 00 00 00 00 00 00 00 00 00 00 00 00 00 00 00 00 00 00 00 00 00 00 00 00 00 00 00 00 00 00 00 00 00 00 00 00 00 00 00 00 00 00 00 00 00 00 00 00 00 00 00 00 00 00 00 00 00 00 00 00 00 00 00 00 00 00 00 00 00 00 00 00 00 00 00 00 00 00 00 00 00 00 00 00 00 00 00 00 00 00 00 00 00 00 00 00 00 00 00 00 00 00 00 00 00 00 00 00 00 00 00 00 00 00 00 00 00 00 00 00 00 00 00 00 00 00 00 00 00 00 00 00 00 00 00 00 00 00 00 00 00 00 00 00 00 00 00 00 00 00 00 00 00 00 00 00 00 00 00 00 00 00 00 00 00 00 00 00 00 00 00 00 00 00 00 00 00 00 00 00 00 00 00 00 00 00 00 00 00 00 00 00 00 00 00 00 00 00 00 00 00 00 00 00 00 00 00 00 00 00 00 00 00 00 00 00 00 00 00 00 00 00 00 00 00 00 00 00 00 00 00 00 00 00 00 00 00 00 00 00 00 00 00 00 00 00 00 00 00 00 00 00 00 00 00 00 00 00 00 00 00 00 00 00 00 00 00 00 00 00 00 00 00 00 00 00 00 00 00 00 00 00 00 00 00 00 00 00 00 00 00 00 00 00 00 00 00 00 00 00 00 00 00 00 00 00 00 00 00 00 00 00 00 00 00 00 00 00 00 00 00 00 00 00 00 00 00 00 00 00 00 00 00 00 00 00 00 00 00 00 00 00 00 00 00 00 00 00 00 00 00 00 00 00 00 00 00 00 00 00 00 00 00 00 00 00 00 00 00 00 00 00 00 00 00 00 00 00 00 00 00 00 00 00 00 00 00 00 00 00 00 00 00 00 00 00 00 00 00 00 00 00 00 00 00 00 00 00 00 00 00 00 00 00 00 00 00 00 00 00 00 00 00 00 00 00 00 00 00 00 00 00 00 00 00 00 00 00 00 00 00 00 00 00 00 00 00 00 00 00 00 00 00 00 00 00 00 00 00 00 00 00 00 00 00 00 00 00 00 00 00 00 00 00 00 00 00 00 00 00 00 00 00 00 00 00 00 00 00 00 00 00 00 00 00 00 00 00 00 00 00 00 00 00 00 00 00 00 00 00 00 00 00 00 00 00 00 00 00 00 00 00 00 00 00 00 00 00 00 00 00 00 00 00 00 00 00 00 00 00 00 00 00 00 00 00 00 00 00 00 00 00 00 00 00 00 00 00 00 00 00 00 00 00 00 00 00 00 00 00 00 00 00 00 00 00 00 00 00 00 00 00 00 00 00 00 00 00 00 00 00 00 00 00 00 00 00 00 00 00 00 00 00 00 00 00 00 00 00 00 00 00 00 00 00 00 00 00 00 00 00 00 00 00 00 00 00 00 00 00 00 00 00 00 00 00 00 29 34 78 27 04 F7
2026-10-06 03:45:41.433  RX  F0 52 00 6E 64 12 00 50 06 04 50 54 43 46 28 00 00 00 00 02 00 00 00 01 00 00 00 00 00 00 08 00 00 00 00 00 00 00 00 55 53 00 45 52 2D 30 30 32 20 00 20 20 20 00 0B 54 58 00 4A 31 00 00 00 00 54 00 58 45 31 00 00 00 00 00 45 44 54 42 18 00 00 05 00 41 40 00 16 0C 10 40 01 0C 40 41 00 00 00 00 00 00 00 00 00 00 00 00 00 00 00 00 50 52 4D 00 32 20 00 00 00 00 00 00 00 00 00 00 00 00 00 40 00 0C 00 00 00 00 00 00 00 00 00 00 00 00 00 00 00 00 00 00 00 00 00 40 00 07 4E 41 4D 45 20 00 00 00 00 55 53 45 52 00 2D 30 30 32 20 20 20 00 20 20 20 20 20 20 20 00 20 20 20 20 20 20 20 00 20 20 20 00 00 00 00 00 00 00 00 00 00 00 00 00 00 00 00 00 00 00 00 00 00 00 00 00 00 00 00 00 00 00 00 00 00 00 00 00 00 00 00 00 00 00 00 00 00 00 00 00 00 00 00 00 00 00 00 00 00 00 00 00 00 00 00 00 00 00 00 00 00 00 00 00 00 00 00 00 00 00 00 00 00 00 00 00 00 00 00 00 00 00 00 00 00 00 00 00 00 00 00 00 00 00 00 00 00 00 00 00 00 00 00 00 00 00 00 00 00 00 00 00 00 00 00 00 00 00 00 00 00 00 00 00 00 00 00 00 00 00 00 00 00 00 00 00 00 00 00 00 00 00 00 00 00 00 00 00 00 00 00 00 00 00 00 00 00 00 00 00 00 00 00 00 00 00 00 00 00 00 00 00 00 00 00 00 00 00 00 00 00 00 00 00 00 00 00 00 00 00 00 00 00 00 00 00 00 00 00 00 00 00 00 00 00 00 00 00 00 00 00 00 00 00 00 00 00 00 00 00 00 00 00 00 00 00 00 00 00 00 00 00 00 00 00 00 00 00 00 00 00 00 00 00 00 00 00 00 00 00 00 00 00 00 00 00 00 00 00 00 00 00 00 00 00 00 00 00 00 00 00 00 00 00 00 00 00 00 00 00 00 00 00 00 00 00 00 00 00 00 00 00 00 00 00 00 00 00 00 00 00 00 00 00 00 00 00 00 00 00 00 00 00 00 00 00 00 00 00 00 00 00 00 00 00 00 00 00 00 00 00 00 00 00 00 00 00 00 00 00 00 00 00 00 00 00 00 00 00 00 00 00 00 00 00 00 00 00 00 00 00 00 00 00 00 00 00 00 00 00 00 00 00 00 00 00 00 00 00 00 00 00 00 00 00 00 00 00 00 00 00 00 00 00 00 00 00 00 00 00 00 00 00 00 00 00 00 00 00 00 00 00 00 00 00 00 00 00 00 00 00 00 00 00 00 00 00 00 00 00 00 00 00 00 00 00 00 00 00 00 00 00 00 00 00 00 00 00 00 00 00 00 00 00 00 00 00 00 00 00 00 00 00 00 00 00 00 00 00 00 00 00 00 00 00 00 00 00 00 00 00 00 00 00 00 00 00 00 00 00 00 00 00 00 00 00 00 00 00 00 00 00 00 00 00 00 00 00 00 00 00 00 00 00 00 00 00 00 00 00 00 00 00 00 00 00 00 00 00 00 00 00 00 00 00 00 00 00 00 00 00 00 00 00 00 00 00 00 00 00 00 00 00 00 00 00 00 00 00 00 00 00 00 00 00 00 00 00 00 00 00 00 00 00 00 00 00 00 00 00 00 00 00 00 00 00 00 00 00 00 00 00 00 00 00 00 00 00 00 00 00 00 00 00 00 00 00 00 00 00 00 00 00 00 00 00 00 00 00 00 00 00 00 00 00 00 00 00 00 00 00 00 00 00 00 00 00 00 00 00 00 00 00 00 00 00 00 00 00 00 00 00 00 00 00 00 00 00 00 00 00 00 00 00 00 00 00 00 00 00 00 00 00 00 00 00 00 00 00 00 00 00 00 00 00 00 00 00 00 00 00 00 00 00 00 00 00 00 00 00 00 00 00 00 00 00 00 00 00 00 00 00 00 00 00 00 00 00 00 00 00 00 00 00 00 00 00 00 00 00 00 00 00 00 00 00 00 00 00 00 00 00 00 00 00 00 00 00 00 00 00 00 00 00 00 00 00 00 00 00 00 00 00 00 00 00 00 00 00 00 00 00 00 25 2B 53 2C 03 F7
2026-10-06 03:45:41.620  RX  F0 52 00 6E 64 12 00 50 06 04 50 54 43 46 28 00 00 00 00 02 00 00 00 01 00 00 00 00 00 00 08 00 00 00 00 00 00 00 00 55 53 00 45 52 2D 30 30 32 20 00 20 40 20 00 0B 54 58 00 4A 31 00 00 00 00 54 00 58 45 31 00 00 00 00 00 45 44 54 42 18 00 00 25 00 01 40 00 16 0C 10 58 01 0C 10 41 05 40 05 00 00 00 00 00 00 00 00 00 00 00 00 00 50 52 4D 00 32 20 00 00 00 00 00 00 00 00 00 00 00 00 00 40 00 0C 00 00 00 00 00 00 00 00 00 00 00 00 00 00 00 00 00 00 00 00 00 40 00 07 4E 41 4D 45 20 00 00 00 00 55 53 45 52 00 2D 30 30 32 20 20 20 00 20 20 20 20 20 20 20 00 20 20 20 20 20 20 20 00 20 20 20 00 00 00 00 00 00 00 00 00 00 00 00 00 00 00 00 00 00 00 00 00 00 00 00 00 00 00 00 00 00 00 00 00 00 00 00 00 00 00 00 00 00 00 00 00 00 00 00 00 00 00 00 00 00 00 00 00 00 00 00 00 00 00 00 00 00 00 00 00 00 00 00 00 00 00 00 00 00 00 00 00 00 00 00 00 00 00 00 00 00 00 00 00 00 00 00 00 00 00 00 00 00 00 00 00 00 00 00 00 00 00 00 00 00 00 00 00 00 00 00 00 00 00 00 00 00 00 00 00 00 00 00 00 00 00 00 00 00 00 00 00 00 00 00 00 00 00 00 00 00 00 00 00 00 00 00 00 00 00 00 00 00 00 00 00 00 00 00 00 00 00 00 00 00 00 00 00 00 00 00 00 00 00 00 00 00 00 00 00 00 00 00 00 00 00 00 00 00 00 00 00 00 00 00 00 00 00 00 00 00 00 00 00 00 00 00 00 00 00 00 00 00 00 00 00 00 00 00 00 00 00 00 00 00 00 00 00 00 00 00 00 00 00 00 00 00 00 00 00 00 00 00 00 00 00 00 00 00 00 00 00 00 00 00 00 00 00 00 00 00 00 00 00 00 00 00 00 00 00 00 00 00 00 00 00 00 00 00 00 00 00 00 00 00 00 00 00 00 00 00 00 00 00 00 00 00 00 00 00 00 00 00 00 00 00 00 00 00 00 00 00 00 00 00 00 00 00 00 00 00 00 00 00 00 00 00 00 00 00 00 00 00 00 00 00 00 00 00 00 00 00 00 00 00 00 00 00 00 00 00 00 00 00 00 00 00 00 00 00 00 00 00 00 00 00 00 00 00 00 00 00 00 00 00 00 00 00 00 00 00 00 00 00 00 00 00 00 00 00 00 00 00 00 00 00 00 00 00 00 00 00 00 00 00 00 00 00 00 00 00 00 00 00 00 00 00 00 00 00 00 00 00 00 00 00 00 00 00 00 00 00 00 00 00 00 00 00 00 00 00 00 00 00 00 00 00 00 00 00 00 00 00 00 00 00 00 00 00 00 00 00 00 00 00 00 00 00 00 00 00 00 00 00 00 00 00 00 00 00 00 00 00 00 00 00 00 00 00 00 00 00 00 00 00 00 00 00 00 00 00 00 00 00 00 00 00 00 00 00 00 00 00 00 00 00 00 00 00 00 00 00 00 00 00 00 00 00 00 00 00 00 00 00 00 00 00 00 00 00 00 00 00 00 00 00 00 00 00 00 00 00 00 00 00 00 00 00 00 00 00 00 00 00 00 00 00 00 00 00 00 00 00 00 00 00 00 00 00 00 00 00 00 00 00 00 00 00 00 00 00 00 00 00 00 00 00 00 00 00 00 00 00 00 00 00 00 00 00 00 00 00 00 00 00 00 00 00 00 00 00 00 00 00 00 00 00 00 00 00 00 00 00 00 00 00 00 00 00 00 00 00 00 00 00 00 00 00 00 00 00 00 00 00 00 00 00 00 00 00 00 00 00 00 00 00 00 00 00 00 00 00 00 00 00 00 00 00 00 00 00 00 00 00 00 00 00 00 00 00 00 00 00 00 00 00 00 00 00 00 00 00 00 00 00 00 00 00 00 00 00 00 00 00 00 00 00 00 00 00 00 00 00 00 00 00 00 00 00 00 00 00 00 00 00 00 00 00 00 00 00 00 00 00 00 00 00 00 00 00 00 00 00 00 00 00 00 00 00 00 00 00 00 00 00 00 00 00 00 00 00 00 00 19 71 4B 28 0F F7
2026-10-06 03:45:41.791  RX  F0 52 00 6E 64 12 00 50 06 04 50 54 43 46 28 00 00 00 00 02 00 00 00 01 00 00 00 00 00 00 08 00 00 00 00 00 00 00 00 55 53 00 45 52 2D 30 30 32 20 00 20 24 20 00 0B 54 58 00 4A 31 00 00 00 00 54 00 58 45 31 00 00 00 00 00 45 44 54 42 18 00 00 05 00 49 40 00 16 0C 10 10 41 02 48 00 14 04 00 00 00 00 00 00 00 00 00 00 00 00 00 00 50 52 4D 00 32 20 00 00 00 00 00 00 00 00 00 00 00 00 00 40 00 0C 00 00 00 00 00 00 00 00 00 00 00 00 00 00 00 00 00 00 00 00 00 40 00 07 4E 41 4D 45 20 00 00 00 00 55 53 45 52 00 2D 30 30 32 20 20 20 00 20 20 20 20 20 20 20 00 20 20 20 20 20 20 20 00 20 20 20 00 00 00 00 00 00 00 00 00 00 00 00 00 00 00 00 00 00 00 00 00 00 00 00 00 00 00 00 00 00 00 00 00 00 00 00 00 00 00 00 00 00 00 00 00 00 00 00 00 00 00 00 00 00 00 00 00 00 00 00 00 00 00 00 00 00 00 00 00 00 00 00 00 00 00 00 00 00 00 00 00 00 00 00 00 00 00 00 00 00 00 00 00 00 00 00 00 00 00 00 00 00 00 00 00 00 00 00 00 00 00 00 00 00 00 00 00 00 00 00 00 00 00 00 00 00 00 00 00 00 00 00 00 00 00 00 00 00 00 00 00 00 00 00 00 00 00 00 00 00 00 00 00 00 00 00 00 00 00 00 00 00 00 00 00 00 00 00 00 00 00 00 00 00 00 00 00 00 00 00 00 00 00 00 00 00 00 00 00 00 00 00 00 00 00 00 00 00 00 00 00 00 00 00 00 00 00 00 00 00 00 00 00 00 00 00 00 00 00 00 00 00 00 00 00 00 00 00 00 00 00 00 00 00 00 00 00 00 00 00 00 00 00 00 00 00 00 00 00 00 00 00 00 00 00 00 00 00 00 00 00 00 00 00 00 00 00 00 00 00 00 00 00 00 00 00 00 00 00 00 00 00 00 00 00 00 00 00 00 00 00 00 00 00 00 00 00 00 00 00 00 00 00 00 00 00 00 00 00 00 00 00 00 00 00 00 00 00 00 00 00 00 00 00 00 00 00 00 00 00 00 00 00 00 00 00 00 00 00 00 00 00 00 00 00 00 00 00 00 00 00 00 00 00 00 00 00 00 00 00 00 00 00 00 00 00 00 00 00 00 00 00 00 00 00 00 00 00 00 00 00 00 00 00 00 00 00 00 00 00 00 00 00 00 00 00 00 00 00 00 00 00 00 00 00 00 00 00 00 00 00 00 00 00 00 00 00 00 00 00 00 00 00 00 00 00 00 00 00 00 00 00 00 00 00 00 00 00 00 00 00 00 00 00 00 00 00 00 00 00 00 00 00 00 00 00 00 00 00 00 00 00 00 00 00 00 00 00 00 00 00 00 00 00 00 00 00 00 00 00 00 00 00 00 00 00 00 00 00 00 00 00 00 00 00 00 00 00 00 00 00 00 00 00 00 00 00 00 00 00 00 00 00 00 00 00 00 00 00 00 00 00 00 00 00 00 00 00 00 00 00 00 00 00 00 00 00 00 00 00 00 00 00 00 00 00 00 00 00 00 00 00 00 00 00 00 00 00 00 00 00 00 00 00 00 00 00 00 00 00 00 00 00 00 00 00 00 00 00 00 00 00 00 00 00 00 00 00 00 00 00 00 00 00 00 00 00 00 00 00 00 00 00 00 00 00 00 00 00 00 00 00 00 00 00 00 00 00 00 00 00 00 00 00 00 00 00 00 00 00 00 00 00 00 00 00 00 00 00 00 00 00 00 00 00 00 00 00 00 00 00 00 00 00 00 00 00 00 00 00 00 00 00 00 00 00 00 00 00 00 00 00 00 00 00 00 00 00 00 00 00 00 00 00 00 00 00 00 00 00 00 00 00 00 00 00 00 00 00 00 00 00 00 00 00 00 00 00 00 00 00 00 00 00 00 00 00 00 00 00 00 00 00 00 00 00 00 00 00 00 00 00 00 00 00 00 00 00 00 00 00 00 00 00 00 00 00 00 00 00 00 00 00 00 00 00 00 00 00 00 00 00 00 00 00 00 00 00 00 00 00 00 00 00 00 00 00 00 00 00 00 00 1E 17 05 29 01 F7
2026-10-06 03:45:42.816  RX  F0 52 00 6E 64 12 00 50 06 04 50 54 43 46 28 00 00 00 00 02 00 00 00 01 00 00 00 00 00 00 08 00 00 00 00 00 00 00 00 55 53 00 45 52 2D 30 30 32 20 00 20 40 20 00 0B 54 58 00 4A 31 00 00 00 00 54 00 58 45 31 00 00 00 00 00 45 44 54 42 18 00 00 25 00 01 40 00 16 0C 10 58 01 0C 10 41 05 40 05 00 00 00 00 00 00 00 00 00 00 00 00 00 50 52 4D 00 32 20 00 00 00 00 00 00 00 00 00 00 00 00 00 40 00 0C 00 00 00 00 00 00 00 00 00 00 00 00 00 00 00 00 00 00 00 00 00 40 00 07 4E 41 4D 45 20 00 00 00 00 55 53 45 52 00 2D 30 30 32 20 20 20 00 20 20 20 20 20 20 20 00 20 20 20 20 20 20 20 00 20 20 20 00 00 00 00 00 00 00 00 00 00 00 00 00 00 00 00 00 00 00 00 00 00 00 00 00 00 00 00 00 00 00 00 00 00 00 00 00 00 00 00 00 00 00 00 00 00 00 00 00 00 00 00 00 00 00 00 00 00 00 00 00 00 00 00 00 00 00 00 00 00 00 00 00 00 00 00 00 00 00 00 00 00 00 00 00 00 00 00 00 00 00 00 00 00 00 00 00 00 00 00 00 00 00 00 00 00 00 00 00 00 00 00 00 00 00 00 00 00 00 00 00 00 00 00 00 00 00 00 00 00 00 00 00 00 00 00 00 00 00 00 00 00 00 00 00 00 00 00 00 00 00 00 00 00 00 00 00 00 00 00 00 00 00 00 00 00 00 00 00 00 00 00 00 00 00 00 00 00 00 00 00 00 00 00 00 00 00 00 00 00 00 00 00 00 00 00 00 00 00 00 00 00 00 00 00 00 00 00 00 00 00 00 00 00 00 00 00 00 00 00 00 00 00 00 00 00 00 00 00 00 00 00 00 00 00 00 00 00 00 00 00 00 00 00 00 00 00 00 00 00 00 00 00 00 00 00 00 00 00 00 00 00 00 00 00 00 00 00 00 00 00 00 00 00 00 00 00 00 00 00 00 00 00 00 00 00 00 00 00 00 00 00 00 00 00 00 00 00 00 00 00 00 00 00 00 00 00 00 00 00 00 00 00 00 00 00 00 00 00 00 00 00 00 00 00 00 00 00 00 00 00 00 00 00 00 00 00 00 00 00 00 00 00 00 00 00 00 00 00 00 00 00 00 00 00 00 00 00 00 00 00 00 00 00 00 00 00 00 00 00 00 00 00 00 00 00 00 00 00 00 00 00 00 00 00 00 00 00 00 00 00 00 00 00 00 00 00 00 00 00 00 00 00 00 00 00 00 00 00 00 00 00 00 00 00 00 00 00 00 00 00 00 00 00 00 00 00 00 00 00 00 00 00 00 00 00 00 00 00 00 00 00 00 00 00 00 00 00 00 00 00 00 00 00 00 00 00 00 00 00 00 00 00 00 00 00 00 00 00 00 00 00 00 00 00 00 00 00 00 00 00 00 00 00 00 00 00 00 00 00 00 00 00 00 00 00 00 00 00 00 00 00 00 00 00 00 00 00 00 00 00 00 00 00 00 00 00 00 00 00 00 00 00 00 00 00 00 00 00 00 00 00 00 00 00 00 00 00 00 00 00 00 00 00 00 00 00 00 00 00 00 00 00 00 00 00 00 00 00 00 00 00 00 00 00 00 00 00 00 00 00 00 00 00 00 00 00 00 00 00 00 00 00 00 00 00 00 00 00 00 00 00 00 00 00 00 00 00 00 00 00 00 00 00 00 00 00 00 00 00 00 00 00 00 00 00 00 00 00 00 00 00 00 00 00 00 00 00 00 00 00 00 00 00 00 00 00 00 00 00 00 00 00 00 00 00 00 00 00 00 00 00 00 00 00 00 00 00 00 00 00 00 00 00 00 00 00 00 00 00 00 00 00 00 00 00 00 00 00 00 00 00 00 00 00 00 00 00 00 00 00 00 00 00 00 00 00 00 00 00 00 00 00 00 00 00 00 00 00 00 00 00 00 00 00 00 00 00 00 00 00 00 00 00 00 00 00 00 00 00 00 00 00 00 00 00 00 00 00 00 00 00 00 00 00 00 00 00 00 00 00 00 00 00 00 00 00 00 00 00 00 00 00 00 00 00 00 00 00 00 00 00 00 00 00 00 00 00 00 00 00 00 19 71 4B 28 0F F7
2026-10-06 03:45:44.076  RX  F0 52 00 6E 64 12 00 50 06 04 50 54 43 46 28 00 00 00 00 02 00 00 00 01 00 00 00 00 00 00 08 00 00 00 00 00 00 00 00 55 53 00 45 52 2D 30 30 32 20 00 20 40 20 00 0B 54 58 00 4A 31 00 00 00 00 54 00 58 45 31 00 00 00 00 00 45 44 54 42 18 00 00 25 00 01 40 00 16 0C 10 58 01 0C 10 41 05 40 05 00 00 00 00 00 00 00 00 00 00 00 00 00 50 52 4D 00 32 20 00 00 00 00 00 00 00 00 00 00 00 00 00 40 00 0C 00 00 00 00 00 00 00 00 00 00 00 00 00 00 00 00 00 00 00 00 00 40 00 07 4E 41 4D 45 20 00 00 00 00 55 53 45 52 00 2D 30 30 32 20 20 20 00 20 20 20 20 20 20 20 00 20 20 20 20 20 20 20 00 20 20 20 00 00 00 00 00 00 00 00 00 00 00 00 00 00 00 00 00 00 00 00 00 00 00 00 00 00 00 00 00 00 00 00 00 00 00 00 00 00 00 00 00 00 00 00 00 00 00 00 00 00 00 00 00 00 00 00 00 00 00 00 00 00 00 00 00 00 00 00 00 00 00 00 00 00 00 00 00 00 00 00 00 00 00 00 00 00 00 00 00 00 00 00 00 00 00 00 00 00 00 00 00 00 00 00 00 00 00 00 00 00 00 00 00 00 00 00 00 00 00 00 00 00 00 00 00 00 00 00 00 00 00 00 00 00 00 00 00 00 00 00 00 00 00 00 00 00 00 00 00 00 00 00 00 00 00 00 00 00 00 00 00 00 00 00 00 00 00 00 00 00 00 00 00 00 00 00 00 00 00 00 00 00 00 00 00 00 00 00 00 00 00 00 00 00 00 00 00 00 00 00 00 00 00 00 00 00 00 00 00 00 00 00 00 00 00 00 00 00 00 00 00 00 00 00 00 00 00 00 00 00 00 00 00 00 00 00 00 00 00 00 00 00 00 00 00 00 00 00 00 00 00 00 00 00 00 00 00 00 00 00 00 00 00 00 00 00 00 00 00 00 00 00 00 00 00 00 00 00 00 00 00 00 00 00 00 00 00 00 00 00 00 00 00 00 00 00 00 00 00 00 00 00 00 00 00 00 00 00 00 00 00 00 00 00 00 00 00 00 00 00 00 00 00 00 00 00 00 00 00 00 00 00 00 00 00 00 00 00 00 00 00 00 00 00 00 00 00 00 00 00 00 00 00 00 00 00 00 00 00 00 00 00 00 00 00 00 00 00 00 00 00 00 00 00 00 00 00 00 00 00 00 00 00 00 00 00 00 00 00 00 00 00 00 00 00 00 00 00 00 00 00 00 00 00 00 00 00 00 00 00 00 00 00 00 00 00 00 00 00 00 00 00 00 00 00 00 00 00 00 00 00 00 00 00 00 00 00 00 00 00 00 00 00 00 00 00 00 00 00 00 00 00 00 00 00 00 00 00 00 00 00 00 00 00 00 00 00 00 00 00 00 00 00 00 00 00 00 00 00 00 00 00 00 00 00 00 00 00 00 00 00 00 00 00 00 00 00 00 00 00 00 00 00 00 00 00 00 00 00 00 00 00 00 00 00 00 00 00 00 00 00 00 00 00 00 00 00 00 00 00 00 00 00 00 00 00 00 00 00 00 00 00 00 00 00 00 00 00 00 00 00 00 00 00 00 00 00 00 00 00 00 00 00 00 00 00 00 00 00 00 00 00 00 00 00 00 00 00 00 00 00 00 00 00 00 00 00 00 00 00 00 00 00 00 00 00 00 00 00 00 00 00 00 00 00 00 00 00 00 00 00 00 00 00 00 00 00 00 00 00 00 00 00 00 00 00 00 00 00 00 00 00 00 00 00 00 00 00 00 00 00 00 00 00 00 00 00 00 00 00 00 00 00 00 00 00 00 00 00 00 00 00 00 00 00 00 00 00 00 00 00 00 00 00 00 00 00 00 00 00 00 00 00 00 00 00 00 00 00 00 00 00 00 00 00 00 00 00 00 00 00 00 00 00 00 00 00 00 00 00 00 00 00 00 00 00 00 00 00 00 00 00 00 00 00 00 00 00 00 00 00 00 00 00 00 00 00 00 00 00 00 00 00 00 00 00 00 00 00 00 00 00 00 00 00 00 00 00 00 00 00 00 00 00 00 00 00 00 00 00 00 00 00 00 00 00 00 00 00 00 00 00 19 71 4B 28 0F F7
2026-10-06 03:45:49.148  RX  F0 52 00 6E 45 00 00 09 00 04 00 50 06 04 50 54 43 46 28 00 00 00 00 02 00 00 00 01 00 00 00 00 00 00 08 00 00 00 00 00 00 00 00 55 53 00 45 52 2D 30 30 32 20 00 20 40 20 00 0B 54 58 00 4A 31 00 00 00 00 54 00 58 45 31 00 00 00 00 00 45 44 54 42 18 00 00 25 00 01 40 00 16 0C 10 58 01 0C 10 41 05 40 05 00 00 00 00 00 00 00 00 00 00 00 00 00 50 52 4D 00 32 20 00 00 00 00 00 00 00 00 00 00 00 00 00 40 00 0C 00 00 00 00 00 00 00 00 00 00 00 00 00 00 00 00 00 00 00 00 00 40 00 07 4E 41 4D 45 20 00 00 00 00 55 53 45 52 00 2D 30 30 32 20 20 20 00 20 20 20 20 20 20 20 00 20 20 20 20 20 20 20 00 20 20 20 00 00 00 00 00 00 00 00 00 00 00 00 00 00 00 00 00 00 01 01 24 00 04 08 50 00 04 60 40 00 06 58 54 40 01 00 00 00 00 00 00 00 00 00 04 00 01 01 00 42 08 0C 40 00 02 40 01 00 00 00 00 00 00 00 00 00 00 00 00 00 00 00 00 50 52 4D 00 32 20 00 00 00 00 00 00 00 00 00 00 00 00 00 48 00 2C 64 28 02 00 00 00 00 00 00 00 00 00 00 00 00 00 00 00 00 00 00 40 00 07 4E 41 4D 45 20 00 00 00 00 53 54 49 4C 00 4C 42 49 52 54 48 33 00 20 20 20 20 20 20 20 00 20 20 20 20 20 20 20 00 20 20 20 00 00 00 00 00 00 00 00 00 00 00 00 00 00 00 00 00 00 00 00 00 00 00 00 00 00 00 00 00 00 00 00 00 00 00 00 00 00 00 00 00 00 00 00 00 00 00 00 00 00 00 00 00 00 00 00 00 00 00 00 00 00 00 00 00 00 00 00 00 00 00 00 00 00 00 00 00 00 00 00 00 00 00 00 00 00 00 00 00 00 00 00 00 00 00 00 00 00 00 00 00 00 00 00 00 00 00 00 00 00 00 00 00 00 00 00 00 00 00 00 00 00 00 00 00 00 00 00 00 00 00 00 00 00 00 00 00 00 00 00 00 00 00 00 00 00 00 00 00 00 00 00 00 00 00 00 00 00 00 00 00 00 00 00 00 00 00 00 00 00 00 00 00 00 00 00 00 00 00 00 00 00 00 00 00 00 00 00 00 00 00 00 00 00 00 00 00 00 00 00 00 00 00 00 00 00 00 00 00 00 00 00 00 00 00 00 00 00 00 00 00 00 00 00 00 00 00 00 00 00 00 00 00 00 00 00 00 00 00 00 00 00 00 00 00 00 00 00 00 00 00 00 00 00 00 00 00 00 00 00 00 00 00 00 00 00 00 00 00 00 00 00 00 00 00 00 00 00 00 00 00 00 00 00 00 00 00 00 00 00 00 00 00 00 00 00 00 00 00 00 00 00 00 00 00 00 00 00 00 00 00 00 00 00 00 00 00 00 00 00 00 00 00 00 00 00 00 00 00 00 00 00 00 00 00 00 00 00 00 00 00 00 00 00 00 00 00 00 00 00 00 00 00 00 00 00 00 00 00 00 00 00 00 00 00 00 00 00 00 00 00 00 00 00 00 00 00 00 00 00 00 00 00 00 00 00 00 00 00 00 00 00 00 00 00 00 00 00 00 00 00 00 00 00 00 00 00 00 00 00 00 00 00 00 00 00 00 00 00 00 00 00 00 00 00 00 00 00 00 00 00 00 00 00 00 00 00 00 00 00 00 00 00 00 00 00 00 00 00 00 00 00 00 00 00 00 00 00 00 00 00 00 00 00 00 00 00 00 00 00 00 00 00 00 00 00 00 00 00 00 00 00 00 00 00 00 00 00 00 00 00 00 00 00 00 00 00 00 00 00 00 00 00 00 00 00 00 00 00 00 00 00 00 00 00 00 00 00 00 00 00 00 00 00 00 00 00 00 00 00 00 00 00 00 00 00 00 00 00 00 00 00 00 00 00 00 00 00 00 00 00 00 00 00 00 00 00 00 00 00 00 00 00 00 00 00 00 00 00 00 00 00 00 00 00 00 00 00 00 00 00 00 00 00 00 00 00 00 00 00 00 00 00 00 00 00 00 00 00 00 00 00 00 00 00 00 00 00 00 00 00 00 00 00 00 00 00 00 00 00 00 00 13 35 40 45 08 F7
2026-10-06 03:45:49.177  RX  F0 52 00 6E 64 20 00 64 02 78 00 00 00 00 F7
2026-10-06 03:45:49.177  RX  control_change channel=0 control=0 value=0 time=0
2026-10-06 03:45:49.177  RX  control_change channel=0 control=32 value=9 time=0
2026-10-06 03:45:49.178  RX  program_change channel=0 program=4 time=0
2026-10-06 03:45:58.560  TX  F0 52 00 6E 64 20 00 00 02 62 00 00 00 00 F7  (set_param)
2026-10-06 03:45:58.565  RX  F0 52 00 6E 64 20 01 00 02 62 00 00 00 00 F7
2026-10-06 03:45:58.638  TX  F0 52 00 6E 64 20 00 00 02 61 00 00 00 00 F7  (set_param)
2026-10-06 03:45:58.643  RX  F0 52 00 6E 64 20 01 00 02 61 00 00 00 00 F7
2026-10-06 03:45:58.721  TX  F0 52 00 6E 64 20 00 00 02 60 00 00 00 00 F7  (set_param)
2026-10-06 03:45:58.726  RX  F0 52 00 6E 64 20 01 00 02 60 00 00 00 00 F7
2026-10-06 03:45:59.160  TX  F0 52 00 6E 64 20 00 00 02 5F 00 00 00 00 F7  (set_param)
2026-10-06 03:45:59.165  RX  F0 52 00 6E 64 20 01 00 02 5F 00 00 00 00 F7
2026-10-06 03:45:59.646  --  4 gesendet, 4 bestätigt, 0 ohne Ack, Latenz CC→Ack Median 5.2 ms / Max 5.2 ms
2026-10-06 03:46:00.876  TX  F0 52 00 6E 64 20 00 00 02 61 00 00 00 00 F7  (set_param)
2026-10-06 03:46:00.881  RX  F0 52 00 6E 64 20 01 00 02 61 00 00 00 00 F7
2026-10-06 03:46:00.960  TX  F0 52 00 6E 64 20 00 00 02 63 00 00 00 00 F7  (set_param)
2026-10-06 03:46:00.965  RX  F0 52 00 6E 64 20 01 00 02 63 00 00 00 00 F7
2026-10-06 03:46:01.038  TX  F0 52 00 6E 64 20 00 00 02 64 00 00 00 00 F7  (set_param)
2026-10-06 03:46:01.043  RX  F0 52 00 6E 64 20 01 00 02 64 00 00 00 00 F7
2026-10-06 03:46:01.787  TX  F0 52 00 6E 64 20 00 00 02 60 00 00 00 00 F7  (set_param)
2026-10-06 03:46:01.793  RX  F0 52 00 6E 64 20 01 00 02 60 00 00 00 00 F7
2026-10-06 03:46:01.832  TX  F0 52 00 6E 64 20 00 00 02 5C 00 00 00 00 F7  (set_param)
2026-10-06 03:46:01.836  RX  F0 52 00 6E 64 20 01 00 02 5C 00 00 00 00 F7
2026-10-06 03:46:01.877  TX  F0 52 00 6E 64 20 00 00 02 58 00 00 00 00 F7  (set_param)
2026-10-06 03:46:01.881  RX  F0 52 00 6E 64 20 01 00 02 58 00 00 00 00 F7
2026-10-06 03:46:01.918  TX  F0 52 00 6E 64 20 00 00 02 53 00 00 00 00 F7  (set_param)
2026-10-06 03:46:01.922  RX  F0 52 00 6E 64 20 01 00 02 53 00 00 00 00 F7
2026-10-06 03:46:01.962  TX  F0 52 00 6E 64 20 00 00 02 50 00 00 00 00 F7  (set_param)
2026-10-06 03:46:01.966  RX  F0 52 00 6E 64 20 01 00 02 50 00 00 00 00 F7
2026-10-06 03:46:02.006  TX  F0 52 00 6E 64 20 00 00 02 4C 00 00 00 00 F7  (set_param)
2026-10-06 03:46:02.010  RX  F0 52 00 6E 64 20 01 00 02 4C 00 00 00 00 F7
2026-10-06 03:46:02.049  TX  F0 52 00 6E 64 20 00 00 02 49 00 00 00 00 F7  (set_param)
2026-10-06 03:46:02.053  RX  F0 52 00 6E 64 20 01 00 02 49 00 00 00 00 F7
2026-10-06 03:46:02.094  TX  F0 52 00 6E 64 20 00 00 02 46 00 00 00 00 F7  (set_param)
2026-10-06 03:46:02.098  RX  F0 52 00 6E 64 20 01 00 02 46 00 00 00 00 F7
2026-10-06 03:46:02.145  TX  F0 52 00 6E 64 20 00 00 02 44 00 00 00 00 F7  (set_param)
2026-10-06 03:46:02.149  RX  F0 52 00 6E 64 20 01 00 02 44 00 00 00 00 F7
2026-10-06 03:46:02.194  TX  F0 52 00 6E 64 20 00 00 02 42 00 00 00 00 F7  (set_param)
2026-10-06 03:46:02.197  RX  F0 52 00 6E 64 20 01 00 02 42 00 00 00 00 F7
2026-10-06 03:46:02.242  TX  F0 52 00 6E 64 20 00 00 02 40 00 00 00 00 F7  (set_param)
2026-10-06 03:46:02.245  RX  F0 52 00 6E 64 20 01 00 02 40 00 00 00 00 F7
2026-10-06 03:46:02.293  TX  F0 52 00 6E 64 20 00 00 02 3D 00 00 00 00 F7  (set_param)
2026-10-06 03:46:02.297  RX  F0 52 00 6E 64 20 01 00 02 3D 00 00 00 00 F7
2026-10-06 03:46:02.342  TX  F0 52 00 6E 64 20 00 00 02 3C 00 00 00 00 F7  (set_param)
2026-10-06 03:46:02.346  RX  F0 52 00 6E 64 20 01 00 02 3C 00 00 00 00 F7
2026-10-06 03:46:02.386  TX  F0 52 00 6E 64 20 00 00 02 3A 00 00 00 00 F7  (set_param)
2026-10-06 03:46:02.391  RX  F0 52 00 6E 64 20 01 00 02 3A 00 00 00 00 F7
2026-10-06 03:46:02.430  TX  F0 52 00 6E 64 20 00 00 02 37 00 00 00 00 F7  (set_param)
2026-10-06 03:46:02.434  RX  F0 52 00 6E 64 20 01 00 02 37 00 00 00 00 F7
2026-10-06 03:46:02.478  TX  F0 52 00 6E 64 20 00 00 02 35 00 00 00 00 F7  (set_param)
2026-10-06 03:46:02.482  RX  F0 52 00 6E 64 20 01 00 02 35 00 00 00 00 F7
2026-10-06 03:46:02.526  TX  F0 52 00 6E 64 20 00 00 02 31 00 00 00 00 F7  (set_param)
2026-10-06 03:46:02.530  RX  F0 52 00 6E 64 20 01 00 02 31 00 00 00 00 F7
2026-10-06 03:46:02.570  TX  F0 52 00 6E 64 20 00 00 02 2E 00 00 00 00 F7  (set_param)
2026-10-06 03:46:02.574  RX  F0 52 00 6E 64 20 01 00 02 2E 00 00 00 00 F7
2026-10-06 03:46:02.614  TX  F0 52 00 6E 64 20 00 00 02 2A 00 00 00 00 F7  (set_param)
2026-10-06 03:46:02.618  RX  F0 52 00 6E 64 20 01 00 02 2A 00 00 00 00 F7
2026-10-06 03:46:02.657  TX  F0 52 00 6E 64 20 00 00 02 27 00 00 00 00 F7  (set_param)
2026-10-06 03:46:02.661  RX  F0 52 00 6E 64 20 01 00 02 27 00 00 00 00 F7
2026-10-06 03:46:02.702  TX  F0 52 00 6E 64 20 00 00 02 23 00 00 00 00 F7  (set_param)
2026-10-06 03:46:02.705  RX  F0 52 00 6E 64 20 01 00 02 23 00 00 00 00 F7
2026-10-06 03:46:02.744  TX  F0 52 00 6E 64 20 00 00 02 1F 00 00 00 00 F7  (set_param)
2026-10-06 03:46:02.748  RX  F0 52 00 6E 64 20 01 00 02 1F 00 00 00 00 F7
2026-10-06 03:46:02.788  TX  F0 52 00 6E 64 20 00 00 02 1D 00 00 00 00 F7  (set_param)
2026-10-06 03:46:02.792  RX  F0 52 00 6E 64 20 01 00 02 1D 00 00 00 00 F7
2026-10-06 03:46:02.839  TX  F0 52 00 6E 64 20 00 00 02 1A 00 00 00 00 F7  (set_param)
2026-10-06 03:46:02.843  RX  F0 52 00 6E 64 20 01 00 02 1A 00 00 00 00 F7
2026-10-06 03:46:02.882  TX  F0 52 00 6E 64 20 00 00 02 18 00 00 00 00 F7  (set_param)
2026-10-06 03:46:02.886  RX  F0 52 00 6E 64 20 01 00 02 18 00 00 00 00 F7
2026-10-06 03:46:02.924  TX  F0 52 00 6E 64 20 00 00 02 14 00 00 00 00 F7  (set_param)
2026-10-06 03:46:02.928  RX  F0 52 00 6E 64 20 01 00 02 14 00 00 00 00 F7
2026-10-06 03:46:02.967  TX  F0 52 00 6E 64 20 00 00 02 11 00 00 00 00 F7  (set_param)
2026-10-06 03:46:02.971  RX  F0 52 00 6E 64 20 01 00 02 11 00 00 00 00 F7
2026-10-06 03:46:03.014  TX  F0 52 00 6E 64 20 00 00 02 0D 00 00 00 00 F7  (set_param)
2026-10-06 03:46:03.018  RX  F0 52 00 6E 64 20 01 00 02 0D 00 00 00 00 F7
2026-10-06 03:46:03.058  TX  F0 52 00 6E 64 20 00 00 02 09 00 00 00 00 F7  (set_param)
2026-10-06 03:46:03.062  RX  F0 52 00 6E 64 20 01 00 02 09 00 00 00 00 F7
2026-10-06 03:46:03.104  TX  F0 52 00 6E 64 20 00 00 02 05 00 00 00 00 F7  (set_param)
2026-10-06 03:46:03.107  RX  F0 52 00 6E 64 20 01 00 02 05 00 00 00 00 F7
2026-10-06 03:46:03.148  TX  F0 52 00 6E 64 20 00 00 02 01 00 00 00 00 F7  (set_param)
2026-10-06 03:46:03.152  RX  F0 52 00 6E 64 20 01 00 02 01 00 00 00 00 F7
2026-10-06 03:46:03.194  TX  F0 52 00 6E 64 20 00 00 02 00 00 00 00 00 F7  (set_param)
2026-10-06 03:46:03.199  RX  F0 52 00 6E 64 20 01 00 02 00 00 00 00 00 F7
2026-10-06 03:46:03.626  TX  F0 52 00 6E 64 20 00 00 02 0E 00 00 00 00 F7  (set_param)
2026-10-06 03:46:03.631  RX  F0 52 00 6E 64 20 01 00 02 0E 00 00 00 00 F7
2026-10-06 03:46:03.666  TX  F0 52 00 6E 64 20 00 00 02 1A 00 00 00 00 F7  (set_param)
2026-10-06 03:46:03.670  RX  F0 52 00 6E 64 20 01 00 02 1A 00 00 00 00 F7
2026-10-06 03:46:03.707  TX  F0 52 00 6E 64 20 00 00 02 23 00 00 00 00 F7  (set_param)
2026-10-06 03:46:03.710  RX  F0 52 00 6E 64 20 01 00 02 23 00 00 00 00 F7
2026-10-06 03:46:03.748  TX  F0 52 00 6E 64 20 00 00 02 2B 00 00 00 00 F7  (set_param)
2026-10-06 03:46:03.752  RX  F0 52 00 6E 64 20 01 00 02 2B 00 00 00 00 F7
2026-10-06 03:46:03.793  TX  F0 52 00 6E 64 20 00 00 02 2F 00 00 00 00 F7  (set_param)
2026-10-06 03:46:03.797  RX  F0 52 00 6E 64 20 01 00 02 2F 00 00 00 00 F7
2026-10-06 03:46:03.843  TX  F0 52 00 6E 64 20 00 00 02 32 00 00 00 00 F7  (set_param)
2026-10-06 03:46:03.847  RX  F0 52 00 6E 64 20 01 00 02 32 00 00 00 00 F7
2026-10-06 03:46:03.887  TX  F0 52 00 6E 64 20 00 00 02 36 00 00 00 00 F7  (set_param)
2026-10-06 03:46:03.891  RX  F0 52 00 6E 64 20 01 00 02 36 00 00 00 00 F7
2026-10-06 03:46:03.932  TX  F0 52 00 6E 64 20 00 00 02 3A 00 00 00 00 F7  (set_param)
2026-10-06 03:46:03.936  RX  F0 52 00 6E 64 20 01 00 02 3A 00 00 00 00 F7
2026-10-06 03:46:03.980  TX  F0 52 00 6E 64 20 00 00 02 41 00 00 00 00 F7  (set_param)
2026-10-06 03:46:03.984  RX  F0 52 00 6E 64 20 01 00 02 41 00 00 00 00 F7
2026-10-06 03:46:04.022  TX  F0 52 00 6E 64 20 00 00 02 45 00 00 00 00 F7  (set_param)
2026-10-06 03:46:04.026  RX  F0 52 00 6E 64 20 01 00 02 45 00 00 00 00 F7
2026-10-06 03:46:04.066  TX  F0 52 00 6E 64 20 00 00 02 49 00 00 00 00 F7  (set_param)
2026-10-06 03:46:04.070  RX  F0 52 00 6E 64 20 01 00 02 49 00 00 00 00 F7
2026-10-06 03:46:04.108  TX  F0 52 00 6E 64 20 00 00 02 4C 00 00 00 00 F7  (set_param)
2026-10-06 03:46:04.112  RX  F0 52 00 6E 64 20 01 00 02 4C 00 00 00 00 F7
2026-10-06 03:46:04.153  TX  F0 52 00 6E 64 20 00 00 02 4E 00 00 00 00 F7  (set_param)
2026-10-06 03:46:04.157  RX  F0 52 00 6E 64 20 01 00 02 4E 00 00 00 00 F7
2026-10-06 03:46:04.206  TX  F0 52 00 6E 64 20 00 00 02 50 00 00 00 00 F7  (set_param)
2026-10-06 03:46:04.210  RX  F0 52 00 6E 64 20 01 00 02 50 00 00 00 00 F7
2026-10-06 03:46:04.262  TX  F0 52 00 6E 64 20 00 00 02 52 00 00 00 00 F7  (set_param)
2026-10-06 03:46:04.266  RX  F0 52 00 6E 64 20 01 00 02 52 00 00 00 00 F7
2026-10-06 03:46:04.306  TX  F0 52 00 6E 64 20 00 00 02 54 00 00 00 00 F7  (set_param)
2026-10-06 03:46:04.310  RX  F0 52 00 6E 64 20 01 00 02 54 00 00 00 00 F7
2026-10-06 03:46:04.352  TX  F0 52 00 6E 64 20 00 00 02 57 00 00 00 00 F7  (set_param)
2026-10-06 03:46:04.356  RX  F0 52 00 6E 64 20 01 00 02 57 00 00 00 00 F7
2026-10-06 03:46:04.403  TX  F0 52 00 6E 64 20 00 00 02 5A 00 00 00 00 F7  (set_param)
2026-10-06 03:46:04.407  RX  F0 52 00 6E 64 20 01 00 02 5A 00 00 00 00 F7
2026-10-06 03:46:04.454  TX  F0 52 00 6E 64 20 00 00 02 5C 00 00 00 00 F7  (set_param)
2026-10-06 03:46:04.458  RX  F0 52 00 6E 64 20 01 00 02 5C 00 00 00 00 F7
2026-10-06 03:46:04.502  TX  F0 52 00 6E 64 20 00 00 02 5E 00 00 00 00 F7  (set_param)
2026-10-06 03:46:04.506  RX  F0 52 00 6E 64 20 01 00 02 5E 00 00 00 00 F7
2026-10-06 03:46:04.544  TX  F0 52 00 6E 64 20 00 00 02 62 00 00 00 00 F7  (set_param)
2026-10-06 03:46:04.548  RX  F0 52 00 6E 64 20 01 00 02 62 00 00 00 00 F7
2026-10-06 03:46:04.592  TX  F0 52 00 6E 64 20 00 00 02 64 00 00 00 00 F7  (set_param)
2026-10-06 03:46:04.596  RX  F0 52 00 6E 64 20 01 00 02 64 00 00 00 00 F7
2026-10-06 03:46:04.647  --  57 gesendet, 57 bestätigt, 0 ohne Ack, Latenz CC→Ack Median 3.9 ms / Max 5.2 ms
2026-10-06 03:46:06.158  TX  F0 52 00 6E 64 20 00 00 02 61 00 00 00 00 F7  (set_param)
2026-10-06 03:46:06.163  RX  F0 52 00 6E 64 20 01 00 02 61 00 00 00 00 F7
2026-10-06 03:46:06.203  TX  F0 52 00 6E 64 20 00 00 02 5D 00 00 00 00 F7  (set_param)
2026-10-06 03:46:06.207  RX  F0 52 00 6E 64 20 01 00 02 5D 00 00 00 00 F7
2026-10-06 03:46:06.256  TX  F0 52 00 6E 64 20 00 00 02 58 00 00 00 00 F7  (set_param)
2026-10-06 03:46:06.260  RX  F0 52 00 6E 64 20 01 00 02 58 00 00 00 00 F7
2026-10-06 03:46:06.304  TX  F0 52 00 6E 64 20 00 00 02 53 00 00 00 00 F7  (set_param)
2026-10-06 03:46:06.308  RX  F0 52 00 6E 64 20 01 00 02 53 00 00 00 00 F7
2026-10-06 03:46:06.356  TX  F0 52 00 6E 64 20 00 00 02 50 00 00 00 00 F7  (set_param)
2026-10-06 03:46:06.360  RX  F0 52 00 6E 64 20 01 00 02 50 00 00 00 00 F7
2026-10-06 03:46:06.406  TX  F0 52 00 6E 64 20 00 00 02 4F 00 00 00 00 F7  (set_param)
2026-10-06 03:46:06.410  RX  F0 52 00 6E 64 20 01 00 02 4F 00 00 00 00 F7
2026-10-06 03:46:06.486  TX  F0 52 00 6E 64 20 00 00 02 4E 00 00 00 00 F7  (set_param)
2026-10-06 03:46:06.491  RX  F0 52 00 6E 64 20 01 00 02 4E 00 00 00 00 F7
2026-10-06 03:46:06.597  TX  F0 52 00 6E 64 20 00 00 02 4C 00 00 00 00 F7  (set_param)
2026-10-06 03:46:06.602  RX  F0 52 00 6E 64 20 01 00 02 4C 00 00 00 00 F7
2026-10-06 03:46:06.669  TX  F0 52 00 6E 64 20 00 00 02 4A 00 00 00 00 F7  (set_param)
2026-10-06 03:46:06.674  RX  F0 52 00 6E 64 20 01 00 02 4A 00 00 00 00 F7
2026-10-06 03:46:06.747  TX  F0 52 00 6E 64 20 00 00 02 48 00 00 00 00 F7  (set_param)
2026-10-06 03:46:06.752  RX  F0 52 00 6E 64 20 01 00 02 48 00 00 00 00 F7
2026-10-06 03:46:08.155  RX  F0 52 00 6E 64 26 00 00 09 00 05 00 F7
2026-10-06 03:46:08.156  --  Patch 9/5: kein Mapping, Expression wird ignoriert
2026-10-06 03:46:08.192  RX  F0 52 00 6E 64 20 00 64 02 78 00 00 00 00 F7
2026-10-06 03:46:08.192  RX  control_change channel=0 control=0 value=0 time=0
2026-10-06 03:46:08.192  RX  control_change channel=0 control=32 value=9 time=0
2026-10-06 03:46:08.192  RX  program_change channel=0 program=5 time=0
2026-10-06 03:46:08.891  RX  F0 52 00 6E 64 26 00 00 09 00 04 00 F7
2026-10-06 03:46:08.891  --  Patch 9/4: Expression → Slot 0, Param 2, 0–100
2026-10-06 03:46:08.910  RX  F0 52 00 6E 64 20 00 64 02 78 00 00 00 00 F7
2026-10-06 03:46:08.910  RX  control_change channel=0 control=0 value=0 time=0
2026-10-06 03:46:08.910  RX  control_change channel=0 control=32 value=9 time=0
2026-10-06 03:46:08.910  RX  program_change channel=0 program=4 time=0
2026-10-06 03:46:09.648  --  10 gesendet, 10 bestätigt, 0 ohne Ack, Latenz CC→Ack Median 4.4 ms / Max 5.2 ms
2026-10-06 03:46:11.799  TX  F0 52 00 6E 64 20 00 00 02 45 00 00 00 00 F7  (set_param)
2026-10-06 03:46:11.804  RX  F0 52 00 6E 64 20 01 00 02 45 00 00 00 00 F7
2026-10-06 03:46:11.961  TX  F0 52 00 6E 64 20 00 00 02 48 00 00 00 00 F7  (set_param)
2026-10-06 03:46:11.966  RX  F0 52 00 6E 64 20 01 00 02 48 00 00 00 00 F7
2026-10-06 03:46:12.020  TX  F0 52 00 6E 64 20 00 00 02 50 00 00 00 00 F7  (set_param)
2026-10-06 03:46:12.024  RX  F0 52 00 6E 64 20 01 00 02 50 00 00 00 00 F7
2026-10-06 03:46:12.081  TX  F0 52 00 6E 64 20 00 00 02 57 00 00 00 00 F7  (set_param)
2026-10-06 03:46:12.085  RX  F0 52 00 6E 64 20 01 00 02 57 00 00 00 00 F7
2026-10-06 03:46:12.146  TX  F0 52 00 6E 64 20 00 00 02 5B 00 00 00 00 F7  (set_param)
2026-10-06 03:46:12.152  RX  F0 52 00 6E 64 20 01 00 02 5B 00 00 00 00 F7
2026-10-06 03:46:12.212  TX  F0 52 00 6E 64 20 00 00 02 5C 00 00 00 00 F7  (set_param)
2026-10-06 03:46:12.216  RX  F0 52 00 6E 64 20 01 00 02 5C 00 00 00 00 F7
2026-10-06 03:46:12.387  TX  F0 52 00 6E 64 20 00 00 02 5E 00 00 00 00 F7  (set_param)
2026-10-06 03:46:12.392  RX  F0 52 00 6E 64 20 01 00 02 5E 00 00 00 00 F7
2026-10-06 03:46:12.446  TX  F0 52 00 6E 64 20 00 00 02 64 00 00 00 00 F7  (set_param)
2026-10-06 03:46:12.450  RX  F0 52 00 6E 64 20 01 00 02 64 00 00 00 00 F7
2026-10-06 03:46:13.275  TX  F0 52 00 6E 64 20 00 00 02 53 00 00 00 00 F7  (set_param)
2026-10-06 03:46:13.280  RX  F0 52 00 6E 64 20 01 00 02 53 00 00 00 00 F7
2026-10-06 03:46:13.334  TX  F0 52 00 6E 64 20 00 00 02 45 00 00 00 00 F7  (set_param)
2026-10-06 03:46:13.339  RX  F0 52 00 6E 64 20 01 00 02 45 00 00 00 00 F7
2026-10-06 03:46:13.395  TX  F0 52 00 6E 64 20 00 00 02 3E 00 00 00 00 F7  (set_param)
2026-10-06 03:46:13.400  RX  F0 52 00 6E 64 20 01 00 02 3E 00 00 00 00 F7
2026-10-06 03:46:13.455  TX  F0 52 00 6E 64 20 00 00 02 39 00 00 00 00 F7  (set_param)
2026-10-06 03:46:13.459  RX  F0 52 00 6E 64 20 01 00 02 39 00 00 00 00 F7
2026-10-06 03:46:13.515  TX  F0 52 00 6E 64 20 00 00 02 31 00 00 00 00 F7  (set_param)
2026-10-06 03:46:13.520  RX  F0 52 00 6E 64 20 01 00 02 31 00 00 00 00 F7
2026-10-06 03:46:13.575  TX  F0 52 00 6E 64 20 00 00 02 27 00 00 00 00 F7  (set_param)
2026-10-06 03:46:13.580  RX  F0 52 00 6E 64 20 01 00 02 27 00 00 00 00 F7
2026-10-06 03:46:13.634  TX  F0 52 00 6E 64 20 00 00 02 1C 00 00 00 00 F7  (set_param)
2026-10-06 03:46:13.638  RX  F0 52 00 6E 64 20 01 00 02 1C 00 00 00 00 F7
2026-10-06 03:46:13.694  TX  F0 52 00 6E 64 20 00 00 02 14 00 00 00 00 F7  (set_param)
2026-10-06 03:46:13.699  RX  F0 52 00 6E 64 20 01 00 02 14 00 00 00 00 F7
2026-10-06 03:46:13.851  TX  F0 52 00 6E 64 20 00 00 02 11 00 00 00 00 F7  (set_param)
2026-10-06 03:46:13.856  RX  F0 52 00 6E 64 20 01 00 02 11 00 00 00 00 F7
2026-10-06 03:46:13.922  TX  F0 52 00 6E 64 20 00 00 02 0F 00 00 00 00 F7  (set_param)
2026-10-06 03:46:13.927  RX  F0 52 00 6E 64 20 01 00 02 0F 00 00 00 00 F7
2026-10-06 03:46:13.994  TX  F0 52 00 6E 64 20 00 00 02 0C 00 00 00 00 F7  (set_param)
2026-10-06 03:46:13.999  RX  F0 52 00 6E 64 20 01 00 02 0C 00 00 00 00 F7
2026-10-06 03:46:14.055  TX  F0 52 00 6E 64 20 00 00 02 06 00 00 00 00 F7  (set_param)
2026-10-06 03:46:14.060  RX  F0 52 00 6E 64 20 01 00 02 06 00 00 00 00 F7
2026-10-06 03:46:14.119  TX  F0 52 00 6E 64 20 00 00 02 00 00 00 00 00 F7  (set_param)
2026-10-06 03:46:14.123  RX  F0 52 00 6E 64 20 01 00 02 00 00 00 00 00 F7
2026-10-06 03:46:14.648  --  21 gesendet, 21 bestätigt, 0 ohne Ack, Latenz CC→Ack Median 5.2 ms / Max 5.2 ms
2026-10-06 03:46:23.694  --  Verbindung verloren: SINCO ist nicht mehr da
2026-10-06 03:46:23.695  TX  F0 52 00 6E 51 F7  (edit_disable)
2026-10-06 03:46:23.697  RX  F0 52 00 6E 00 00 F7
2026-10-06 03:46:27.653  --  Warte auf Geräte: Port mit „SINCO“ nicht eindeutig gefunden (Treffer: keiner)
2026-10-06 03:48:08.967  --  Beendet.
2026-10-06 03:51:46.048  --  Warte auf Geräte: Port mit „SINCO“ nicht eindeutig gefunden (Treffer: keiner)
2026-10-06 03:54:50.544  TX  F0 7E 7F 06 01 F7  (identity_request)
2026-10-06 03:54:50.547  RX  F0 7E 00 06 02 52 6E 00 27 00 31 2E 32 30 F7
2026-10-06 03:54:50.547  TX  F0 52 00 6E 50 F7  (edit_enable)
2026-10-06 03:54:50.549  RX  F0 52 00 6E 00 00 F7
2026-10-06 03:54:50.549  TX  F0 52 00 6E 33 F7  (query_program)
2026-10-06 03:54:50.551  RX  control_change channel=0 control=0 value=0 time=0
2026-10-06 03:54:50.551  RX  control_change channel=0 control=32 value=9 time=0
2026-10-06 03:54:50.551  RX  program_change channel=0 program=4 time=0
2026-10-06 03:54:50.551  --  Patch 9/4: Expression → Slot 0, Param 2, 0–100
2026-10-06 03:54:51.050  --  Bereit: SINCO → ZOOM MS Plus Series, Firmware 1.20
2026-10-06 03:55:27.088  TX  F0 52 00 6E 64 20 00 00 02 06 00 00 00 00 F7  (set_param)
2026-10-06 03:55:27.093  RX  F0 52 00 6E 64 20 01 00 02 06 00 00 00 00 F7
2026-10-06 03:55:27.129  TX  F0 52 00 6E 64 20 00 00 02 0E 00 00 00 00 F7  (set_param)
2026-10-06 03:55:27.132  RX  F0 52 00 6E 64 20 01 00 02 0E 00 00 00 00 F7
2026-10-06 03:55:27.168  TX  F0 52 00 6E 64 20 00 00 02 19 00 00 00 00 F7  (set_param)
2026-10-06 03:55:27.171  RX  F0 52 00 6E 64 20 01 00 02 19 00 00 00 00 F7
2026-10-06 03:55:27.208  TX  F0 52 00 6E 64 20 00 00 02 1E 00 00 00 00 F7  (set_param)
2026-10-06 03:55:27.212  RX  F0 52 00 6E 64 20 01 00 02 1E 00 00 00 00 F7
2026-10-06 03:55:27.353  TX  F0 52 00 6E 64 20 00 00 02 1B 00 00 00 00 F7  (set_param)
2026-10-06 03:55:27.358  RX  F0 52 00 6E 64 20 01 00 02 1B 00 00 00 00 F7
2026-10-06 03:55:27.393  TX  F0 52 00 6E 64 20 00 00 02 15 00 00 00 00 F7  (set_param)
2026-10-06 03:55:27.397  RX  F0 52 00 6E 64 20 01 00 02 15 00 00 00 00 F7
2026-10-06 03:55:27.432  TX  F0 52 00 6E 64 20 00 00 02 07 00 00 00 00 F7  (set_param)
2026-10-06 03:55:27.436  RX  F0 52 00 6E 64 20 01 00 02 07 00 00 00 00 F7
2026-10-06 03:55:27.472  TX  F0 52 00 6E 64 20 00 00 02 00 00 00 00 00 F7  (set_param)
2026-10-06 03:55:27.476  RX  F0 52 00 6E 64 20 01 00 02 00 00 00 00 00 F7
2026-10-06 03:55:27.788  TX  F0 52 00 6E 64 20 00 00 02 0B 00 00 00 00 F7  (set_param)
2026-10-06 03:55:27.793  RX  F0 52 00 6E 64 20 01 00 02 0B 00 00 00 00 F7
2026-10-06 03:55:27.829  TX  F0 52 00 6E 64 20 00 00 02 1A 00 00 00 00 F7  (set_param)
2026-10-06 03:55:27.833  RX  F0 52 00 6E 64 20 01 00 02 1A 00 00 00 00 F7
2026-10-06 03:55:27.868  TX  F0 52 00 6E 64 20 00 00 02 2C 00 00 00 00 F7  (set_param)
2026-10-06 03:55:27.872  RX  F0 52 00 6E 64 20 01 00 02 2C 00 00 00 00 F7
2026-10-06 03:55:27.908  TX  F0 52 00 6E 64 20 00 00 02 3A 00 00 00 00 F7  (set_param)
2026-10-06 03:55:27.912  RX  F0 52 00 6E 64 20 01 00 02 3A 00 00 00 00 F7
2026-10-06 03:55:27.949  TX  F0 52 00 6E 64 20 00 00 02 43 00 00 00 00 F7  (set_param)
2026-10-06 03:55:27.952  RX  F0 52 00 6E 64 20 01 00 02 43 00 00 00 00 F7
2026-10-06 03:55:27.988  TX  F0 52 00 6E 64 20 00 00 02 45 00 00 00 00 F7  (set_param)
2026-10-06 03:55:27.992  RX  F0 52 00 6E 64 20 01 00 02 45 00 00 00 00 F7
2026-10-06 03:55:28.083  TX  F0 52 00 6E 64 20 00 00 02 43 00 00 00 00 F7  (set_param)
2026-10-06 03:55:28.089  RX  F0 52 00 6E 64 20 01 00 02 43 00 00 00 00 F7
2026-10-06 03:55:28.128  TX  F0 52 00 6E 64 20 00 00 02 38 00 00 00 00 F7  (set_param)
2026-10-06 03:55:28.132  RX  F0 52 00 6E 64 20 01 00 02 38 00 00 00 00 F7
2026-10-06 03:55:28.168  TX  F0 52 00 6E 64 20 00 00 02 27 00 00 00 00 F7  (set_param)
2026-10-06 03:55:28.172  RX  F0 52 00 6E 64 20 01 00 02 27 00 00 00 00 F7
2026-10-06 03:55:28.209  TX  F0 52 00 6E 64 20 00 00 02 14 00 00 00 00 F7  (set_param)
2026-10-06 03:55:28.212  RX  F0 52 00 6E 64 20 01 00 02 14 00 00 00 00 F7
2026-10-06 03:55:28.248  TX  F0 52 00 6E 64 20 00 00 02 06 00 00 00 00 F7  (set_param)
2026-10-06 03:55:28.252  RX  F0 52 00 6E 64 20 01 00 02 06 00 00 00 00 F7
2026-10-06 03:55:28.288  TX  F0 52 00 6E 64 20 00 00 02 00 00 00 00 00 F7  (set_param)
2026-10-06 03:55:28.292  RX  F0 52 00 6E 64 20 01 00 02 00 00 00 00 00 F7
2026-10-06 03:55:29.560  TX  F0 52 00 6E 64 20 00 00 02 11 00 00 00 00 F7  (set_param)
2026-10-06 03:55:29.565  RX  F0 52 00 6E 64 20 01 00 02 11 00 00 00 00 F7
2026-10-06 03:55:29.604  TX  F0 52 00 6E 64 20 00 00 02 1C 00 00 00 00 F7  (set_param)
2026-10-06 03:55:29.608  RX  F0 52 00 6E 64 20 01 00 02 1C 00 00 00 00 F7
2026-10-06 03:55:29.646  TX  F0 52 00 6E 64 20 00 00 02 20 00 00 00 00 F7  (set_param)
2026-10-06 03:55:29.650  RX  F0 52 00 6E 64 20 01 00 02 20 00 00 00 00 F7
2026-10-06 03:55:29.690  TX  F0 52 00 6E 64 20 00 00 02 23 00 00 00 00 F7  (set_param)
2026-10-06 03:55:29.694  RX  F0 52 00 6E 64 20 01 00 02 23 00 00 00 00 F7
2026-10-06 03:55:29.886  TX  F0 52 00 6E 64 20 00 00 02 1F 00 00 00 00 F7  (set_param)
2026-10-06 03:55:29.891  RX  F0 52 00 6E 64 20 01 00 02 1F 00 00 00 00 F7
2026-10-06 03:55:29.930  TX  F0 52 00 6E 64 20 00 00 02 17 00 00 00 00 F7  (set_param)
2026-10-06 03:55:29.934  RX  F0 52 00 6E 64 20 01 00 02 17 00 00 00 00 F7
2026-10-06 03:55:29.972  TX  F0 52 00 6E 64 20 00 00 02 01 00 00 00 00 F7  (set_param)
2026-10-06 03:55:29.976  RX  F0 52 00 6E 64 20 01 00 02 01 00 00 00 00 F7
2026-10-06 03:55:30.020  TX  F0 52 00 6E 64 20 00 00 02 00 00 00 00 00 F7  (set_param)
2026-10-06 03:55:30.024  RX  F0 52 00 6E 64 20 01 00 02 00 00 00 00 00 F7
2026-10-06 03:55:31.055  --  28 gesendet, 28 bestätigt, 0 ohne Ack, Latenz CC→Ack Median 3.9 ms / Max 5.2 ms
2026-10-06 03:56:15.920  TX  F0 52 00 6E 64 20 00 00 02 0C 00 00 00 00 F7  (set_param)
2026-10-06 03:56:15.925  RX  F0 52 00 6E 64 20 01 00 02 0C 00 00 00 00 F7
2026-10-06 03:56:15.981  TX  F0 52 00 6E 64 20 00 00 02 1F 00 00 00 00 F7  (set_param)
2026-10-06 03:56:15.986  RX  F0 52 00 6E 64 20 01 00 02 1F 00 00 00 00 F7
2026-10-06 03:56:16.037  TX  F0 52 00 6E 64 20 00 00 02 2F 00 00 00 00 F7  (set_param)
2026-10-06 03:56:16.041  RX  F0 52 00 6E 64 20 01 00 02 2F 00 00 00 00 F7
2026-10-06 03:56:16.057  --  3 gesendet, 3 bestätigt, 0 ohne Ack, Latenz CC→Ack Median 5.2 ms / Max 5.3 ms
2026-10-06 03:56:16.097  TX  F0 52 00 6E 64 20 00 00 02 40 00 00 00 00 F7  (set_param)
2026-10-06 03:56:16.101  RX  F0 52 00 6E 64 20 01 00 02 40 00 00 00 00 F7
2026-10-06 03:56:16.156  TX  F0 52 00 6E 64 20 00 00 02 54 00 00 00 00 F7  (set_param)
2026-10-06 03:56:16.161  RX  F0 52 00 6E 64 20 01 00 02 54 00 00 00 00 F7
2026-10-06 03:56:16.217  TX  F0 52 00 6E 64 20 00 00 02 62 00 00 00 00 F7  (set_param)
2026-10-06 03:56:16.222  RX  F0 52 00 6E 64 20 01 00 02 62 00 00 00 00 F7
2026-10-06 03:56:16.277  TX  F0 52 00 6E 64 20 00 00 02 64 00 00 00 00 F7  (set_param)
2026-10-06 03:56:16.284  RX  F0 52 00 6E 64 20 01 00 02 64 00 00 00 00 F7
2026-10-06 03:56:16.883  TX  F0 52 00 6E 64 20 00 00 02 59 00 00 00 00 F7  (set_param)
2026-10-06 03:56:16.888  RX  F0 52 00 6E 64 20 01 00 02 59 00 00 00 00 F7
2026-10-06 03:56:16.922  TX  F0 52 00 6E 64 20 00 00 02 4C 00 00 00 00 F7  (set_param)
2026-10-06 03:56:16.926  RX  F0 52 00 6E 64 20 01 00 02 4C 00 00 00 00 F7
2026-10-06 03:56:16.962  TX  F0 52 00 6E 64 20 00 00 02 3B 00 00 00 00 F7  (set_param)
2026-10-06 03:56:16.966  RX  F0 52 00 6E 64 20 01 00 02 3B 00 00 00 00 F7
2026-10-06 03:56:17.003  TX  F0 52 00 6E 64 20 00 00 02 2B 00 00 00 00 F7  (set_param)
2026-10-06 03:56:17.007  RX  F0 52 00 6E 64 20 01 00 02 2B 00 00 00 00 F7
2026-10-06 03:56:17.042  TX  F0 52 00 6E 64 20 00 00 02 1C 00 00 00 00 F7  (set_param)
2026-10-06 03:56:17.046  RX  F0 52 00 6E 64 20 01 00 02 1C 00 00 00 00 F7
2026-10-06 03:56:17.082  TX  F0 52 00 6E 64 20 00 00 02 0D 00 00 00 00 F7  (set_param)
2026-10-06 03:56:17.086  RX  F0 52 00 6E 64 20 01 00 02 0D 00 00 00 00 F7
2026-10-06 03:56:17.122  TX  F0 52 00 6E 64 20 00 00 02 00 00 00 00 00 F7  (set_param)
2026-10-06 03:56:17.126  RX  F0 52 00 6E 64 20 01 00 02 00 00 00 00 00 F7
2026-10-06 03:56:21.057  --  11 gesendet, 11 bestätigt, 0 ohne Ack, Latenz CC→Ack Median 4.0 ms / Max 6.7 ms
2026-10-06 03:56:24.343  TX  F0 52 00 6E 64 20 00 00 02 0B 00 00 00 00 F7  (set_param)
2026-10-06 03:56:24.348  RX  F0 52 00 6E 64 20 01 00 02 0B 00 00 00 00 F7
2026-10-06 03:56:24.404  TX  F0 52 00 6E 64 20 00 00 02 1D 00 00 00 00 F7  (set_param)
2026-10-06 03:56:24.409  RX  F0 52 00 6E 64 20 01 00 02 1D 00 00 00 00 F7
2026-10-06 03:56:24.463  TX  F0 52 00 6E 64 20 00 00 02 32 00 00 00 00 F7  (set_param)
2026-10-06 03:56:24.467  RX  F0 52 00 6E 64 20 01 00 02 32 00 00 00 00 F7
2026-10-06 03:56:24.524  TX  F0 52 00 6E 64 20 00 00 02 40 00 00 00 00 F7  (set_param)
2026-10-06 03:56:24.529  RX  F0 52 00 6E 64 20 01 00 02 40 00 00 00 00 F7
2026-10-06 03:56:24.583  TX  F0 52 00 6E 64 20 00 00 02 4D 00 00 00 00 F7  (set_param)
2026-10-06 03:56:24.587  RX  F0 52 00 6E 64 20 01 00 02 4D 00 00 00 00 F7
2026-10-06 03:56:24.643  TX  F0 52 00 6E 64 20 00 00 02 5D 00 00 00 00 F7  (set_param)
2026-10-06 03:56:24.648  RX  F0 52 00 6E 64 20 01 00 02 5D 00 00 00 00 F7
2026-10-06 03:56:24.703  TX  F0 52 00 6E 64 20 00 00 02 64 00 00 00 00 F7  (set_param)
2026-10-06 03:56:24.708  RX  F0 52 00 6E 64 20 01 00 02 64 00 00 00 00 F7
2026-10-06 03:56:25.988  TX  F0 52 00 6E 64 20 00 00 02 54 00 00 00 00 F7  (set_param)
2026-10-06 03:56:25.993  RX  F0 52 00 6E 64 20 01 00 02 54 00 00 00 00 F7
2026-10-06 03:56:26.047  TX  F0 52 00 6E 64 20 00 00 02 40 00 00 00 00 F7  (set_param)
2026-10-06 03:56:26.051  RX  F0 52 00 6E 64 20 01 00 02 40 00 00 00 00 F7
2026-10-06 03:56:26.058  --  9 gesendet, 9 bestätigt, 0 ohne Ack, Latenz CC→Ack Median 5.1 ms / Max 5.3 ms
2026-10-06 03:56:26.108  TX  F0 52 00 6E 64 20 00 00 02 29 00 00 00 00 F7  (set_param)
2026-10-06 03:56:26.113  RX  F0 52 00 6E 64 20 01 00 02 29 00 00 00 00 F7
2026-10-06 03:56:26.167  TX  F0 52 00 6E 64 20 00 00 02 14 00 00 00 00 F7  (set_param)
2026-10-06 03:56:26.171  RX  F0 52 00 6E 64 20 01 00 02 14 00 00 00 00 F7
2026-10-06 03:56:26.227  TX  F0 52 00 6E 64 20 00 00 02 04 00 00 00 00 F7  (set_param)
2026-10-06 03:56:26.231  RX  F0 52 00 6E 64 20 01 00 02 04 00 00 00 00 F7
2026-10-06 03:56:26.287  TX  F0 52 00 6E 64 20 00 00 02 00 00 00 00 00 F7  (set_param)
2026-10-06 03:56:26.293  RX  F0 52 00 6E 64 20 01 00 02 00 00 00 00 00 F7
2026-10-06 03:56:27.613  TX  F0 52 00 6E 64 20 00 00 02 07 00 00 00 00 F7  (set_param)
2026-10-06 03:56:27.618  RX  F0 52 00 6E 64 20 01 00 02 07 00 00 00 00 F7
2026-10-06 03:56:27.674  TX  F0 52 00 6E 64 20 00 00 02 11 00 00 00 00 F7  (set_param)
2026-10-06 03:56:27.678  RX  F0 52 00 6E 64 20 01 00 02 11 00 00 00 00 F7
2026-10-06 03:56:27.733  TX  F0 52 00 6E 64 20 00 00 02 1C 00 00 00 00 F7  (set_param)
2026-10-06 03:56:27.737  RX  F0 52 00 6E 64 20 01 00 02 1C 00 00 00 00 F7
2026-10-06 03:56:27.794  TX  F0 52 00 6E 64 20 00 00 02 28 00 00 00 00 F7  (set_param)
2026-10-06 03:56:27.798  RX  F0 52 00 6E 64 20 01 00 02 28 00 00 00 00 F7
2026-10-06 03:56:27.853  TX  F0 52 00 6E 64 20 00 00 02 34 00 00 00 00 F7  (set_param)
2026-10-06 03:56:27.858  RX  F0 52 00 6E 64 20 01 00 02 34 00 00 00 00 F7
2026-10-06 03:56:27.914  TX  F0 52 00 6E 64 20 00 00 02 40 00 00 00 00 F7  (set_param)
2026-10-06 03:56:27.918  RX  F0 52 00 6E 64 20 01 00 02 40 00 00 00 00 F7
2026-10-06 03:56:27.973  TX  F0 52 00 6E 64 20 00 00 02 4C 00 00 00 00 F7  (set_param)
2026-10-06 03:56:27.978  RX  F0 52 00 6E 64 20 01 00 02 4C 00 00 00 00 F7
2026-10-06 03:56:28.034  TX  F0 52 00 6E 64 20 00 00 02 57 00 00 00 00 F7  (set_param)
2026-10-06 03:56:28.038  RX  F0 52 00 6E 64 20 01 00 02 57 00 00 00 00 F7
2026-10-06 03:56:28.093  TX  F0 52 00 6E 64 20 00 00 02 60 00 00 00 00 F7  (set_param)
2026-10-06 03:56:28.098  RX  F0 52 00 6E 64 20 01 00 02 60 00 00 00 00 F7
2026-10-06 03:56:28.153  TX  F0 52 00 6E 64 20 00 00 02 64 00 00 00 00 F7  (set_param)
2026-10-06 03:56:28.157  RX  F0 52 00 6E 64 20 01 00 02 64 00 00 00 00 F7
2026-10-06 03:56:29.908  TX  F0 52 00 6E 64 20 00 00 02 57 00 00 00 00 F7  (set_param)
2026-10-06 03:56:29.913  RX  F0 52 00 6E 64 20 01 00 02 57 00 00 00 00 F7
2026-10-06 03:56:29.947  TX  F0 52 00 6E 64 20 00 00 02 3C 00 00 00 00 F7  (set_param)
2026-10-06 03:56:29.951  RX  F0 52 00 6E 64 20 01 00 02 3C 00 00 00 00 F7
2026-10-06 03:56:29.987  TX  F0 52 00 6E 64 20 00 00 02 18 00 00 00 00 F7  (set_param)
2026-10-06 03:56:29.991  RX  F0 52 00 6E 64 20 01 00 02 18 00 00 00 00 F7
2026-10-06 03:56:30.028  TX  F0 52 00 6E 64 20 00 00 02 00 00 00 00 00 F7  (set_param)
2026-10-06 03:56:30.032  RX  F0 52 00 6E 64 20 01 00 02 00 00 00 00 00 F7
2026-10-06 03:56:31.058  --  18 gesendet, 18 bestätigt, 0 ohne Ack, Latenz CC→Ack Median 4.0 ms / Max 5.2 ms
2026-10-06 03:56:31.264  TX  F0 52 00 6E 64 20 00 00 02 11 00 00 00 00 F7  (set_param)
2026-10-06 03:56:31.269  RX  F0 52 00 6E 64 20 01 00 02 11 00 00 00 00 F7
2026-10-06 03:56:31.303  TX  F0 52 00 6E 64 20 00 00 02 2B 00 00 00 00 F7  (set_param)
2026-10-06 03:56:31.307  RX  F0 52 00 6E 64 20 01 00 02 2B 00 00 00 00 F7
2026-10-06 03:56:31.344  TX  F0 52 00 6E 64 20 00 00 02 4C 00 00 00 00 F7  (set_param)
2026-10-06 03:56:31.348  RX  F0 52 00 6E 64 20 01 00 02 4C 00 00 00 00 F7
2026-10-06 03:56:31.385  TX  F0 52 00 6E 64 20 00 00 02 64 00 00 00 00 F7  (set_param)
2026-10-06 03:56:31.389  RX  F0 52 00 6E 64 20 01 00 02 64 00 00 00 00 F7
2026-10-06 03:56:33.458  TX  F0 52 00 6E 64 20 00 00 02 4F 00 00 00 00 F7  (set_param)
2026-10-06 03:56:33.463  RX  F0 52 00 6E 64 20 01 00 02 4F 00 00 00 00 F7
2026-10-06 03:56:33.504  TX  F0 52 00 6E 64 20 00 00 02 26 00 00 00 00 F7  (set_param)
2026-10-06 03:56:33.508  RX  F0 52 00 6E 64 20 01 00 02 26 00 00 00 00 F7
2026-10-06 03:56:33.548  TX  F0 52 00 6E 64 20 00 00 02 06 00 00 00 00 F7  (set_param)
2026-10-06 03:56:33.552  RX  F0 52 00 6E 64 20 01 00 02 06 00 00 00 00 F7
2026-10-06 03:56:33.594  TX  F0 52 00 6E 64 20 00 00 02 00 00 00 00 00 F7  (set_param)
2026-10-06 03:56:33.598  RX  F0 52 00 6E 64 20 01 00 02 00 00 00 00 00 F7
2026-10-06 03:56:33.739  TX  F0 52 00 6E 64 20 00 00 02 1C 00 00 00 00 F7  (set_param)
2026-10-06 03:56:33.744  RX  F0 52 00 6E 64 20 01 00 02 1C 00 00 00 00 F7
2026-10-06 03:56:33.788  TX  F0 52 00 6E 64 20 00 00 02 53 00 00 00 00 F7  (set_param)
2026-10-06 03:56:33.792  RX  F0 52 00 6E 64 20 01 00 02 53 00 00 00 00 F7
2026-10-06 03:56:33.834  TX  F0 52 00 6E 64 20 00 00 02 64 00 00 00 00 F7  (set_param)
2026-10-06 03:56:33.838  RX  F0 52 00 6E 64 20 01 00 02 64 00 00 00 00 F7
2026-10-06 03:56:35.982  TX  F0 52 00 6E 64 20 00 00 02 47 00 00 00 00 F7  (set_param)
2026-10-06 03:56:35.987  RX  F0 52 00 6E 64 20 01 00 02 47 00 00 00 00 F7
2026-10-06 03:56:36.042  TX  F0 52 00 6E 64 20 00 00 02 1F 00 00 00 00 F7  (set_param)
2026-10-06 03:56:36.047  RX  F0 52 00 6E 64 20 01 00 02 1F 00 00 00 00 F7
2026-10-06 03:56:36.058  --  13 gesendet, 13 bestätigt, 0 ohne Ack, Latenz CC→Ack Median 4.0 ms / Max 5.2 ms
2026-10-06 03:56:36.102  TX  F0 52 00 6E 64 20 00 00 02 03 00 00 00 00 F7  (set_param)
2026-10-06 03:56:36.106  RX  F0 52 00 6E 64 20 01 00 02 03 00 00 00 00 F7
2026-10-06 03:56:36.162  TX  F0 52 00 6E 64 20 00 00 02 00 00 00 00 00 F7  (set_param)
2026-10-06 03:56:36.167  RX  F0 52 00 6E 64 20 01 00 02 00 00 00 00 00 F7
2026-10-06 03:56:36.726  TX  F0 52 00 6E 64 20 00 00 02 0D 00 00 00 00 F7  (set_param)
2026-10-06 03:56:36.731  RX  F0 52 00 6E 64 20 01 00 02 0D 00 00 00 00 F7
2026-10-06 03:56:36.786  TX  F0 52 00 6E 64 20 00 00 02 1C 00 00 00 00 F7  (set_param)
2026-10-06 03:56:36.790  RX  F0 52 00 6E 64 20 01 00 02 1C 00 00 00 00 F7
2026-10-06 03:56:36.846  TX  F0 52 00 6E 64 20 00 00 02 2B 00 00 00 00 F7  (set_param)
2026-10-06 03:56:36.851  RX  F0 52 00 6E 64 20 01 00 02 2B 00 00 00 00 F7
2026-10-06 03:56:36.906  TX  F0 52 00 6E 64 20 00 00 02 38 00 00 00 00 F7  (set_param)
2026-10-06 03:56:36.910  RX  F0 52 00 6E 64 20 01 00 02 38 00 00 00 00 F7
2026-10-06 03:56:36.965  TX  F0 52 00 6E 64 20 00 00 02 44 00 00 00 00 F7  (set_param)
2026-10-06 03:56:36.969  RX  F0 52 00 6E 64 20 01 00 02 44 00 00 00 00 F7
2026-10-06 03:56:37.026  TX  F0 52 00 6E 64 20 00 00 02 4D 00 00 00 00 F7  (set_param)
2026-10-06 03:56:37.031  RX  F0 52 00 6E 64 20 01 00 02 4D 00 00 00 00 F7
2026-10-06 03:56:37.086  TX  F0 52 00 6E 64 20 00 00 02 53 00 00 00 00 F7  (set_param)
2026-10-06 03:56:37.090  RX  F0 52 00 6E 64 20 01 00 02 53 00 00 00 00 F7
2026-10-06 03:56:37.145  TX  F0 52 00 6E 64 20 00 00 02 59 00 00 00 00 F7  (set_param)
2026-10-06 03:56:37.150  RX  F0 52 00 6E 64 20 01 00 02 59 00 00 00 00 F7
2026-10-06 03:56:37.206  TX  F0 52 00 6E 64 20 00 00 02 5E 00 00 00 00 F7  (set_param)
2026-10-06 03:56:37.210  RX  F0 52 00 6E 64 20 01 00 02 5E 00 00 00 00 F7
2026-10-06 03:56:37.266  TX  F0 52 00 6E 64 20 00 00 02 64 00 00 00 00 F7  (set_param)
2026-10-06 03:56:37.270  RX  F0 52 00 6E 64 20 01 00 02 64 00 00 00 00 F7
2026-10-06 03:56:37.961  TX  F0 52 00 6E 64 20 00 00 02 4D 00 00 00 00 F7  (set_param)
2026-10-06 03:56:37.967  RX  F0 52 00 6E 64 20 01 00 02 4D 00 00 00 00 F7
2026-10-06 03:56:38.022  TX  F0 52 00 6E 64 20 00 00 02 33 00 00 00 00 F7  (set_param)
2026-10-06 03:56:38.026  RX  F0 52 00 6E 64 20 01 00 02 33 00 00 00 00 F7
2026-10-06 03:56:38.082  TX  F0 52 00 6E 64 20 00 00 02 1F 00 00 00 00 F7  (set_param)
2026-10-06 03:56:38.086  RX  F0 52 00 6E 64 20 01 00 02 1F 00 00 00 00 F7
2026-10-06 03:56:38.142  TX  F0 52 00 6E 64 20 00 00 02 1C 00 00 00 00 F7  (set_param)
2026-10-06 03:56:38.146  RX  F0 52 00 6E 64 20 01 00 02 1C 00 00 00 00 F7
2026-10-06 03:56:38.280  TX  F0 52 00 6E 64 20 00 00 02 1E 00 00 00 00 F7  (set_param)
2026-10-06 03:56:38.286  RX  F0 52 00 6E 64 20 01 00 02 1E 00 00 00 00 F7
2026-10-06 03:56:38.340  TX  F0 52 00 6E 64 20 00 00 02 2B 00 00 00 00 F7  (set_param)
2026-10-06 03:56:38.345  RX  F0 52 00 6E 64 20 01 00 02 2B 00 00 00 00 F7
2026-10-06 03:56:38.400  TX  F0 52 00 6E 64 20 00 00 02 3D 00 00 00 00 F7  (set_param)
2026-10-06 03:56:38.404  RX  F0 52 00 6E 64 20 01 00 02 3D 00 00 00 00 F7
2026-10-06 03:56:38.460  TX  F0 52 00 6E 64 20 00 00 02 49 00 00 00 00 F7  (set_param)
2026-10-06 03:56:38.465  RX  F0 52 00 6E 64 20 01 00 02 49 00 00 00 00 F7
2026-10-06 03:56:38.520  TX  F0 52 00 6E 64 20 00 00 02 53 00 00 00 00 F7  (set_param)
2026-10-06 03:56:38.525  RX  F0 52 00 6E 64 20 01 00 02 53 00 00 00 00 F7
2026-10-06 03:56:38.579  TX  F0 52 00 6E 64 20 00 00 02 5E 00 00 00 00 F7  (set_param)
2026-10-06 03:56:38.583  RX  F0 52 00 6E 64 20 01 00 02 5E 00 00 00 00 F7
2026-10-06 03:56:38.639  TX  F0 52 00 6E 64 20 00 00 02 64 00 00 00 00 F7  (set_param)
2026-10-06 03:56:38.645  RX  F0 52 00 6E 64 20 01 00 02 64 00 00 00 00 F7
2026-10-06 03:56:39.187  TX  F0 52 00 6E 64 20 00 00 02 4C 00 00 00 00 F7  (set_param)
2026-10-06 03:56:39.192  RX  F0 52 00 6E 64 20 01 00 02 4C 00 00 00 00 F7
2026-10-06 03:56:39.246  TX  F0 52 00 6E 64 20 00 00 02 2E 00 00 00 00 F7  (set_param)
2026-10-06 03:56:39.251  RX  F0 52 00 6E 64 20 01 00 02 2E 00 00 00 00 F7
2026-10-06 03:56:39.306  TX  F0 52 00 6E 64 20 00 00 02 16 00 00 00 00 F7  (set_param)
2026-10-06 03:56:39.310  RX  F0 52 00 6E 64 20 01 00 02 16 00 00 00 00 F7
2026-10-06 03:56:39.366  TX  F0 52 00 6E 64 20 00 00 02 06 00 00 00 00 F7  (set_param)
2026-10-06 03:56:39.370  RX  F0 52 00 6E 64 20 01 00 02 06 00 00 00 00 F7
2026-10-06 03:56:39.426  TX  F0 52 00 6E 64 20 00 00 02 00 00 00 00 00 F7  (set_param)
2026-10-06 03:56:39.431  RX  F0 52 00 6E 64 20 01 00 02 00 00 00 00 00 F7
2026-10-06 03:56:41.007  RX  F0 52 00 6E 64 26 00 00 09 00 05 00 F7
2026-10-06 03:56:41.007  --  Patch 9/5: kein Mapping, Expression wird ignoriert
2026-10-06 03:56:41.042  RX  F0 52 00 6E 64 20 00 64 02 78 00 00 00 00 F7
2026-10-06 03:56:41.042  RX  control_change channel=0 control=0 value=0 time=0
2026-10-06 03:56:41.042  RX  control_change channel=0 control=32 value=9 time=0
2026-10-06 03:56:41.044  RX  program_change channel=0 program=5 time=0
2026-10-06 03:56:41.059  --  28 gesendet, 28 bestätigt, 0 ohne Ack, Latenz CC→Ack Median 4.5 ms / Max 5.2 ms
2026-10-06 03:56:41.649  RX  F0 52 00 6E 64 26 00 00 09 00 04 00 F7
2026-10-06 03:56:41.649  --  Patch 9/4: Expression → Slot 0, Param 2, 0–100
2026-10-06 03:56:41.667  RX  F0 52 00 6E 64 20 00 64 02 78 00 00 00 00 F7
2026-10-06 03:56:41.667  RX  control_change channel=0 control=0 value=0 time=0
2026-10-06 03:56:41.667  RX  control_change channel=0 control=32 value=9 time=0
2026-10-06 03:56:41.667  RX  program_change channel=0 program=4 time=0
2026-10-06 03:56:43.940  TX  F0 52 00 6E 64 20 00 00 02 09 00 00 00 00 F7  (set_param)
2026-10-06 03:56:43.945  RX  F0 52 00 6E 64 20 01 00 02 09 00 00 00 00 F7
2026-10-06 03:56:43.980  TX  F0 52 00 6E 64 20 00 00 02 16 00 00 00 00 F7  (set_param)
2026-10-06 03:56:43.984  RX  F0 52 00 6E 64 20 01 00 02 16 00 00 00 00 F7
2026-10-06 03:56:44.021  TX  F0 52 00 6E 64 20 00 00 02 24 00 00 00 00 F7  (set_param)
2026-10-06 03:56:44.023  RX  F0 52 00 6E 64 20 01 00 02 24 00 00 00 00 F7
2026-10-06 03:56:44.060  TX  F0 52 00 6E 64 20 00 00 02 2F 00 00 00 00 F7  (set_param)
2026-10-06 03:56:44.064  RX  F0 52 00 6E 64 20 01 00 02 2F 00 00 00 00 F7
2026-10-06 03:56:44.100  TX  F0 52 00 6E 64 20 00 00 02 39 00 00 00 00 F7  (set_param)
2026-10-06 03:56:44.104  RX  F0 52 00 6E 64 20 01 00 02 39 00 00 00 00 F7
2026-10-06 03:56:44.140  TX  F0 52 00 6E 64 20 00 00 02 43 00 00 00 00 F7  (set_param)
2026-10-06 03:56:44.144  RX  F0 52 00 6E 64 20 01 00 02 43 00 00 00 00 F7
2026-10-06 03:56:44.180  TX  F0 52 00 6E 64 20 00 00 02 50 00 00 00 00 F7  (set_param)
2026-10-06 03:56:44.184  RX  F0 52 00 6E 64 20 01 00 02 50 00 00 00 00 F7
2026-10-06 03:56:44.221  TX  F0 52 00 6E 64 20 00 00 02 5E 00 00 00 00 F7  (set_param)
2026-10-06 03:56:44.225  RX  F0 52 00 6E 64 20 01 00 02 5E 00 00 00 00 F7
2026-10-06 03:56:44.260  TX  F0 52 00 6E 64 20 00 00 02 64 00 00 00 00 F7  (set_param)
2026-10-06 03:56:44.264  RX  F0 52 00 6E 64 20 01 00 02 64 00 00 00 00 F7
2026-10-06 03:56:44.689  TX  F0 52 00 6E 64 20 00 00 02 58 00 00 00 00 F7  (set_param)
2026-10-06 03:56:44.694  RX  F0 52 00 6E 64 20 01 00 02 58 00 00 00 00 F7
2026-10-06 03:56:44.728  TX  F0 52 00 6E 64 20 00 00 02 47 00 00 00 00 F7  (set_param)
2026-10-06 03:56:44.732  RX  F0 52 00 6E 64 20 01 00 02 47 00 00 00 00 F7
2026-10-06 03:56:44.768  TX  F0 52 00 6E 64 20 00 00 02 33 00 00 00 00 F7  (set_param)
2026-10-06 03:56:44.772  RX  F0 52 00 6E 64 20 01 00 02 33 00 00 00 00 F7
2026-10-06 03:56:44.810  TX  F0 52 00 6E 64 20 00 00 02 1C 00 00 00 00 F7  (set_param)
2026-10-06 03:56:44.814  RX  F0 52 00 6E 64 20 01 00 02 1C 00 00 00 00 F7
2026-10-06 03:56:44.852  TX  F0 52 00 6E 64 20 00 00 02 07 00 00 00 00 F7  (set_param)
2026-10-06 03:56:44.855  RX  F0 52 00 6E 64 20 01 00 02 07 00 00 00 00 F7
2026-10-06 03:56:44.896  TX  F0 52 00 6E 64 20 00 00 02 00 00 00 00 00 F7  (set_param)
2026-10-06 03:56:44.900  RX  F0 52 00 6E 64 20 01 00 02 00 00 00 00 00 F7
2026-10-06 03:56:46.059  --  15 gesendet, 15 bestätigt, 0 ohne Ack, Latenz CC→Ack Median 3.9 ms / Max 5.2 ms
2026-10-06 03:56:49.131  --  Verbindung verloren: SINCO ist nicht mehr da
2026-10-06 03:56:49.131  TX  F0 52 00 6E 51 F7  (edit_disable)
2026-10-06 03:56:49.134  RX  F0 52 00 6E 00 00 F7
2026-10-06 03:56:51.139  --  Warte auf Geräte: Port mit „SINCO“ nicht eindeutig gefunden (Treffer: keiner)
2026-10-06 03:56:53.147  TX  F0 7E 7F 06 01 F7  (identity_request)
2026-10-06 03:56:53.150  RX  F0 7E 00 06 02 52 6E 00 27 00 31 2E 32 30 F7
2026-10-06 03:56:53.150  TX  F0 52 00 6E 50 F7  (edit_enable)
2026-10-06 03:56:53.152  RX  F0 52 00 6E 00 00 F7
2026-10-06 03:56:53.152  TX  F0 52 00 6E 33 F7  (query_program)
2026-10-06 03:56:53.154  RX  control_change channel=0 control=0 value=0 time=0
2026-10-06 03:56:53.154  RX  control_change channel=0 control=32 value=9 time=0
2026-10-06 03:56:53.154  RX  program_change channel=0 program=4 time=0
2026-10-06 03:56:53.154  --  Patch 9/4: Expression → Slot 0, Param 2, 0–100
2026-10-06 03:56:53.653  --  Bereit: SINCO → ZOOM MS Plus Series, Firmware 1.20
2026-10-06 03:56:53.653  TX  F0 52 00 6E 64 20 00 00 02 64 00 00 00 00 F7  (set_param)
2026-10-06 03:56:53.653  --  1 gesendet, 0 bestätigt, 0 ohne Ack
2026-10-06 03:56:53.657  RX  F0 52 00 6E 64 20 01 00 02 64 00 00 00 00 F7
2026-10-06 03:56:53.854  TX  F0 52 00 6E 64 20 00 00 02 52 00 00 00 00 F7  (set_param)
2026-10-06 03:56:53.860  RX  F0 52 00 6E 64 20 01 00 02 52 00 00 00 00 F7
2026-10-06 03:56:53.915  TX  F0 52 00 6E 64 20 00 00 02 37 00 00 00 00 F7  (set_param)
2026-10-06 03:56:53.920  RX  F0 52 00 6E 64 20 01 00 02 37 00 00 00 00 F7
2026-10-06 03:56:53.975  TX  F0 52 00 6E 64 20 00 00 02 1C 00 00 00 00 F7  (set_param)
2026-10-06 03:56:53.979  RX  F0 52 00 6E 64 20 01 00 02 1C 00 00 00 00 F7
2026-10-06 03:56:54.035  TX  F0 52 00 6E 64 20 00 00 02 09 00 00 00 00 F7  (set_param)
2026-10-06 03:56:54.039  RX  F0 52 00 6E 64 20 01 00 02 09 00 00 00 00 F7
2026-10-06 03:56:54.092  TX  F0 52 00 6E 64 20 00 00 02 00 00 00 00 00 F7  (set_param)
2026-10-06 03:56:54.096  RX  F0 52 00 6E 64 20 01 00 02 00 00 00 00 00 F7
2026-10-06 03:56:54.560  TX  F0 52 00 6E 64 20 00 00 02 0E 00 00 00 00 F7  (set_param)
2026-10-06 03:56:54.565  RX  F0 52 00 6E 64 20 01 00 02 0E 00 00 00 00 F7
2026-10-06 03:56:54.617  TX  F0 52 00 6E 64 20 00 00 02 22 00 00 00 00 F7  (set_param)
2026-10-06 03:56:54.621  RX  F0 52 00 6E 64 20 01 00 02 22 00 00 00 00 F7
2026-10-06 03:56:54.677  TX  F0 52 00 6E 64 20 00 00 02 33 00 00 00 00 F7  (set_param)
2026-10-06 03:56:54.681  RX  F0 52 00 6E 64 20 01 00 02 33 00 00 00 00 F7
2026-10-06 03:56:54.735  TX  F0 52 00 6E 64 20 00 00 02 41 00 00 00 00 F7  (set_param)
2026-10-06 03:56:54.739  RX  F0 52 00 6E 64 20 01 00 02 41 00 00 00 00 F7
2026-10-06 03:56:54.777  TX  F0 52 00 6E 64 20 00 00 02 4A 00 00 00 00 F7  (set_param)
2026-10-06 03:56:54.781  RX  F0 52 00 6E 64 20 01 00 02 4A 00 00 00 00 F7
2026-10-06 03:56:54.816  TX  F0 52 00 6E 64 20 00 00 02 53 00 00 00 00 F7  (set_param)
2026-10-06 03:56:54.820  RX  F0 52 00 6E 64 20 01 00 02 53 00 00 00 00 F7
2026-10-06 03:56:54.857  TX  F0 52 00 6E 64 20 00 00 02 5A 00 00 00 00 F7  (set_param)
2026-10-06 03:56:54.861  RX  F0 52 00 6E 64 20 01 00 02 5A 00 00 00 00 F7
2026-10-06 03:56:54.896  TX  F0 52 00 6E 64 20 00 00 02 5F 00 00 00 00 F7  (set_param)
2026-10-06 03:56:54.900  RX  F0 52 00 6E 64 20 01 00 02 5F 00 00 00 00 F7
2026-10-06 03:56:54.941  TX  F0 52 00 6E 64 20 00 00 02 62 00 00 00 00 F7  (set_param)
2026-10-06 03:56:54.945  RX  F0 52 00 6E 64 20 01 00 02 62 00 00 00 00 F7
2026-10-06 03:56:55.121  TX  F0 52 00 6E 64 20 00 00 02 60 00 00 00 00 F7  (set_param)
2026-10-06 03:56:55.126  RX  F0 52 00 6E 64 20 01 00 02 60 00 00 00 00 F7
2026-10-06 03:56:55.173  TX  F0 52 00 6E 64 20 00 00 02 5E 00 00 00 00 F7  (set_param)
2026-10-06 03:56:55.176  RX  F0 52 00 6E 64 20 01 00 02 5E 00 00 00 00 F7
2026-10-06 03:56:55.217  TX  F0 52 00 6E 64 20 00 00 02 58 00 00 00 00 F7  (set_param)
2026-10-06 03:56:55.221  RX  F0 52 00 6E 64 20 01 00 02 58 00 00 00 00 F7
2026-10-06 03:56:55.256  TX  F0 52 00 6E 64 20 00 00 02 50 00 00 00 00 F7  (set_param)
2026-10-06 03:56:55.260  RX  F0 52 00 6E 64 20 01 00 02 50 00 00 00 00 F7
2026-10-06 03:56:55.297  TX  F0 52 00 6E 64 20 00 00 02 45 00 00 00 00 F7  (set_param)
2026-10-06 03:56:55.301  RX  F0 52 00 6E 64 20 01 00 02 45 00 00 00 00 F7
2026-10-06 03:56:55.337  TX  F0 52 00 6E 64 20 00 00 02 39 00 00 00 00 F7  (set_param)
2026-10-06 03:56:55.341  RX  F0 52 00 6E 64 20 01 00 02 39 00 00 00 00 F7
2026-10-06 03:56:55.376  TX  F0 52 00 6E 64 20 00 00 02 2F 00 00 00 00 F7  (set_param)
2026-10-06 03:56:55.380  RX  F0 52 00 6E 64 20 01 00 02 2F 00 00 00 00 F7
2026-10-06 03:56:55.417  TX  F0 52 00 6E 64 20 00 00 02 28 00 00 00 00 F7  (set_param)
2026-10-06 03:56:55.421  RX  F0 52 00 6E 64 20 01 00 02 28 00 00 00 00 F7
2026-10-06 03:56:55.456  TX  F0 52 00 6E 64 20 00 00 02 1F 00 00 00 00 F7  (set_param)
2026-10-06 03:56:55.460  RX  F0 52 00 6E 64 20 01 00 02 1F 00 00 00 00 F7
2026-10-06 03:56:55.496  TX  F0 52 00 6E 64 20 00 00 02 18 00 00 00 00 F7  (set_param)
2026-10-06 03:56:55.500  RX  F0 52 00 6E 64 20 01 00 02 18 00 00 00 00 F7
2026-10-06 03:56:55.537  TX  F0 52 00 6E 64 20 00 00 02 11 00 00 00 00 F7  (set_param)
2026-10-06 03:56:55.541  RX  F0 52 00 6E 64 20 01 00 02 11 00 00 00 00 F7
2026-10-06 03:56:55.577  TX  F0 52 00 6E 64 20 00 00 02 0C 00 00 00 00 F7  (set_param)
2026-10-06 03:56:55.581  RX  F0 52 00 6E 64 20 01 00 02 0C 00 00 00 00 F7
2026-10-06 03:56:55.621  TX  F0 52 00 6E 64 20 00 00 02 07 00 00 00 00 F7  (set_param)
2026-10-06 03:56:55.625  RX  F0 52 00 6E 64 20 01 00 02 07 00 00 00 00 F7
2026-10-06 03:56:55.668  TX  F0 52 00 6E 64 20 00 00 02 04 00 00 00 00 F7  (set_param)
2026-10-06 03:56:55.672  RX  F0 52 00 6E 64 20 01 00 02 04 00 00 00 00 F7
2026-10-06 03:56:55.713  TX  F0 52 00 6E 64 20 00 00 02 02 00 00 00 00 F7  (set_param)
2026-10-06 03:56:55.716  RX  F0 52 00 6E 64 20 01 00 02 02 00 00 00 00 F7
2026-10-06 03:56:55.765  TX  F0 52 00 6E 64 20 00 00 02 00 00 00 00 00 F7  (set_param)
2026-10-06 03:56:55.769  RX  F0 52 00 6E 64 20 01 00 02 00 00 00 00 00 F7
2026-10-06 03:56:58.653  --  30 gesendet, 31 bestätigt, 0 ohne Ack, Latenz CC→Ack Median 3.9 ms / Max 5.4 ms
2026-10-06 03:57:47.663  TX  F0 52 00 6E 64 20 00 00 02 01 00 00 00 00 F7  (set_param)
2026-10-06 03:57:47.668  RX  F0 52 00 6E 64 20 01 00 02 01 00 00 00 00 F7
2026-10-06 03:57:47.724  TX  F0 52 00 6E 64 20 00 00 02 03 00 00 00 00 F7  (set_param)
2026-10-06 03:57:47.729  RX  F0 52 00 6E 64 20 01 00 02 03 00 00 00 00 F7
2026-10-06 03:57:47.772  TX  F0 52 00 6E 64 20 00 00 02 05 00 00 00 00 F7  (set_param)
2026-10-06 03:57:47.776  RX  F0 52 00 6E 64 20 01 00 02 05 00 00 00 00 F7
2026-10-06 03:57:47.816  TX  F0 52 00 6E 64 20 00 00 02 09 00 00 00 00 F7  (set_param)
2026-10-06 03:57:47.820  RX  F0 52 00 6E 64 20 01 00 02 09 00 00 00 00 F7
2026-10-06 03:57:47.855  TX  F0 52 00 6E 64 20 00 00 02 0C 00 00 00 00 F7  (set_param)
2026-10-06 03:57:47.859  RX  F0 52 00 6E 64 20 01 00 02 0C 00 00 00 00 F7
2026-10-06 03:57:47.897  TX  F0 52 00 6E 64 20 00 00 02 10 00 00 00 00 F7  (set_param)
2026-10-06 03:57:47.901  RX  F0 52 00 6E 64 20 01 00 02 10 00 00 00 00 F7
2026-10-06 03:57:47.941  TX  F0 52 00 6E 64 20 00 00 02 14 00 00 00 00 F7  (set_param)
2026-10-06 03:57:47.945  RX  F0 52 00 6E 64 20 01 00 02 14 00 00 00 00 F7
2026-10-06 03:57:47.988  TX  F0 52 00 6E 64 20 00 00 02 18 00 00 00 00 F7  (set_param)
2026-10-06 03:57:47.992  RX  F0 52 00 6E 64 20 01 00 02 18 00 00 00 00 F7
2026-10-06 03:57:48.038  TX  F0 52 00 6E 64 20 00 00 02 19 00 00 00 00 F7  (set_param)
2026-10-06 03:57:48.042  RX  F0 52 00 6E 64 20 01 00 02 19 00 00 00 00 F7
2026-10-06 03:57:48.086  TX  F0 52 00 6E 64 20 00 00 02 1C 00 00 00 00 F7  (set_param)
2026-10-06 03:57:48.090  RX  F0 52 00 6E 64 20 01 00 02 1C 00 00 00 00 F7
2026-10-06 03:57:48.135  TX  F0 52 00 6E 64 20 00 00 02 1E 00 00 00 00 F7  (set_param)
2026-10-06 03:57:48.140  RX  F0 52 00 6E 64 20 01 00 02 1E 00 00 00 00 F7
2026-10-06 03:57:48.181  TX  F0 52 00 6E 64 20 00 00 02 22 00 00 00 00 F7  (set_param)
2026-10-06 03:57:48.185  RX  F0 52 00 6E 64 20 01 00 02 22 00 00 00 00 F7
2026-10-06 03:57:48.223  TX  F0 52 00 6E 64 20 00 00 02 26 00 00 00 00 F7  (set_param)
2026-10-06 03:57:48.227  RX  F0 52 00 6E 64 20 01 00 02 26 00 00 00 00 F7
2026-10-06 03:57:48.266  TX  F0 52 00 6E 64 20 00 00 02 29 00 00 00 00 F7  (set_param)
2026-10-06 03:57:48.270  RX  F0 52 00 6E 64 20 01 00 02 29 00 00 00 00 F7
2026-10-06 03:57:48.308  TX  F0 52 00 6E 64 20 00 00 02 2B 00 00 00 00 F7  (set_param)
2026-10-06 03:57:48.312  RX  F0 52 00 6E 64 20 01 00 02 2B 00 00 00 00 F7
2026-10-06 03:57:48.356  TX  F0 52 00 6E 64 20 00 00 02 2E 00 00 00 00 F7  (set_param)
2026-10-06 03:57:48.360  RX  F0 52 00 6E 64 20 01 00 02 2E 00 00 00 00 F7
2026-10-06 03:57:48.405  TX  F0 52 00 6E 64 20 00 00 02 30 00 00 00 00 F7  (set_param)
2026-10-06 03:57:48.409  RX  F0 52 00 6E 64 20 01 00 02 30 00 00 00 00 F7
2026-10-06 03:57:48.452  TX  F0 52 00 6E 64 20 00 00 02 32 00 00 00 00 F7  (set_param)
2026-10-06 03:57:48.456  RX  F0 52 00 6E 64 20 01 00 02 32 00 00 00 00 F7
2026-10-06 03:57:48.498  TX  F0 52 00 6E 64 20 00 00 02 36 00 00 00 00 F7  (set_param)
2026-10-06 03:57:48.502  RX  F0 52 00 6E 64 20 01 00 02 36 00 00 00 00 F7
2026-10-06 03:57:48.540  TX  F0 52 00 6E 64 20 00 00 02 3A 00 00 00 00 F7  (set_param)
2026-10-06 03:57:48.543  RX  F0 52 00 6E 64 20 01 00 02 3A 00 00 00 00 F7
2026-10-06 03:57:48.588  TX  F0 52 00 6E 64 20 00 00 02 41 00 00 00 00 F7  (set_param)
2026-10-06 03:57:48.592  RX  F0 52 00 6E 64 20 01 00 02 41 00 00 00 00 F7
2026-10-06 03:57:48.630  TX  F0 52 00 6E 64 20 00 00 02 45 00 00 00 00 F7  (set_param)
2026-10-06 03:57:48.632  RX  F0 52 00 6E 64 20 01 00 02 45 00 00 00 00 F7
2026-10-06 03:57:48.658  --  22 gesendet, 22 bestätigt, 0 ohne Ack, Latenz CC→Ack Median 3.9 ms / Max 5.2 ms
2026-10-06 03:57:48.674  TX  F0 52 00 6E 64 20 00 00 02 49 00 00 00 00 F7  (set_param)
2026-10-06 03:57:48.678  RX  F0 52 00 6E 64 20 01 00 02 49 00 00 00 00 F7
2026-10-06 03:57:48.716  TX  F0 52 00 6E 64 20 00 00 02 4C 00 00 00 00 F7  (set_param)
2026-10-06 03:57:48.720  RX  F0 52 00 6E 64 20 01 00 02 4C 00 00 00 00 F7
2026-10-06 03:57:48.761  TX  F0 52 00 6E 64 20 00 00 02 50 00 00 00 00 F7  (set_param)
2026-10-06 03:57:48.766  RX  F0 52 00 6E 64 20 01 00 02 50 00 00 00 00 F7
2026-10-06 03:57:48.808  TX  F0 52 00 6E 64 20 00 00 02 53 00 00 00 00 F7  (set_param)
2026-10-06 03:57:48.812  RX  F0 52 00 6E 64 20 01 00 02 53 00 00 00 00 F7
2026-10-06 03:57:48.862  TX  F0 52 00 6E 64 20 00 00 02 54 00 00 00 00 F7  (set_param)
2026-10-06 03:57:48.866  RX  F0 52 00 6E 64 20 01 00 02 54 00 00 00 00 F7
2026-10-06 03:57:48.904  TX  F0 52 00 6E 64 20 00 00 02 57 00 00 00 00 F7  (set_param)
2026-10-06 03:57:48.908  RX  F0 52 00 6E 64 20 01 00 02 57 00 00 00 00 F7
2026-10-06 03:57:48.949  TX  F0 52 00 6E 64 20 00 00 02 59 00 00 00 00 F7  (set_param)
2026-10-06 03:57:48.953  RX  F0 52 00 6E 64 20 01 00 02 59 00 00 00 00 F7
2026-10-06 03:57:48.996  TX  F0 52 00 6E 64 20 00 00 02 5B 00 00 00 00 F7  (set_param)
2026-10-06 03:57:49.000  RX  F0 52 00 6E 64 20 01 00 02 5B 00 00 00 00 F7
2026-10-06 03:57:49.042  TX  F0 52 00 6E 64 20 00 00 02 5E 00 00 00 00 F7  (set_param)
2026-10-06 03:57:49.046  RX  F0 52 00 6E 64 20 01 00 02 5E 00 00 00 00 F7
2026-10-06 03:57:49.086  TX  F0 52 00 6E 64 20 00 00 02 61 00 00 00 00 F7  (set_param)
2026-10-06 03:57:49.093  RX  F0 52 00 6E 64 20 01 00 02 61 00 00 00 00 F7
2026-10-06 03:57:49.129  TX  F0 52 00 6E 64 20 00 00 02 63 00 00 00 00 F7  (set_param)
2026-10-06 03:57:49.133  RX  F0 52 00 6E 64 20 01 00 02 63 00 00 00 00 F7
2026-10-06 03:57:49.186  TX  F0 52 00 6E 64 20 00 00 02 64 00 00 00 00 F7  (set_param)
2026-10-06 03:57:49.190  RX  F0 52 00 6E 64 20 01 00 02 64 00 00 00 00 F7
2026-10-06 03:57:49.609  TX  F0 52 00 6E 64 20 00 00 02 62 00 00 00 00 F7  (set_param)
2026-10-06 03:57:49.615  RX  F0 52 00 6E 64 20 01 00 02 62 00 00 00 00 F7
2026-10-06 03:57:49.655  TX  F0 52 00 6E 64 20 00 00 02 5D 00 00 00 00 F7  (set_param)
2026-10-06 03:57:49.659  RX  F0 52 00 6E 64 20 01 00 02 5D 00 00 00 00 F7
2026-10-06 03:57:49.699  TX  F0 52 00 6E 64 20 00 00 02 53 00 00 00 00 F7  (set_param)
2026-10-06 03:57:49.706  RX  F0 52 00 6E 64 20 01 00 02 53 00 00 00 00 F7
2026-10-06 03:57:49.745  TX  F0 52 00 6E 64 20 00 00 02 49 00 00 00 00 F7  (set_param)
2026-10-06 03:57:49.749  RX  F0 52 00 6E 64 20 01 00 02 49 00 00 00 00 F7
2026-10-06 03:57:49.789  TX  F0 52 00 6E 64 20 00 00 02 3E 00 00 00 00 F7  (set_param)
2026-10-06 03:57:49.793  RX  F0 52 00 6E 64 20 01 00 02 3E 00 00 00 00 F7
2026-10-06 03:57:49.836  TX  F0 52 00 6E 64 20 00 00 02 32 00 00 00 00 F7  (set_param)
2026-10-06 03:57:49.840  RX  F0 52 00 6E 64 20 01 00 02 32 00 00 00 00 F7
2026-10-06 03:57:49.879  TX  F0 52 00 6E 64 20 00 00 02 2A 00 00 00 00 F7  (set_param)
2026-10-06 03:57:49.883  RX  F0 52 00 6E 64 20 01 00 02 2A 00 00 00 00 F7
2026-10-06 03:57:49.931  TX  F0 52 00 6E 64 20 00 00 02 22 00 00 00 00 F7  (set_param)
2026-10-06 03:57:49.935  RX  F0 52 00 6E 64 20 01 00 02 22 00 00 00 00 F7
2026-10-06 03:57:49.986  TX  F0 52 00 6E 64 20 00 00 02 1B 00 00 00 00 F7  (set_param)
2026-10-06 03:57:49.990  RX  F0 52 00 6E 64 20 01 00 02 1B 00 00 00 00 F7
2026-10-06 03:57:50.034  TX  F0 52 00 6E 64 20 00 00 02 14 00 00 00 00 F7  (set_param)
2026-10-06 03:57:50.038  RX  F0 52 00 6E 64 20 01 00 02 14 00 00 00 00 F7
2026-10-06 03:57:50.093  TX  F0 52 00 6E 64 20 00 00 02 0A 00 00 00 00 F7  (set_param)
2026-10-06 03:57:50.099  RX  F0 52 00 6E 64 20 01 00 02 0A 00 00 00 00 F7
2026-10-06 03:57:50.154  TX  F0 52 00 6E 64 20 00 00 02 02 00 00 00 00 F7  (set_param)
2026-10-06 03:57:50.158  RX  F0 52 00 6E 64 20 01 00 02 02 00 00 00 00 F7
2026-10-06 03:57:50.213  TX  F0 52 00 6E 64 20 00 00 02 00 00 00 00 00 F7  (set_param)
2026-10-06 03:57:50.217  RX  F0 52 00 6E 64 20 01 00 02 00 00 00 00 00 F7
2026-10-06 03:57:50.790  TX  F0 52 00 6E 64 20 00 00 02 04 00 00 00 00 F7  (set_param)
2026-10-06 03:57:50.795  RX  F0 52 00 6E 64 20 01 00 02 04 00 00 00 00 F7
2026-10-06 03:57:50.855  TX  F0 52 00 6E 64 20 00 00 02 08 00 00 00 00 F7  (set_param)
2026-10-06 03:57:50.861  RX  F0 52 00 6E 64 20 01 00 02 08 00 00 00 00 F7
2026-10-06 03:57:50.921  TX  F0 52 00 6E 64 20 00 00 02 0D 00 00 00 00 F7  (set_param)
2026-10-06 03:57:50.926  RX  F0 52 00 6E 64 20 01 00 02 0D 00 00 00 00 F7
2026-10-06 03:57:50.988  TX  F0 52 00 6E 64 20 00 00 02 11 00 00 00 00 F7  (set_param)
2026-10-06 03:57:50.992  RX  F0 52 00 6E 64 20 01 00 02 11 00 00 00 00 F7
2026-10-06 03:57:51.054  TX  F0 52 00 6E 64 20 00 00 02 14 00 00 00 00 F7  (set_param)
2026-10-06 03:57:51.059  RX  F0 52 00 6E 64 20 01 00 02 14 00 00 00 00 F7
2026-10-06 03:57:51.114  TX  F0 52 00 6E 64 20 00 00 02 19 00 00 00 00 F7  (set_param)
2026-10-06 03:57:51.119  RX  F0 52 00 6E 64 20 01 00 02 19 00 00 00 00 F7
2026-10-06 03:57:51.174  TX  F0 52 00 6E 64 20 00 00 02 22 00 00 00 00 F7  (set_param)
2026-10-06 03:57:51.179  RX  F0 52 00 6E 64 20 01 00 02 22 00 00 00 00 F7
2026-10-06 03:57:51.234  TX  F0 52 00 6E 64 20 00 00 02 27 00 00 00 00 F7  (set_param)
2026-10-06 03:57:51.238  RX  F0 52 00 6E 64 20 01 00 02 27 00 00 00 00 F7
2026-10-06 03:57:51.293  TX  F0 52 00 6E 64 20 00 00 02 2B 00 00 00 00 F7  (set_param)
2026-10-06 03:57:51.298  RX  F0 52 00 6E 64 20 01 00 02 2B 00 00 00 00 F7
2026-10-06 03:57:51.354  TX  F0 52 00 6E 64 20 00 00 02 31 00 00 00 00 F7  (set_param)
2026-10-06 03:57:51.358  RX  F0 52 00 6E 64 20 01 00 02 31 00 00 00 00 F7
2026-10-06 03:57:51.413  TX  F0 52 00 6E 64 20 00 00 02 36 00 00 00 00 F7  (set_param)
2026-10-06 03:57:51.418  RX  F0 52 00 6E 64 20 01 00 02 36 00 00 00 00 F7
2026-10-06 03:57:51.474  TX  F0 52 00 6E 64 20 00 00 02 3A 00 00 00 00 F7  (set_param)
2026-10-06 03:57:51.478  RX  F0 52 00 6E 64 20 01 00 02 3A 00 00 00 00 F7
2026-10-06 03:57:51.534  TX  F0 52 00 6E 64 20 00 00 02 40 00 00 00 00 F7  (set_param)
2026-10-06 03:57:51.538  RX  F0 52 00 6E 64 20 01 00 02 40 00 00 00 00 F7
2026-10-06 03:57:51.594  TX  F0 52 00 6E 64 20 00 00 02 45 00 00 00 00 F7  (set_param)
2026-10-06 03:57:51.597  RX  F0 52 00 6E 64 20 01 00 02 45 00 00 00 00 F7
2026-10-06 03:57:51.654  TX  F0 52 00 6E 64 20 00 00 02 48 00 00 00 00 F7  (set_param)
2026-10-06 03:57:51.658  RX  F0 52 00 6E 64 20 01 00 02 48 00 00 00 00 F7
2026-10-06 03:57:51.714  TX  F0 52 00 6E 64 20 00 00 02 4C 00 00 00 00 F7  (set_param)
2026-10-06 03:57:51.719  RX  F0 52 00 6E 64 20 01 00 02 4C 00 00 00 00 F7
2026-10-06 03:57:51.774  TX  F0 52 00 6E 64 20 00 00 02 50 00 00 00 00 F7  (set_param)
2026-10-06 03:57:51.779  RX  F0 52 00 6E 64 20 01 00 02 50 00 00 00 00 F7
2026-10-06 03:57:51.840  TX  F0 52 00 6E 64 20 00 00 02 53 00 00 00 00 F7  (set_param)
2026-10-06 03:57:51.845  RX  F0 52 00 6E 64 20 01 00 02 53 00 00 00 00 F7
2026-10-06 03:57:51.908  TX  F0 52 00 6E 64 20 00 00 02 59 00 00 00 00 F7  (set_param)
2026-10-06 03:57:51.913  RX  F0 52 00 6E 64 20 01 00 02 59 00 00 00 00 F7
2026-10-06 03:57:51.966  TX  F0 52 00 6E 64 20 00 00 02 5E 00 00 00 00 F7  (set_param)
2026-10-06 03:57:51.971  RX  F0 52 00 6E 64 20 01 00 02 5E 00 00 00 00 F7
2026-10-06 03:57:52.025  TX  F0 52 00 6E 64 20 00 00 02 62 00 00 00 00 F7  (set_param)
2026-10-06 03:57:52.030  RX  F0 52 00 6E 64 20 01 00 02 62 00 00 00 00 F7
2026-10-06 03:57:52.086  TX  F0 52 00 6E 64 20 00 00 02 64 00 00 00 00 F7  (set_param)
2026-10-06 03:57:52.090  RX  F0 52 00 6E 64 20 01 00 02 64 00 00 00 00 F7
2026-10-06 03:57:52.632  TX  F0 52 00 6E 64 20 00 00 02 5F 00 00 00 00 F7  (set_param)
2026-10-06 03:57:52.637  RX  F0 52 00 6E 64 20 01 00 02 5F 00 00 00 00 F7
2026-10-06 03:57:52.691  TX  F0 52 00 6E 64 20 00 00 02 58 00 00 00 00 F7  (set_param)
2026-10-06 03:57:52.695  RX  F0 52 00 6E 64 20 01 00 02 58 00 00 00 00 F7
2026-10-06 03:57:52.752  TX  F0 52 00 6E 64 20 00 00 02 50 00 00 00 00 F7  (set_param)
2026-10-06 03:57:52.756  RX  F0 52 00 6E 64 20 01 00 02 50 00 00 00 00 F7
2026-10-06 03:57:52.811  TX  F0 52 00 6E 64 20 00 00 02 46 00 00 00 00 F7  (set_param)
2026-10-06 03:57:52.815  RX  F0 52 00 6E 64 20 01 00 02 46 00 00 00 00 F7
2026-10-06 03:57:52.872  TX  F0 52 00 6E 64 20 00 00 02 3D 00 00 00 00 F7  (set_param)
2026-10-06 03:57:52.876  RX  F0 52 00 6E 64 20 01 00 02 3D 00 00 00 00 F7
2026-10-06 03:57:52.931  TX  F0 52 00 6E 64 20 00 00 02 35 00 00 00 00 F7  (set_param)
2026-10-06 03:57:52.936  RX  F0 52 00 6E 64 20 01 00 02 35 00 00 00 00 F7
2026-10-06 03:57:52.992  TX  F0 52 00 6E 64 20 00 00 02 2E 00 00 00 00 F7  (set_param)
2026-10-06 03:57:52.996  RX  F0 52 00 6E 64 20 01 00 02 2E 00 00 00 00 F7
2026-10-06 03:57:53.052  TX  F0 52 00 6E 64 20 00 00 02 27 00 00 00 00 F7  (set_param)
2026-10-06 03:57:53.056  RX  F0 52 00 6E 64 20 01 00 02 27 00 00 00 00 F7
2026-10-06 03:57:53.118  TX  F0 52 00 6E 64 20 00 00 02 1E 00 00 00 00 F7  (set_param)
2026-10-06 03:57:53.123  RX  F0 52 00 6E 64 20 01 00 02 1E 00 00 00 00 F7
2026-10-06 03:57:53.177  TX  F0 52 00 6E 64 20 00 00 02 16 00 00 00 00 F7  (set_param)
2026-10-06 03:57:53.181  RX  F0 52 00 6E 64 20 01 00 02 16 00 00 00 00 F7
2026-10-06 03:57:53.238  TX  F0 52 00 6E 64 20 00 00 02 0E 00 00 00 00 F7  (set_param)
2026-10-06 03:57:53.242  RX  F0 52 00 6E 64 20 01 00 02 0E 00 00 00 00 F7
2026-10-06 03:57:53.297  TX  F0 52 00 6E 64 20 00 00 02 07 00 00 00 00 F7  (set_param)
2026-10-06 03:57:53.303  RX  F0 52 00 6E 64 20 01 00 02 07 00 00 00 00 F7
2026-10-06 03:57:53.358  TX  F0 52 00 6E 64 20 00 00 02 00 00 00 00 00 F7  (set_param)
2026-10-06 03:57:53.363  RX  F0 52 00 6E 64 20 01 00 02 00 00 00 00 00 F7
2026-10-06 03:57:53.658  --  60 gesendet, 60 bestätigt, 0 ohne Ack, Latenz CC→Ack Median 3.9 ms / Max 7.0 ms
2026-10-06 03:57:53.981  TX  F0 52 00 6E 64 20 00 00 02 04 00 00 00 00 F7  (set_param)
2026-10-06 03:57:53.986  RX  F0 52 00 6E 64 20 01 00 02 04 00 00 00 00 F7
2026-10-06 03:57:54.042  TX  F0 52 00 6E 64 20 00 00 02 09 00 00 00 00 F7  (set_param)
2026-10-06 03:57:54.047  RX  F0 52 00 6E 64 20 01 00 02 09 00 00 00 00 F7
2026-10-06 03:57:54.101  TX  F0 52 00 6E 64 20 00 00 02 0E 00 00 00 00 F7  (set_param)
2026-10-06 03:57:54.106  RX  F0 52 00 6E 64 20 01 00 02 0E 00 00 00 00 F7
2026-10-06 03:57:54.162  TX  F0 52 00 6E 64 20 00 00 02 14 00 00 00 00 F7  (set_param)
2026-10-06 03:57:54.167  RX  F0 52 00 6E 64 20 01 00 02 14 00 00 00 00 F7
2026-10-06 03:57:54.222  TX  F0 52 00 6E 64 20 00 00 02 1C 00 00 00 00 F7  (set_param)
2026-10-06 03:57:54.227  RX  F0 52 00 6E 64 20 01 00 02 1C 00 00 00 00 F7
2026-10-06 03:57:54.282  TX  F0 52 00 6E 64 20 00 00 02 25 00 00 00 00 F7  (set_param)
2026-10-06 03:57:54.287  RX  F0 52 00 6E 64 20 01 00 02 25 00 00 00 00 F7
2026-10-06 03:57:54.341  TX  F0 52 00 6E 64 20 00 00 02 2C 00 00 00 00 F7  (set_param)
2026-10-06 03:57:54.346  RX  F0 52 00 6E 64 20 01 00 02 2C 00 00 00 00 F7
2026-10-06 03:57:54.402  TX  F0 52 00 6E 64 20 00 00 02 33 00 00 00 00 F7  (set_param)
2026-10-06 03:57:54.407  RX  F0 52 00 6E 64 20 01 00 02 33 00 00 00 00 F7
2026-10-06 03:57:54.461  TX  F0 52 00 6E 64 20 00 00 02 3A 00 00 00 00 F7  (set_param)
2026-10-06 03:57:54.466  RX  F0 52 00 6E 64 20 01 00 02 3A 00 00 00 00 F7
2026-10-06 03:57:54.522  TX  F0 52 00 6E 64 20 00 00 02 46 00 00 00 00 F7  (set_param)
2026-10-06 03:57:54.526  RX  F0 52 00 6E 64 20 01 00 02 46 00 00 00 00 F7
2026-10-06 03:57:54.582  TX  F0 52 00 6E 64 20 00 00 02 51 00 00 00 00 F7  (set_param)
2026-10-06 03:57:54.586  RX  F0 52 00 6E 64 20 01 00 02 51 00 00 00 00 F7
2026-10-06 03:57:54.642  TX  F0 52 00 6E 64 20 00 00 02 59 00 00 00 00 F7  (set_param)
2026-10-06 03:57:54.645  RX  F0 52 00 6E 64 20 01 00 02 59 00 00 00 00 F7
2026-10-06 03:57:54.702  TX  F0 52 00 6E 64 20 00 00 02 5D 00 00 00 00 F7  (set_param)
2026-10-06 03:57:54.709  RX  F0 52 00 6E 64 20 01 00 02 5D 00 00 00 00 F7
2026-10-06 03:57:54.768  TX  F0 52 00 6E 64 20 00 00 02 62 00 00 00 00 F7  (set_param)
2026-10-06 03:57:54.772  RX  F0 52 00 6E 64 20 01 00 02 62 00 00 00 00 F7
2026-10-06 03:57:54.834  TX  F0 52 00 6E 64 20 00 00 02 64 00 00 00 00 F7  (set_param)
2026-10-06 03:57:54.838  RX  F0 52 00 6E 64 20 01 00 02 64 00 00 00 00 F7
2026-10-06 03:57:55.374  TX  F0 52 00 6E 64 20 00 00 02 5B 00 00 00 00 F7  (set_param)
2026-10-06 03:57:55.379  RX  F0 52 00 6E 64 20 01 00 02 5B 00 00 00 00 F7
2026-10-06 03:57:55.433  TX  F0 52 00 6E 64 20 00 00 02 4C 00 00 00 00 F7  (set_param)
2026-10-06 03:57:55.438  RX  F0 52 00 6E 64 20 01 00 02 4C 00 00 00 00 F7
2026-10-06 03:57:55.494  TX  F0 52 00 6E 64 20 00 00 02 3D 00 00 00 00 F7  (set_param)
2026-10-06 03:57:55.499  RX  F0 52 00 6E 64 20 01 00 02 3D 00 00 00 00 F7
2026-10-06 03:57:55.554  TX  F0 52 00 6E 64 20 00 00 02 33 00 00 00 00 F7  (set_param)
2026-10-06 03:57:55.560  RX  F0 52 00 6E 64 20 01 00 02 33 00 00 00 00 F7
2026-10-06 03:57:55.614  TX  F0 52 00 6E 64 20 00 00 02 29 00 00 00 00 F7  (set_param)
2026-10-06 03:57:55.617  RX  F0 52 00 6E 64 20 01 00 02 29 00 00 00 00 F7
2026-10-06 03:57:55.674  TX  F0 52 00 6E 64 20 00 00 02 1F 00 00 00 00 F7  (set_param)
2026-10-06 03:57:55.679  RX  F0 52 00 6E 64 20 01 00 02 1F 00 00 00 00 F7
2026-10-06 03:57:55.734  TX  F0 52 00 6E 64 20 00 00 02 17 00 00 00 00 F7  (set_param)
2026-10-06 03:57:55.740  RX  F0 52 00 6E 64 20 01 00 02 17 00 00 00 00 F7
2026-10-06 03:57:55.794  TX  F0 52 00 6E 64 20 00 00 02 11 00 00 00 00 F7  (set_param)
2026-10-06 03:57:55.799  RX  F0 52 00 6E 64 20 01 00 02 11 00 00 00 00 F7
2026-10-06 03:57:55.854  TX  F0 52 00 6E 64 20 00 00 02 0D 00 00 00 00 F7  (set_param)
2026-10-06 03:57:55.858  RX  F0 52 00 6E 64 20 01 00 02 0D 00 00 00 00 F7
2026-10-06 03:57:55.914  TX  F0 52 00 6E 64 20 00 00 02 07 00 00 00 00 F7  (set_param)
2026-10-06 03:57:55.919  RX  F0 52 00 6E 64 20 01 00 02 07 00 00 00 00 F7
2026-10-06 03:57:55.974  TX  F0 52 00 6E 64 20 00 00 02 00 00 00 00 00 F7  (set_param)
2026-10-06 03:57:55.978  RX  F0 52 00 6E 64 20 01 00 02 00 00 00 00 00 F7
2026-10-06 03:57:56.478  TX  F0 52 00 6E 64 20 00 00 02 08 00 00 00 00 F7  (set_param)
2026-10-06 03:57:56.483  RX  F0 52 00 6E 64 20 01 00 02 08 00 00 00 00 F7
2026-10-06 03:57:56.538  TX  F0 52 00 6E 64 20 00 00 02 12 00 00 00 00 F7  (set_param)
2026-10-06 03:57:56.543  RX  F0 52 00 6E 64 20 01 00 02 12 00 00 00 00 F7
2026-10-06 03:57:56.598  TX  F0 52 00 6E 64 20 00 00 02 18 00 00 00 00 F7  (set_param)
2026-10-06 03:57:56.603  RX  F0 52 00 6E 64 20 01 00 02 18 00 00 00 00 F7
2026-10-06 03:57:56.664  TX  F0 52 00 6E 64 20 00 00 02 1D 00 00 00 00 F7  (set_param)
2026-10-06 03:57:56.669  RX  F0 52 00 6E 64 20 01 00 02 1D 00 00 00 00 F7
2026-10-06 03:57:56.728  TX  F0 52 00 6E 64 20 00 00 02 27 00 00 00 00 F7  (set_param)
2026-10-06 03:57:56.733  RX  F0 52 00 6E 64 20 01 00 02 27 00 00 00 00 F7
2026-10-06 03:57:56.788  TX  F0 52 00 6E 64 20 00 00 02 32 00 00 00 00 F7  (set_param)
2026-10-06 03:57:56.792  RX  F0 52 00 6E 64 20 01 00 02 32 00 00 00 00 F7
2026-10-06 03:57:56.848  TX  F0 52 00 6E 64 20 00 00 02 3D 00 00 00 00 F7  (set_param)
2026-10-06 03:57:56.852  RX  F0 52 00 6E 64 20 01 00 02 3D 00 00 00 00 F7
2026-10-06 03:57:56.909  TX  F0 52 00 6E 64 20 00 00 02 47 00 00 00 00 F7  (set_param)
2026-10-06 03:57:56.912  RX  F0 52 00 6E 64 20 01 00 02 47 00 00 00 00 F7
2026-10-06 03:57:56.968  TX  F0 52 00 6E 64 20 00 00 02 4D 00 00 00 00 F7  (set_param)
2026-10-06 03:57:56.972  RX  F0 52 00 6E 64 20 01 00 02 4D 00 00 00 00 F7
2026-10-06 03:57:57.033  TX  F0 52 00 6E 64 20 00 00 02 53 00 00 00 00 F7  (set_param)
2026-10-06 03:57:57.039  RX  F0 52 00 6E 64 20 01 00 02 53 00 00 00 00 F7
2026-10-06 03:57:57.097  TX  F0 52 00 6E 64 20 00 00 02 5B 00 00 00 00 F7  (set_param)
2026-10-06 03:57:57.102  RX  F0 52 00 6E 64 20 01 00 02 5B 00 00 00 00 F7
2026-10-06 03:57:57.158  TX  F0 52 00 6E 64 20 00 00 02 60 00 00 00 00 F7  (set_param)
2026-10-06 03:57:57.163  RX  F0 52 00 6E 64 20 01 00 02 60 00 00 00 00 F7
2026-10-06 03:57:57.224  TX  F0 52 00 6E 64 20 00 00 02 63 00 00 00 00 F7  (set_param)
2026-10-06 03:57:57.228  RX  F0 52 00 6E 64 20 01 00 02 63 00 00 00 00 F7
2026-10-06 03:57:57.290  TX  F0 52 00 6E 64 20 00 00 02 64 00 00 00 00 F7  (set_param)
2026-10-06 03:57:57.295  RX  F0 52 00 6E 64 20 01 00 02 64 00 00 00 00 F7
2026-10-06 03:57:57.590  TX  F0 52 00 6E 64 20 00 00 02 62 00 00 00 00 F7  (set_param)
2026-10-06 03:57:57.595  RX  F0 52 00 6E 64 20 01 00 02 62 00 00 00 00 F7
2026-10-06 03:57:57.651  TX  F0 52 00 6E 64 20 00 00 02 5D 00 00 00 00 F7  (set_param)
2026-10-06 03:57:57.655  RX  F0 52 00 6E 64 20 01 00 02 5D 00 00 00 00 F7
2026-10-06 03:57:57.711  TX  F0 52 00 6E 64 20 00 00 02 53 00 00 00 00 F7  (set_param)
2026-10-06 03:57:57.715  RX  F0 52 00 6E 64 20 01 00 02 53 00 00 00 00 F7
2026-10-06 03:57:57.771  TX  F0 52 00 6E 64 20 00 00 02 46 00 00 00 00 F7  (set_param)
2026-10-06 03:57:57.774  RX  F0 52 00 6E 64 20 01 00 02 46 00 00 00 00 F7
2026-10-06 03:57:57.830  TX  F0 52 00 6E 64 20 00 00 02 3A 00 00 00 00 F7  (set_param)
2026-10-06 03:57:57.835  RX  F0 52 00 6E 64 20 01 00 02 3A 00 00 00 00 F7
2026-10-06 03:57:57.884  TX  F0 52 00 6E 64 20 00 00 02 2F 00 00 00 00 F7  (set_param)
2026-10-06 03:57:57.889  RX  F0 52 00 6E 64 20 01 00 02 2F 00 00 00 00 F7
2026-10-06 03:57:57.932  TX  F0 52 00 6E 64 20 00 00 02 24 00 00 00 00 F7  (set_param)
2026-10-06 03:57:57.936  RX  F0 52 00 6E 64 20 01 00 02 24 00 00 00 00 F7
2026-10-06 03:57:57.972  TX  F0 52 00 6E 64 20 00 00 02 1A 00 00 00 00 F7  (set_param)
2026-10-06 03:57:57.976  RX  F0 52 00 6E 64 20 01 00 02 1A 00 00 00 00 F7
2026-10-06 03:57:58.011  TX  F0 52 00 6E 64 20 00 00 02 11 00 00 00 00 F7  (set_param)
2026-10-06 03:57:58.015  RX  F0 52 00 6E 64 20 01 00 02 11 00 00 00 00 F7
2026-10-06 03:57:58.052  TX  F0 52 00 6E 64 20 00 00 02 07 00 00 00 00 F7  (set_param)
2026-10-06 03:57:58.056  RX  F0 52 00 6E 64 20 01 00 02 07 00 00 00 00 F7
2026-10-06 03:57:58.092  TX  F0 52 00 6E 64 20 00 00 02 00 00 00 00 00 F7  (set_param)
2026-10-06 03:57:58.096  RX  F0 52 00 6E 64 20 01 00 02 00 00 00 00 00 F7
2026-10-06 03:57:58.659  --  51 gesendet, 51 bestätigt, 0 ohne Ack, Latenz CC→Ack Median 5.1 ms / Max 6.5 ms
2026-10-06 03:58:49.586  TX  F0 52 00 6E 51 F7  (edit_disable)
2026-10-06 03:58:49.588  RX  F0 52 00 6E 00 00 F7
2026-10-06 03:58:49.590  --  Beendet.
2026-10-06 04:12:38.252  --  Oberfläche: http://127.0.0.1:8765
2026-10-06 04:12:38.316  TX  F0 7E 7F 06 01 F7  (identity_request)
2026-10-06 04:12:38.317  RX  F0 7E 00 06 02 52 6E 00 27 00 31 2E 32 30 F7
2026-10-06 04:12:38.318  TX  F0 52 00 6E 50 F7  (edit_enable)
2026-10-06 04:12:38.321  RX  F0 52 00 6E 00 00 F7
2026-10-06 04:12:38.321  TX  F0 52 00 6E 33 F7  (query_program)
2026-10-06 04:12:38.322  RX  control_change channel=0 control=0 value=0 time=0
2026-10-06 04:12:38.322  RX  control_change channel=0 control=32 value=9 time=0
2026-10-06 04:12:38.322  RX  program_change channel=0 program=4 time=0
2026-10-06 04:12:38.322  --  Preset 095: Expression → Effekt 1, Parameter 1, 0–100
2026-10-06 04:12:38.821  --  Bereit: SINCO → ZOOM MS Plus Series, Firmware 1.20
2026-10-06 04:33:42.495  RX  F0 52 00 6E 64 26 00 00 09 00 05 00 F7
2026-10-06 04:33:42.496  --  Preset 096: kein Mapping, Expression wird ignoriert
2026-10-06 04:33:42.531  RX  F0 52 00 6E 64 20 00 64 02 78 00 00 00 00 F7
2026-10-06 04:33:42.532  RX  control_change channel=0 control=0 value=0 time=0
2026-10-06 04:33:42.533  RX  control_change channel=0 control=32 value=9 time=0
2026-10-06 04:33:42.533  RX  program_change channel=0 program=5 time=0
2026-10-06 04:33:43.961  RX  F0 52 00 6E 64 26 00 00 09 00 06 00 F7
2026-10-06 04:33:43.962  --  Preset 097: kein Mapping, Expression wird ignoriert
2026-10-06 04:33:43.997  RX  F0 52 00 6E 64 20 00 64 02 78 00 00 00 00 F7
2026-10-06 04:33:43.997  RX  control_change channel=0 control=0 value=0 time=0
2026-10-06 04:33:43.997  RX  control_change channel=0 control=32 value=9 time=0
2026-10-06 04:33:43.997  RX  program_change channel=0 program=6 time=0
2026-10-06 04:33:47.238  RX  F0 52 00 6E 64 26 00 00 09 00 05 00 F7
2026-10-06 04:33:47.239  --  Preset 096: kein Mapping, Expression wird ignoriert
2026-10-06 04:33:47.274  RX  F0 52 00 6E 64 20 00 64 02 78 00 00 00 00 F7
2026-10-06 04:33:47.274  RX  control_change channel=0 control=0 value=0 time=0
2026-10-06 04:33:47.274  RX  control_change channel=0 control=32 value=9 time=0
2026-10-06 04:33:47.274  RX  program_change channel=0 program=5 time=0
2026-10-06 04:33:47.979  RX  F0 52 00 6E 64 26 00 00 09 00 06 00 F7
2026-10-06 04:33:47.979  --  Preset 097: kein Mapping, Expression wird ignoriert
2026-10-06 04:33:48.016  RX  F0 52 00 6E 64 20 00 64 02 78 00 00 00 00 F7
2026-10-06 04:33:48.016  RX  control_change channel=0 control=0 value=0 time=0
2026-10-06 04:33:48.016  RX  control_change channel=0 control=32 value=9 time=0
2026-10-06 04:33:48.016  RX  program_change channel=0 program=6 time=0
2026-10-06 04:33:48.932  RX  F0 52 00 6E 64 26 00 00 09 00 05 00 F7
2026-10-06 04:33:48.933  --  Preset 096: kein Mapping, Expression wird ignoriert
2026-10-06 04:33:48.969  RX  F0 52 00 6E 64 20 00 64 02 78 00 00 00 00 F7
2026-10-06 04:33:48.969  RX  control_change channel=0 control=0 value=0 time=0
2026-10-06 04:33:48.969  RX  control_change channel=0 control=32 value=9 time=0
2026-10-06 04:33:48.969  RX  program_change channel=0 program=5 time=0
2026-10-06 04:33:53.898  RX  F0 52 00 6E 64 26 00 00 09 00 06 00 F7
2026-10-06 04:33:53.899  --  Preset 097: kein Mapping, Expression wird ignoriert
2026-10-06 04:33:53.935  RX  F0 52 00 6E 64 20 00 64 02 78 00 00 00 00 F7
2026-10-06 04:33:53.935  RX  control_change channel=0 control=0 value=0 time=0
2026-10-06 04:33:53.936  RX  control_change channel=0 control=32 value=9 time=0
2026-10-06 04:33:53.936  RX  program_change channel=0 program=6 time=0
2026-10-06 04:33:54.678  RX  F0 52 00 6E 64 26 00 00 09 00 07 00 F7
2026-10-06 04:33:54.679  --  Preset 098: kein Mapping, Expression wird ignoriert
2026-10-06 04:33:54.713  RX  F0 52 00 6E 64 20 00 64 02 78 00 00 00 00 F7
2026-10-06 04:33:54.713  RX  control_change channel=0 control=0 value=0 time=0
2026-10-06 04:33:54.713  RX  control_change channel=0 control=32 value=9 time=0
2026-10-06 04:33:54.713  RX  program_change channel=0 program=7 time=0
2026-10-06 04:33:55.225  RX  F0 52 00 6E 64 26 00 00 09 00 08 00 F7
2026-10-06 04:33:55.225  --  Preset 099: kein Mapping, Expression wird ignoriert
2026-10-06 04:33:55.261  RX  F0 52 00 6E 64 20 00 64 02 78 00 00 00 00 F7
2026-10-06 04:33:55.262  RX  control_change channel=0 control=0 value=0 time=0
2026-10-06 04:33:55.262  RX  control_change channel=0 control=32 value=9 time=0
2026-10-06 04:33:55.263  RX  program_change channel=0 program=8 time=0
2026-10-06 04:33:56.119  RX  F0 52 00 6E 64 26 00 00 09 00 07 00 F7
2026-10-06 04:33:56.119  --  Preset 098: kein Mapping, Expression wird ignoriert
2026-10-06 04:33:56.153  RX  F0 52 00 6E 64 20 00 64 02 78 00 00 00 00 F7
2026-10-06 04:33:56.154  RX  control_change channel=0 control=0 value=0 time=0
2026-10-06 04:33:56.154  RX  control_change channel=0 control=32 value=9 time=0
2026-10-06 04:33:56.154  RX  program_change channel=0 program=7 time=0
2026-10-06 04:33:56.880  RX  F0 52 00 6E 64 26 00 00 09 00 06 00 F7
2026-10-06 04:33:56.881  --  Preset 097: kein Mapping, Expression wird ignoriert
2026-10-06 04:33:56.916  RX  F0 52 00 6E 64 20 00 64 02 78 00 00 00 00 F7
2026-10-06 04:33:56.916  RX  control_change channel=0 control=0 value=0 time=0
2026-10-06 04:33:56.916  RX  control_change channel=0 control=32 value=9 time=0
2026-10-06 04:33:56.916  RX  program_change channel=0 program=6 time=0
2026-10-06 04:34:18.292  RX  F0 52 00 6E 64 20 00 64 01 04 00 00 00 00 F7
2026-10-06 04:34:19.126  RX  F0 52 00 6E 64 20 00 64 01 03 00 00 00 00 F7
2026-10-06 04:34:19.706  RX  F0 52 00 6E 64 20 00 64 01 02 00 00 00 00 F7
2026-10-06 04:34:20.367  RX  F0 52 00 6E 64 20 00 64 01 01 00 00 00 00 F7
2026-10-06 04:34:21.509  RX  F0 52 00 6E 64 20 00 64 01 00 00 00 00 00 F7
2026-10-06 04:34:22.249  RX  F0 52 00 6E 64 26 00 00 09 00 07 00 F7
2026-10-06 04:34:22.249  --  Preset 098: kein Mapping, Expression wird ignoriert
2026-10-06 04:34:22.283  RX  F0 52 00 6E 64 20 00 64 02 78 00 00 00 00 F7
2026-10-06 04:34:22.283  RX  control_change channel=0 control=0 value=0 time=0
2026-10-06 04:34:22.283  RX  control_change channel=0 control=32 value=9 time=0
2026-10-06 04:34:22.284  RX  program_change channel=0 program=7 time=0
2026-10-06 04:34:22.718  RX  F0 52 00 6E 64 26 00 00 09 00 08 00 F7
2026-10-06 04:34:22.718  --  Preset 099: kein Mapping, Expression wird ignoriert
2026-10-06 04:34:22.753  RX  F0 52 00 6E 64 20 00 64 02 78 00 00 00 00 F7
2026-10-06 04:34:22.755  RX  control_change channel=0 control=0 value=0 time=0
2026-10-06 04:34:22.755  RX  control_change channel=0 control=32 value=9 time=0
2026-10-06 04:34:22.755  RX  program_change channel=0 program=8 time=0
2026-10-06 04:34:22.980  RX  F0 52 00 6E 64 26 00 00 09 00 09 00 F7
2026-10-06 04:34:22.980  --  Preset 100: kein Mapping, Expression wird ignoriert
2026-10-06 04:34:22.998  RX  F0 52 00 6E 64 20 00 64 02 78 00 00 00 00 F7
2026-10-06 04:34:22.998  RX  control_change channel=0 control=0 value=0 time=0
2026-10-06 04:34:22.998  RX  control_change channel=0 control=32 value=9 time=0
2026-10-06 04:34:22.998  RX  program_change channel=0 program=9 time=0
2026-10-06 04:34:23.691  RX  F0 52 00 6E 64 26 00 00 00 00 00 00 F7
2026-10-06 04:34:23.692  --  Preset 001: kein Mapping, Expression wird ignoriert
2026-10-06 04:34:23.719  RX  F0 52 00 6E 64 20 00 64 02 16 01 00 00 00 F7
2026-10-06 04:34:23.720  RX  control_change channel=0 control=0 value=0 time=0
2026-10-06 04:34:23.721  RX  control_change channel=0 control=32 value=0 time=0
2026-10-06 04:34:23.721  RX  program_change channel=0 program=0 time=0
2026-10-06 04:34:26.777  RX  F0 52 00 6E 64 26 00 00 00 00 01 00 F7
2026-10-06 04:34:26.777  --  Preset 002: kein Mapping, Expression wird ignoriert
2026-10-06 04:34:26.806  RX  F0 52 00 6E 64 20 00 64 02 16 01 00 00 00 F7
2026-10-06 04:34:26.806  RX  control_change channel=0 control=0 value=0 time=0
2026-10-06 04:34:26.806  RX  control_change channel=0 control=32 value=0 time=0
2026-10-06 04:34:26.806  RX  program_change channel=0 program=1 time=0
2026-10-06 04:34:27.188  RX  F0 52 00 6E 64 26 00 00 00 00 02 00 F7
2026-10-06 04:34:27.189  --  Preset 003: kein Mapping, Expression wird ignoriert
2026-10-06 04:34:27.208  RX  F0 52 00 6E 64 20 00 64 02 16 01 00 00 00 F7
2026-10-06 04:34:27.209  RX  control_change channel=0 control=0 value=0 time=0
2026-10-06 04:34:27.209  RX  control_change channel=0 control=32 value=0 time=0
2026-10-06 04:34:27.209  RX  program_change channel=0 program=2 time=0
2026-10-06 04:34:27.524  RX  F0 52 00 6E 64 26 00 00 00 00 03 00 F7
2026-10-06 04:34:27.524  --  Preset 004: kein Mapping, Expression wird ignoriert
2026-10-06 04:34:27.553  RX  F0 52 00 6E 64 20 00 64 02 16 01 00 00 00 F7
2026-10-06 04:34:27.554  RX  control_change channel=0 control=0 value=0 time=0
2026-10-06 04:34:27.554  RX  control_change channel=0 control=32 value=0 time=0
2026-10-06 04:34:27.555  RX  program_change channel=0 program=3 time=0
2026-10-06 04:34:28.030  RX  F0 52 00 6E 64 26 00 00 00 00 04 00 F7
2026-10-06 04:34:28.031  --  Preset 005: kein Mapping, Expression wird ignoriert
2026-10-06 04:34:28.050  RX  F0 52 00 6E 64 20 00 64 02 78 00 00 00 00 F7
2026-10-06 04:34:28.051  RX  control_change channel=0 control=0 value=0 time=0
2026-10-06 04:34:28.051  RX  control_change channel=0 control=32 value=0 time=0
2026-10-06 04:34:28.051  RX  program_change channel=0 program=4 time=0
2026-10-06 04:34:28.433  RX  F0 52 00 6E 64 26 00 00 00 00 05 00 F7
2026-10-06 04:34:28.433  --  Preset 006: kein Mapping, Expression wird ignoriert
2026-10-06 04:34:28.462  RX  F0 52 00 6E 64 20 00 64 02 16 01 00 00 00 F7
2026-10-06 04:34:28.464  RX  control_change channel=0 control=0 value=0 time=0
2026-10-06 04:34:28.464  RX  control_change channel=0 control=32 value=0 time=0
2026-10-06 04:34:28.464  RX  program_change channel=0 program=5 time=0
2026-10-06 04:34:28.921  RX  F0 52 00 6E 64 26 00 00 00 00 06 00 F7
2026-10-06 04:34:28.921  --  Preset 007: kein Mapping, Expression wird ignoriert
2026-10-06 04:34:28.936  RX  F0 52 00 6E 64 20 00 64 02 78 00 00 00 00 F7
2026-10-06 04:34:28.936  RX  control_change channel=0 control=0 value=0 time=0
2026-10-06 04:34:28.936  RX  control_change channel=0 control=32 value=0 time=0
2026-10-06 04:34:28.936  RX  program_change channel=0 program=6 time=0
2026-10-06 04:34:29.365  RX  F0 52 00 6E 64 26 00 00 00 00 07 00 F7
2026-10-06 04:34:29.365  --  Preset 008: kein Mapping, Expression wird ignoriert
2026-10-06 04:34:29.382  RX  F0 52 00 6E 64 20 00 64 02 78 00 00 00 00 F7
2026-10-06 04:34:29.382  RX  control_change channel=0 control=0 value=0 time=0
2026-10-06 04:34:29.382  RX  control_change channel=0 control=32 value=0 time=0
2026-10-06 04:34:29.382  RX  program_change channel=0 program=7 time=0
2026-10-06 04:34:31.426  RX  F0 52 00 6E 64 26 00 00 00 00 06 00 F7
2026-10-06 04:34:31.426  --  Preset 007: kein Mapping, Expression wird ignoriert
2026-10-06 04:34:31.442  RX  F0 52 00 6E 64 20 00 64 02 78 00 00 00 00 F7
2026-10-06 04:34:31.442  RX  control_change channel=0 control=0 value=0 time=0
2026-10-06 04:34:31.443  RX  control_change channel=0 control=32 value=0 time=0
2026-10-06 04:34:31.443  RX  program_change channel=0 program=6 time=0
2026-10-06 04:34:31.894  RX  F0 52 00 6E 64 26 00 00 00 00 05 00 F7
2026-10-06 04:34:31.895  --  Preset 006: kein Mapping, Expression wird ignoriert
2026-10-06 04:34:31.923  RX  F0 52 00 6E 64 20 00 64 02 16 01 00 00 00 F7
2026-10-06 04:34:31.923  RX  control_change channel=0 control=0 value=0 time=0
2026-10-06 04:34:31.924  RX  control_change channel=0 control=32 value=0 time=0
2026-10-06 04:34:31.924  RX  program_change channel=0 program=5 time=0
2026-10-06 04:34:35.565  RX  F0 52 00 6E 64 20 00 64 01 01 00 00 00 00 F7
2026-10-06 04:34:36.501  RX  F0 52 00 6E 64 20 00 64 01 00 00 00 00 00 F7
2026-10-06 04:34:37.897  RX  F0 52 00 6E 64 20 00 64 01 01 00 00 00 00 F7
2026-10-06 04:34:38.244  RX  F0 52 00 6E 64 20 00 64 01 02 00 00 00 00 F7
2026-10-06 04:34:38.559  RX  F0 52 00 6E 64 20 00 64 01 03 00 00 00 00 F7
2026-10-06 04:34:39.437  RX  F0 52 00 6E 64 20 00 64 01 04 00 00 00 00 F7
2026-10-06 04:34:40.015  RX  F0 52 00 6E 64 20 00 64 01 03 00 00 00 00 F7
2026-10-06 04:34:42.264  RX  F0 52 00 6E 64 20 00 64 01 02 00 00 00 00 F7
2026-10-06 04:34:42.701  RX  F0 52 00 6E 64 26 00 00 00 00 06 00 F7
2026-10-06 04:34:42.701  --  Preset 007: kein Mapping, Expression wird ignoriert
2026-10-06 04:34:42.717  RX  F0 52 00 6E 64 20 00 64 02 78 00 00 00 00 F7
2026-10-06 04:34:42.717  RX  control_change channel=0 control=0 value=0 time=0
2026-10-06 04:34:42.717  RX  control_change channel=0 control=32 value=0 time=0
2026-10-06 04:34:42.717  RX  program_change channel=0 program=6 time=0
2026-10-06 04:34:43.630  RX  F0 52 00 6E 64 26 00 00 00 00 05 00 F7
2026-10-06 04:34:43.630  --  Preset 006: kein Mapping, Expression wird ignoriert
2026-10-06 04:34:43.658  RX  F0 52 00 6E 64 20 00 64 02 16 01 00 00 00 F7
2026-10-06 04:34:43.659  RX  control_change channel=0 control=0 value=0 time=0
2026-10-06 04:34:43.660  RX  control_change channel=0 control=32 value=0 time=0
2026-10-06 04:34:43.660  RX  program_change channel=0 program=5 time=0
2026-10-06 04:34:49.023  RX  F0 52 00 6E 64 20 00 02 02 22 00 00 00 00 F7
2026-10-06 04:34:49.085  RX  F0 52 00 6E 64 20 00 02 02 21 00 00 00 00 F7
2026-10-06 04:34:49.597  RX  F0 52 00 6E 64 20 00 02 02 22 00 00 00 00 F7
2026-10-06 04:34:55.359  RX  F0 52 00 6E 64 20 00 02 02 23 00 00 00 00 F7
2026-10-06 04:34:55.949  RX  F0 52 00 6E 64 20 00 02 02 24 00 00 00 00 F7
2026-10-06 04:34:56.094  RX  F0 52 00 6E 64 20 00 02 02 25 00 00 00 00 F7
2026-10-06 04:34:56.237  RX  F0 52 00 6E 64 20 00 02 02 26 00 00 00 00 F7
2026-10-06 04:34:56.798  RX  F0 52 00 6E 64 20 00 02 02 25 00 00 00 00 F7
2026-10-06 04:34:56.910  RX  F0 52 00 6E 64 20 00 02 02 24 00 00 00 00 F7
2026-10-06 04:34:56.957  RX  F0 52 00 6E 64 20 00 02 02 22 00 00 00 00 F7
2026-10-06 04:34:57.038  RX  F0 52 00 6E 64 20 00 02 02 21 00 00 00 00 F7
2026-10-06 04:34:57.101  RX  F0 52 00 6E 64 20 00 02 02 20 00 00 00 00 F7
2026-10-06 04:34:57.165  RX  F0 52 00 6E 64 20 00 02 02 1F 00 00 00 00 F7
2026-10-06 04:34:57.758  RX  F0 52 00 6E 64 20 00 02 02 1E 00 00 00 00 F7
2026-10-06 04:34:57.806  RX  F0 52 00 6E 64 20 00 02 02 1C 00 00 00 00 F7
2026-10-06 04:34:57.949  RX  F0 52 00 6E 64 20 00 02 02 1B 00 00 00 00 F7
2026-10-06 04:34:57.997  RX  F0 52 00 6E 64 20 00 02 02 19 00 00 00 00 F7
2026-10-06 04:34:58.045  RX  F0 52 00 6E 64 20 00 02 02 18 00 00 00 00 F7
2026-10-06 04:34:58.094  RX  F0 52 00 6E 64 20 00 02 02 17 00 00 00 00 F7
2026-10-06 04:34:58.125  RX  F0 52 00 6E 64 20 00 02 02 16 00 00 00 00 F7
2026-10-06 04:34:58.173  RX  F0 52 00 6E 64 20 00 02 02 14 00 00 00 00 F7
2026-10-06 04:34:58.366  RX  F0 52 00 6E 64 20 00 02 02 13 00 00 00 00 F7
2026-10-06 04:34:58.863  RX  F0 52 00 6E 64 20 00 02 02 12 00 00 00 00 F7
2026-10-06 04:34:58.909  RX  F0 52 00 6E 64 20 00 02 02 10 00 00 00 00 F7
2026-10-06 04:34:58.942  RX  F0 52 00 6E 64 20 00 02 02 0E 00 00 00 00 F7
2026-10-06 04:34:58.975  RX  F0 52 00 6E 64 20 00 02 02 0C 00 00 00 00 F7
2026-10-06 04:34:59.007  RX  F0 52 00 6E 64 20 00 02 02 0A 00 00 00 00 F7
2026-10-06 04:34:59.031  RX  F0 52 00 6E 64 20 00 02 02 07 00 00 00 00 F7
2026-10-06 04:34:59.054  RX  F0 52 00 6E 64 20 00 02 02 04 00 00 00 00 F7
2026-10-06 04:34:59.079  RX  F0 52 00 6E 64 20 00 02 02 00 00 00 00 00 F7
2026-10-06 04:35:00.270  RX  F0 52 00 6E 64 20 00 02 02 01 00 00 00 00 F7
2026-10-06 04:35:00.303  RX  F0 52 00 6E 64 20 00 02 02 04 00 00 00 00 F7
2026-10-06 04:35:00.335  RX  F0 52 00 6E 64 20 00 02 02 06 00 00 00 00 F7
2026-10-06 04:35:00.414  RX  F0 52 00 6E 64 20 00 02 02 07 00 00 00 00 F7
2026-10-06 04:35:00.462  RX  F0 52 00 6E 64 20 00 02 02 08 00 00 00 00 F7
2026-10-06 04:35:01.038  RX  F0 52 00 6E 64 20 00 02 02 09 00 00 00 00 F7
2026-10-06 04:35:01.134  RX  F0 52 00 6E 64 20 00 02 02 0A 00 00 00 00 F7
2026-10-06 04:35:01.246  RX  F0 52 00 6E 64 20 00 02 02 0B 00 00 00 00 F7
2026-10-06 04:35:01.294  RX  F0 52 00 6E 64 20 00 02 02 0D 00 00 00 00 F7
2026-10-06 04:35:01.318  RX  F0 52 00 6E 64 20 00 02 02 19 00 00 00 00 F7
2026-10-06 04:35:01.341  RX  F0 52 00 6E 64 20 00 02 02 25 00 00 00 00 F7
2026-10-06 04:35:01.366  RX  F0 52 00 6E 64 20 00 02 02 3D 00 00 00 00 F7
2026-10-06 04:35:01.390  RX  F0 52 00 6E 64 20 00 02 02 49 00 00 00 00 F7
2026-10-06 04:35:01.422  RX  F0 52 00 6E 64 20 00 02 02 4B 00 00 00 00 F7
2026-10-06 04:35:01.470  RX  F0 52 00 6E 64 20 00 02 02 4C 00 00 00 00 F7
2026-10-06 04:35:01.503  RX  F0 52 00 6E 64 20 00 02 02 4D 00 00 00 00 F7
2026-10-06 04:35:02.174  RX  F0 52 00 6E 64 20 00 02 02 4E 00 00 00 00 F7
2026-10-06 04:35:02.205  RX  F0 52 00 6E 64 20 00 02 02 56 00 00 00 00 F7
2026-10-06 04:35:02.230  RX  F0 52 00 6E 64 20 00 02 02 59 00 00 00 00 F7
2026-10-06 04:35:02.334  RX  F0 52 00 6E 64 20 00 02 02 5A 00 00 00 00 F7
2026-10-06 04:35:03.207  RX  F0 52 00 6E 64 20 00 02 02 5B 00 00 00 00 F7
2026-10-06 04:35:03.232  RX  F0 52 00 6E 64 20 00 02 02 5F 00 00 00 00 F7
2026-10-06 04:35:03.256  RX  F0 52 00 6E 64 20 00 02 02 62 00 00 00 00 F7
2026-10-06 04:35:03.279  RX  F0 52 00 6E 64 20 00 02 02 64 00 00 00 00 F7
2026-10-06 04:35:05.832  RX  F0 52 00 6E 64 20 00 02 02 63 00 00 00 00 F7
2026-10-06 04:35:05.887  RX  F0 52 00 6E 64 20 00 02 02 61 00 00 00 00 F7
2026-10-06 04:35:06.023  RX  F0 52 00 6E 64 20 00 02 02 60 00 00 00 00 F7
2026-10-06 04:35:06.061  RX  F0 52 00 6E 64 20 00 02 02 5D 00 00 00 00 F7
2026-10-06 04:35:06.094  RX  F0 52 00 6E 64 20 00 02 02 5B 00 00 00 00 F7
2026-10-06 04:35:06.126  RX  F0 52 00 6E 64 20 00 02 02 59 00 00 00 00 F7
2026-10-06 04:35:06.158  RX  F0 52 00 6E 64 20 00 02 02 57 00 00 00 00 F7
2026-10-06 04:35:07.167  RX  F0 52 00 6E 64 20 00 02 02 56 00 00 00 00 F7
2026-10-06 04:35:07.213  RX  F0 52 00 6E 64 20 00 02 02 54 00 00 00 00 F7
2026-10-06 04:35:07.246  RX  F0 52 00 6E 64 20 00 02 02 52 00 00 00 00 F7
2026-10-06 04:35:07.279  RX  F0 52 00 6E 64 20 00 02 02 50 00 00 00 00 F7
2026-10-06 04:35:07.311  RX  F0 52 00 6E 64 20 00 02 02 4E 00 00 00 00 F7
2026-10-06 04:35:07.471  RX  F0 52 00 6E 64 20 00 02 02 4D 00 00 00 00 F7
2026-10-06 04:35:07.598  RX  F0 52 00 6E 64 20 00 02 02 4C 00 00 00 00 F7
2026-10-06 04:35:07.710  RX  F0 52 00 6E 64 20 00 02 02 4B 00 00 00 00 F7
2026-10-06 04:35:07.758  RX  F0 52 00 6E 64 20 00 02 02 49 00 00 00 00 F7
2026-10-06 04:35:07.822  RX  F0 52 00 6E 64 20 00 02 02 48 00 00 00 00 F7
2026-10-06 04:35:08.382  RX  F0 52 00 6E 64 20 00 02 02 47 00 00 00 00 F7
2026-10-06 04:35:08.526  RX  F0 52 00 6E 64 20 00 02 02 46 00 00 00 00 F7
2026-10-06 04:35:08.574  RX  F0 52 00 6E 64 20 00 02 02 44 00 00 00 00 F7
2026-10-06 04:35:08.670  RX  F0 52 00 6E 64 20 00 02 02 43 00 00 00 00 F7
2026-10-06 04:35:08.750  RX  F0 52 00 6E 64 20 00 02 02 42 00 00 00 00 F7
2026-10-06 04:35:08.846  RX  F0 52 00 6E 64 20 00 02 02 41 00 00 00 00 F7
2026-10-06 04:35:09.038  RX  F0 52 00 6E 64 20 00 02 02 40 00 00 00 00 F7
2026-10-06 04:35:09.150  RX  F0 52 00 6E 64 20 00 02 02 3F 00 00 00 00 F7
2026-10-06 04:35:11.634  --  Gelernt für Preset 006: Effekt 3, Parameter 1, 0–100
2026-10-06 04:35:13.340  TX  F0 52 00 6E 64 20 00 02 02 06 00 00 00 00 F7  (set_param)
2026-10-06 04:35:13.366  RX  F0 52 00 6E 64 20 01 02 02 06 00 00 00 00 F7
2026-10-06 04:35:13.400  TX  F0 52 00 6E 64 20 00 02 02 0C 00 00 00 00 F7  (set_param)
2026-10-06 04:35:13.425  RX  F0 52 00 6E 64 20 01 02 02 0C 00 00 00 00 F7
2026-10-06 04:35:13.467  TX  F0 52 00 6E 64 20 00 02 02 0F 00 00 00 00 F7  (set_param)
2026-10-06 04:35:13.492  RX  F0 52 00 6E 64 20 01 02 02 0F 00 00 00 00 F7
2026-10-06 04:35:13.526  TX  F0 52 00 6E 64 20 00 02 02 14 00 00 00 00 F7  (set_param)
2026-10-06 04:35:13.551  RX  F0 52 00 6E 64 20 01 02 02 14 00 00 00 00 F7
2026-10-06 04:35:13.590  TX  F0 52 00 6E 64 20 00 02 02 1E 00 00 00 00 F7  (set_param)
2026-10-06 04:35:13.615  RX  F0 52 00 6E 64 20 01 02 02 1E 00 00 00 00 F7
2026-10-06 04:35:13.650  TX  F0 52 00 6E 64 20 00 02 02 28 00 00 00 00 F7  (set_param)
2026-10-06 04:35:13.676  RX  F0 52 00 6E 64 20 01 02 02 28 00 00 00 00 F7
2026-10-06 04:35:13.710  TX  F0 52 00 6E 64 20 00 02 02 30 00 00 00 00 F7  (set_param)
2026-10-06 04:35:13.735  RX  F0 52 00 6E 64 20 01 02 02 30 00 00 00 00 F7
2026-10-06 04:35:13.774  TX  F0 52 00 6E 64 20 00 02 02 34 00 00 00 00 F7  (set_param)
2026-10-06 04:35:13.802  RX  F0 52 00 6E 64 20 01 02 02 34 00 00 00 00 F7
2026-10-06 04:35:13.834  TX  F0 52 00 6E 64 20 00 02 02 3C 00 00 00 00 F7  (set_param)
2026-10-06 04:35:13.859  RX  F0 52 00 6E 64 20 01 02 02 3C 00 00 00 00 F7
2026-10-06 04:35:13.890  TX  F0 52 00 6E 64 20 00 02 02 46 00 00 00 00 F7  (set_param)
2026-10-06 04:35:13.915  RX  F0 52 00 6E 64 20 01 02 02 46 00 00 00 00 F7
2026-10-06 04:35:13.940  TX  F0 52 00 6E 64 20 00 02 02 4E 00 00 00 00 F7  (set_param)
2026-10-06 04:35:13.965  RX  F0 52 00 6E 64 20 01 02 02 4E 00 00 00 00 F7
2026-10-06 04:35:13.980  TX  F0 52 00 6E 64 20 00 02 02 53 00 00 00 00 F7  (set_param)
2026-10-06 04:35:14.000  RX  F0 52 00 6E 64 20 01 02 02 53 00 00 00 00 F7
2026-10-06 04:35:14.026  TX  F0 52 00 6E 64 20 00 02 02 55 00 00 00 00 F7  (set_param)
2026-10-06 04:35:14.047  RX  F0 52 00 6E 64 20 01 02 02 55 00 00 00 00 F7
2026-10-06 04:35:14.064  --  13 gesendet, 13 bestätigt, 0 ohne Ack, Latenz CC→Ack Median 25.0 ms / Max 27.8 ms
2026-10-06 04:35:14.070  TX  F0 52 00 6E 64 20 00 02 02 5A 00 00 00 00 F7  (set_param)
2026-10-06 04:35:14.093  RX  F0 52 00 6E 64 20 01 02 02 5A 00 00 00 00 F7
2026-10-06 04:35:14.114  TX  F0 52 00 6E 64 20 00 02 02 5E 00 00 00 00 F7  (set_param)
2026-10-06 04:35:14.139  RX  F0 52 00 6E 64 20 01 02 02 5E 00 00 00 00 F7
2026-10-06 04:35:14.154  TX  F0 52 00 6E 64 20 00 02 02 63 00 00 00 00 F7  (set_param)
2026-10-06 04:35:14.185  RX  F0 52 00 6E 64 20 01 02 02 63 00 00 00 00 F7
2026-10-06 04:35:14.198  TX  F0 52 00 6E 64 20 00 02 02 64 00 00 00 00 F7  (set_param)
2026-10-06 04:35:14.220  RX  F0 52 00 6E 64 20 01 02 02 64 00 00 00 00 F7
2026-10-06 04:35:14.934  TX  F0 52 00 6E 64 20 00 02 02 5B 00 00 00 00 F7  (set_param)
2026-10-06 04:35:14.960  RX  F0 52 00 6E 64 20 01 02 02 5B 00 00 00 00 F7
2026-10-06 04:35:14.975  TX  F0 52 00 6E 64 20 00 02 02 4D 00 00 00 00 F7  (set_param)
2026-10-06 04:35:14.995  RX  F0 52 00 6E 64 20 01 02 02 4D 00 00 00 00 F7
2026-10-06 04:35:15.016  TX  F0 52 00 6E 64 20 00 02 02 3A 00 00 00 00 F7  (set_param)
2026-10-06 04:35:15.042  RX  F0 52 00 6E 64 20 01 02 02 3A 00 00 00 00 F7
2026-10-06 04:35:15.056  TX  F0 52 00 6E 64 20 00 02 02 2E 00 00 00 00 F7  (set_param)
2026-10-06 04:35:15.086  RX  F0 52 00 6E 64 20 01 02 02 2E 00 00 00 00 F7
2026-10-06 04:35:15.098  TX  F0 52 00 6E 64 20 00 02 02 23 00 00 00 00 F7  (set_param)
2026-10-06 04:35:15.129  RX  F0 52 00 6E 64 20 01 02 02 23 00 00 00 00 F7
2026-10-06 04:35:15.139  TX  F0 52 00 6E 64 20 00 02 02 1C 00 00 00 00 F7  (set_param)
2026-10-06 04:35:15.174  RX  F0 52 00 6E 64 20 01 02 02 1C 00 00 00 00 F7
2026-10-06 04:35:15.180  TX  F0 52 00 6E 64 20 00 02 02 13 00 00 00 00 F7  (set_param)
2026-10-06 04:35:15.220  RX  F0 52 00 6E 64 20 01 02 02 13 00 00 00 00 F7
2026-10-06 04:35:15.222  TX  F0 52 00 6E 64 20 00 02 02 0A 00 00 00 00 F7  (set_param)
2026-10-06 04:35:15.262  RX  F0 52 00 6E 64 20 01 02 02 0A 00 00 00 00 F7
2026-10-06 04:35:15.263  TX  F0 52 00 6E 64 20 00 02 02 03 00 00 00 00 F7  (set_param)
2026-10-06 04:35:15.304  TX  F0 52 00 6E 64 20 00 02 02 00 00 00 00 00 F7  (set_param)
2026-10-06 04:35:15.308  RX  F0 52 00 6E 64 20 01 02 02 03 00 00 00 00 F7
2026-10-06 04:35:15.352  RX  F0 52 00 6E 64 20 01 02 02 00 00 00 00 00 F7
2026-10-06 04:35:16.106  TX  F0 52 00 6E 64 20 00 02 02 05 00 00 00 00 F7  (set_param)
2026-10-06 04:35:16.132  RX  F0 52 00 6E 64 20 01 02 02 05 00 00 00 00 F7
2026-10-06 04:35:16.152  TX  F0 52 00 6E 64 20 00 02 02 0B 00 00 00 00 F7  (set_param)
2026-10-06 04:35:16.177  RX  F0 52 00 6E 64 20 01 02 02 0B 00 00 00 00 F7
2026-10-06 04:35:16.192  TX  F0 52 00 6E 64 20 00 02 02 0F 00 00 00 00 F7  (set_param)
2026-10-06 04:35:16.211  RX  F0 52 00 6E 64 20 01 02 02 0F 00 00 00 00 F7
2026-10-06 04:35:16.235  TX  F0 52 00 6E 64 20 00 02 02 13 00 00 00 00 F7  (set_param)
2026-10-06 04:35:16.257  RX  F0 52 00 6E 64 20 01 02 02 13 00 00 00 00 F7
2026-10-06 04:35:16.276  TX  F0 52 00 6E 64 20 00 02 02 18 00 00 00 00 F7  (set_param)
2026-10-06 04:35:16.303  RX  F0 52 00 6E 64 20 01 02 02 18 00 00 00 00 F7
2026-10-06 04:35:16.319  TX  F0 52 00 6E 64 20 00 02 02 1D 00 00 00 00 F7  (set_param)
2026-10-06 04:35:16.349  RX  F0 52 00 6E 64 20 01 02 02 1D 00 00 00 00 F7
2026-10-06 04:35:16.366  TX  F0 52 00 6E 64 20 00 02 02 23 00 00 00 00 F7  (set_param)
2026-10-06 04:35:16.393  RX  F0 52 00 6E 64 20 01 02 02 23 00 00 00 00 F7
2026-10-06 04:35:16.406  TX  F0 52 00 6E 64 20 00 02 02 28 00 00 00 00 F7  (set_param)
2026-10-06 04:35:16.437  RX  F0 52 00 6E 64 20 01 02 02 28 00 00 00 00 F7
2026-10-06 04:35:16.452  TX  F0 52 00 6E 64 20 00 02 02 2E 00 00 00 00 F7  (set_param)
2026-10-06 04:35:16.481  RX  F0 52 00 6E 64 20 01 02 02 2E 00 00 00 00 F7
2026-10-06 04:35:16.492  TX  F0 52 00 6E 64 20 00 02 02 32 00 00 00 00 F7  (set_param)
2026-10-06 04:35:16.526  RX  F0 52 00 6E 64 20 01 02 02 32 00 00 00 00 F7
2026-10-06 04:35:16.537  TX  F0 52 00 6E 64 20 00 02 02 37 00 00 00 00 F7  (set_param)
2026-10-06 04:35:16.570  RX  F0 52 00 6E 64 20 01 02 02 37 00 00 00 00 F7
2026-10-06 04:35:16.582  TX  F0 52 00 6E 64 20 00 02 02 3D 00 00 00 00 F7  (set_param)
2026-10-06 04:35:16.614  RX  F0 52 00 6E 64 20 01 02 02 3D 00 00 00 00 F7
2026-10-06 04:35:16.624  TX  F0 52 00 6E 64 20 00 02 02 44 00 00 00 00 F7  (set_param)
2026-10-06 04:35:16.658  RX  F0 52 00 6E 64 20 01 02 02 44 00 00 00 00 F7
2026-10-06 04:35:16.666  TX  F0 52 00 6E 64 20 00 02 02 4A 00 00 00 00 F7  (set_param)
2026-10-06 04:35:16.702  RX  F0 52 00 6E 64 20 01 02 02 4A 00 00 00 00 F7
2026-10-06 04:35:16.708  TX  F0 52 00 6E 64 20 00 02 02 4F 00 00 00 00 F7  (set_param)
2026-10-06 04:35:16.745  RX  F0 52 00 6E 64 20 01 02 02 4F 00 00 00 00 F7
2026-10-06 04:35:16.756  TX  F0 52 00 6E 64 20 00 02 02 52 00 00 00 00 F7  (set_param)
2026-10-06 04:35:16.790  RX  F0 52 00 6E 64 20 01 02 02 52 00 00 00 00 F7
2026-10-06 04:35:16.805  TX  F0 52 00 6E 64 20 00 02 02 54 00 00 00 00 F7  (set_param)
2026-10-06 04:35:16.834  RX  F0 52 00 6E 64 20 01 02 02 54 00 00 00 00 F7
2026-10-06 04:35:16.844  TX  F0 52 00 6E 64 20 00 02 02 58 00 00 00 00 F7  (set_param)
2026-10-06 04:35:16.879  RX  F0 52 00 6E 64 20 01 02 02 58 00 00 00 00 F7
2026-10-06 04:35:16.890  TX  F0 52 00 6E 64 20 00 02 02 5B 00 00 00 00 F7  (set_param)
2026-10-06 04:35:16.923  RX  F0 52 00 6E 64 20 01 02 02 5B 00 00 00 00 F7
2026-10-06 04:35:16.932  TX  F0 52 00 6E 64 20 00 02 02 5E 00 00 00 00 F7  (set_param)
2026-10-06 04:35:16.966  RX  F0 52 00 6E 64 20 01 02 02 5E 00 00 00 00 F7
2026-10-06 04:35:16.974  TX  F0 52 00 6E 64 20 00 02 02 61 00 00 00 00 F7  (set_param)
2026-10-06 04:35:17.012  RX  F0 52 00 6E 64 20 01 02 02 61 00 00 00 00 F7
2026-10-06 04:35:17.016  TX  F0 52 00 6E 64 20 00 02 02 63 00 00 00 00 F7  (set_param)
2026-10-06 04:35:17.057  RX  F0 52 00 6E 64 20 01 02 02 63 00 00 00 00 F7
2026-10-06 04:35:17.062  TX  F0 52 00 6E 64 20 00 02 02 64 00 00 00 00 F7  (set_param)
2026-10-06 04:35:17.094  RX  F0 52 00 6E 64 20 01 02 02 64 00 00 00 00 F7
2026-10-06 04:35:18.400  TX  F0 52 00 6E 64 20 00 02 02 62 00 00 00 00 F7  (set_param)
2026-10-06 04:35:18.426  RX  F0 52 00 6E 64 20 01 02 02 62 00 00 00 00 F7
2026-10-06 04:35:18.450  TX  F0 52 00 6E 64 20 00 02 02 5E 00 00 00 00 F7  (set_param)
2026-10-06 04:35:18.474  RX  F0 52 00 6E 64 20 01 02 02 5E 00 00 00 00 F7
2026-10-06 04:35:18.498  TX  F0 52 00 6E 64 20 00 02 02 59 00 00 00 00 F7  (set_param)
2026-10-06 04:35:18.523  RX  F0 52 00 6E 64 20 01 02 02 59 00 00 00 00 F7
2026-10-06 04:35:18.544  TX  F0 52 00 6E 64 20 00 02 02 55 00 00 00 00 F7  (set_param)
2026-10-06 04:35:18.569  RX  F0 52 00 6E 64 20 01 02 02 55 00 00 00 00 F7
2026-10-06 04:35:18.594  TX  F0 52 00 6E 64 20 00 02 02 51 00 00 00 00 F7  (set_param)
2026-10-06 04:35:18.619  RX  F0 52 00 6E 64 20 01 02 02 51 00 00 00 00 F7
2026-10-06 04:35:18.640  TX  F0 52 00 6E 64 20 00 02 02 4D 00 00 00 00 F7  (set_param)
2026-10-06 04:35:18.665  RX  F0 52 00 6E 64 20 01 02 02 4D 00 00 00 00 F7
2026-10-06 04:35:18.700  TX  F0 52 00 6E 64 20 00 02 02 48 00 00 00 00 F7  (set_param)
2026-10-06 04:35:18.724  RX  F0 52 00 6E 64 20 01 02 02 48 00 00 00 00 F7
2026-10-06 04:35:18.766  TX  F0 52 00 6E 64 20 00 02 02 44 00 00 00 00 F7  (set_param)
2026-10-06 04:35:18.792  RX  F0 52 00 6E 64 20 01 02 02 44 00 00 00 00 F7
2026-10-06 04:35:18.826  TX  F0 52 00 6E 64 20 00 02 02 3F 00 00 00 00 F7  (set_param)
2026-10-06 04:35:18.851  RX  F0 52 00 6E 64 20 01 02 02 3F 00 00 00 00 F7
2026-10-06 04:35:18.887  TX  F0 52 00 6E 64 20 00 02 02 39 00 00 00 00 F7  (set_param)
2026-10-06 04:35:18.912  RX  F0 52 00 6E 64 20 01 02 02 39 00 00 00 00 F7
2026-10-06 04:35:18.946  TX  F0 52 00 6E 64 20 00 02 02 35 00 00 00 00 F7  (set_param)
2026-10-06 04:35:18.971  RX  F0 52 00 6E 64 20 01 02 02 35 00 00 00 00 F7
2026-10-06 04:35:19.006  TX  F0 52 00 6E 64 20 00 02 02 30 00 00 00 00 F7  (set_param)
2026-10-06 04:35:19.031  RX  F0 52 00 6E 64 20 01 02 02 30 00 00 00 00 F7
2026-10-06 04:35:19.065  --  49 gesendet, 49 bestätigt, 0 ohne Ack, Latenz CC→Ack Median 28.9 ms / Max 48.6 ms
2026-10-06 04:35:19.072  TX  F0 52 00 6E 64 20 00 02 02 2B 00 00 00 00 F7  (set_param)
2026-10-06 04:35:19.097  RX  F0 52 00 6E 64 20 01 02 02 2B 00 00 00 00 F7
2026-10-06 04:35:19.138  TX  F0 52 00 6E 64 20 00 02 02 27 00 00 00 00 F7  (set_param)
2026-10-06 04:35:19.164  RX  F0 52 00 6E 64 20 01 02 02 27 00 00 00 00 F7
2026-10-06 04:35:19.198  TX  F0 52 00 6E 64 20 00 02 02 22 00 00 00 00 F7  (set_param)
2026-10-06 04:35:19.223  RX  F0 52 00 6E 64 20 01 02 02 22 00 00 00 00 F7
2026-10-06 04:35:19.258  TX  F0 52 00 6E 64 20 00 02 02 1D 00 00 00 00 F7  (set_param)
2026-10-06 04:35:19.284  RX  F0 52 00 6E 64 20 01 02 02 1D 00 00 00 00 F7
2026-10-06 04:35:19.324  TX  F0 52 00 6E 64 20 00 02 02 19 00 00 00 00 F7  (set_param)
2026-10-06 04:35:19.349  RX  F0 52 00 6E 64 20 01 02 02 19 00 00 00 00 F7
2026-10-06 04:35:19.390  TX  F0 52 00 6E 64 20 00 02 02 15 00 00 00 00 F7  (set_param)
2026-10-06 04:35:19.415  RX  F0 52 00 6E 64 20 01 02 02 15 00 00 00 00 F7
2026-10-06 04:35:19.450  TX  F0 52 00 6E 64 20 00 02 02 12 00 00 00 00 F7  (set_param)
2026-10-06 04:35:19.475  RX  F0 52 00 6E 64 20 01 02 02 12 00 00 00 00 F7
2026-10-06 04:35:19.511  TX  F0 52 00 6E 64 20 00 02 02 0F 00 00 00 00 F7  (set_param)
2026-10-06 04:35:19.536  RX  F0 52 00 6E 64 20 01 02 02 0F 00 00 00 00 F7
2026-10-06 04:35:19.576  TX  F0 52 00 6E 64 20 00 02 02 0D 00 00 00 00 F7  (set_param)
2026-10-06 04:35:19.602  RX  F0 52 00 6E 64 20 01 02 02 0D 00 00 00 00 F7
2026-10-06 04:35:19.642  TX  F0 52 00 6E 64 20 00 02 02 0A 00 00 00 00 F7  (set_param)
2026-10-06 04:35:19.668  RX  F0 52 00 6E 64 20 01 02 02 0A 00 00 00 00 F7
2026-10-06 04:35:19.714  TX  F0 52 00 6E 64 20 00 02 02 08 00 00 00 00 F7  (set_param)
2026-10-06 04:35:19.739  RX  F0 52 00 6E 64 20 01 02 02 08 00 00 00 00 F7
2026-10-06 04:35:19.786  TX  F0 52 00 6E 64 20 00 02 02 06 00 00 00 00 F7  (set_param)
2026-10-06 04:35:19.811  RX  F0 52 00 6E 64 20 01 02 02 06 00 00 00 00 F7
2026-10-06 04:35:19.858  TX  F0 52 00 6E 64 20 00 02 02 03 00 00 00 00 F7  (set_param)
2026-10-06 04:35:19.883  RX  F0 52 00 6E 64 20 01 02 02 03 00 00 00 00 F7
2026-10-06 04:35:19.918  TX  F0 52 00 6E 64 20 00 02 02 01 00 00 00 00 F7  (set_param)
2026-10-06 04:35:19.943  RX  F0 52 00 6E 64 20 01 02 02 01 00 00 00 00 F7
2026-10-06 04:35:19.991  TX  F0 52 00 6E 64 20 00 02 02 00 00 00 00 00 F7  (set_param)
2026-10-06 04:35:20.016  RX  F0 52 00 6E 64 20 01 02 02 00 00 00 00 00 F7
2026-10-06 04:35:24.066  --  15 gesendet, 15 bestätigt, 0 ohne Ack, Latenz CC→Ack Median 25.1 ms / Max 26.3 ms
2026-10-06 04:35:37.213  TX  F0 52 00 6E 64 20 00 02 02 07 00 00 00 00 F7  (set_param)
2026-10-06 04:35:37.239  RX  F0 52 00 6E 64 20 01 02 02 07 00 00 00 00 F7
2026-10-06 04:35:37.273  TX  F0 52 00 6E 64 20 00 02 02 0E 00 00 00 00 F7  (set_param)
2026-10-06 04:35:37.299  RX  F0 52 00 6E 64 20 01 02 02 0E 00 00 00 00 F7
2026-10-06 04:35:37.333  TX  F0 52 00 6E 64 20 00 02 02 13 00 00 00 00 F7  (set_param)
2026-10-06 04:35:37.358  RX  F0 52 00 6E 64 20 01 02 02 13 00 00 00 00 F7
2026-10-06 04:35:37.406  TX  F0 52 00 6E 64 20 00 02 02 14 00 00 00 00 F7  (set_param)
2026-10-06 04:35:37.432  RX  F0 52 00 6E 64 20 01 02 02 14 00 00 00 00 F7
2026-10-06 04:35:37.477  TX  F0 52 00 6E 64 20 00 02 02 17 00 00 00 00 F7  (set_param)
2026-10-06 04:35:37.503  RX  F0 52 00 6E 64 20 01 02 02 17 00 00 00 00 F7
2026-10-06 04:35:37.543  TX  F0 52 00 6E 64 20 00 02 02 1B 00 00 00 00 F7  (set_param)
2026-10-06 04:35:37.569  RX  F0 52 00 6E 64 20 01 02 02 1B 00 00 00 00 F7
2026-10-06 04:35:37.603  TX  F0 52 00 6E 64 20 00 02 02 1F 00 00 00 00 F7  (set_param)
2026-10-06 04:35:37.629  RX  F0 52 00 6E 64 20 01 02 02 1F 00 00 00 00 F7
2026-10-06 04:35:37.663  TX  F0 52 00 6E 64 20 00 02 02 27 00 00 00 00 F7  (set_param)
2026-10-06 04:35:37.690  RX  F0 52 00 6E 64 20 01 02 02 27 00 00 00 00 F7
2026-10-06 04:35:37.724  TX  F0 52 00 6E 64 20 00 02 02 2C 00 00 00 00 F7  (set_param)
2026-10-06 04:35:37.751  RX  F0 52 00 6E 64 20 01 02 02 2C 00 00 00 00 F7
2026-10-06 04:35:37.783  TX  F0 52 00 6E 64 20 00 02 02 33 00 00 00 00 F7  (set_param)
2026-10-06 04:35:37.809  RX  F0 52 00 6E 64 20 01 02 02 33 00 00 00 00 F7
2026-10-06 04:35:37.843  TX  F0 52 00 6E 64 20 00 02 02 38 00 00 00 00 F7  (set_param)
2026-10-06 04:35:37.871  RX  F0 52 00 6E 64 20 01 02 02 38 00 00 00 00 F7
2026-10-06 04:35:37.903  TX  F0 52 00 6E 64 20 00 02 02 3D 00 00 00 00 F7  (set_param)
2026-10-06 04:35:37.930  RX  F0 52 00 6E 64 20 01 02 02 3D 00 00 00 00 F7
2026-10-06 04:35:37.970  TX  F0 52 00 6E 64 20 00 02 02 41 00 00 00 00 F7  (set_param)
2026-10-06 04:35:37.996  RX  F0 52 00 6E 64 20 01 02 02 41 00 00 00 00 F7
2026-10-06 04:35:38.036  TX  F0 52 00 6E 64 20 00 02 02 46 00 00 00 00 F7  (set_param)
2026-10-06 04:35:38.063  RX  F0 52 00 6E 64 20 01 02 02 46 00 00 00 00 F7
2026-10-06 04:35:38.095  TX  F0 52 00 6E 64 20 00 02 02 4C 00 00 00 00 F7  (set_param)
2026-10-06 04:35:38.122  RX  F0 52 00 6E 64 20 01 02 02 4C 00 00 00 00 F7
2026-10-06 04:35:38.156  TX  F0 52 00 6E 64 20 00 02 02 50 00 00 00 00 F7  (set_param)
2026-10-06 04:35:38.181  RX  F0 52 00 6E 64 20 01 02 02 50 00 00 00 00 F7
2026-10-06 04:35:38.217  TX  F0 52 00 6E 64 20 00 02 02 55 00 00 00 00 F7  (set_param)
2026-10-06 04:35:38.244  RX  F0 52 00 6E 64 20 01 02 02 55 00 00 00 00 F7
2026-10-06 04:35:38.281  TX  F0 52 00 6E 64 20 00 02 02 5A 00 00 00 00 F7  (set_param)
2026-10-06 04:35:38.306  RX  F0 52 00 6E 64 20 01 02 02 5A 00 00 00 00 F7
2026-10-06 04:35:38.348  TX  F0 52 00 6E 64 20 00 02 02 5F 00 00 00 00 F7  (set_param)
2026-10-06 04:35:38.374  RX  F0 52 00 6E 64 20 01 02 02 5F 00 00 00 00 F7
2026-10-06 04:35:38.408  TX  F0 52 00 6E 64 20 00 02 02 63 00 00 00 00 F7  (set_param)
2026-10-06 04:35:38.432  RX  F0 52 00 6E 64 20 01 02 02 63 00 00 00 00 F7
2026-10-06 04:35:38.468  TX  F0 52 00 6E 64 20 00 02 02 64 00 00 00 00 F7  (set_param)
2026-10-06 04:35:38.485  RX  F0 52 00 6E 64 20 01 02 02 64 00 00 00 00 F7
2026-10-06 04:35:39.067  --  21 gesendet, 21 bestätigt, 0 ohne Ack, Latenz CC→Ack Median 26.2 ms / Max 27.1 ms
2026-10-06 04:35:39.242  TX  F0 52 00 6E 64 20 00 02 02 57 00 00 00 00 F7  (set_param)
2026-10-06 04:35:39.270  RX  F0 52 00 6E 64 20 01 02 02 57 00 00 00 00 F7
2026-10-06 04:35:39.282  TX  F0 52 00 6E 64 20 00 02 02 4A 00 00 00 00 F7  (set_param)
2026-10-06 04:35:39.303  RX  F0 52 00 6E 64 20 01 02 02 4A 00 00 00 00 F7
2026-10-06 04:35:39.322  TX  F0 52 00 6E 64 20 00 02 02 40 00 00 00 00 F7  (set_param)
2026-10-06 04:35:39.350  RX  F0 52 00 6E 64 20 01 02 02 40 00 00 00 00 F7
2026-10-06 04:35:39.361  TX  F0 52 00 6E 64 20 00 02 02 39 00 00 00 00 F7  (set_param)
2026-10-06 04:35:39.397  RX  F0 52 00 6E 64 20 01 02 02 39 00 00 00 00 F7
2026-10-06 04:35:39.405  TX  F0 52 00 6E 64 20 00 02 02 36 00 00 00 00 F7  (set_param)
2026-10-06 04:35:39.443  RX  F0 52 00 6E 64 20 01 02 02 36 00 00 00 00 F7
2026-10-06 04:35:39.446  TX  F0 52 00 6E 64 20 00 02 02 30 00 00 00 00 F7  (set_param)
2026-10-06 04:35:39.487  RX  F0 52 00 6E 64 20 01 02 02 30 00 00 00 00 F7
2026-10-06 04:35:39.490  TX  F0 52 00 6E 64 20 00 02 02 29 00 00 00 00 F7  (set_param)
2026-10-06 04:35:39.529  TX  F0 52 00 6E 64 20 00 02 02 21 00 00 00 00 F7  (set_param)
2026-10-06 04:35:39.532  RX  F0 52 00 6E 64 20 01 02 02 29 00 00 00 00 F7
2026-10-06 04:35:39.570  TX  F0 52 00 6E 64 20 00 02 02 18 00 00 00 00 F7  (set_param)
2026-10-06 04:35:39.575  RX  F0 52 00 6E 64 20 01 02 02 21 00 00 00 00 F7
2026-10-06 04:35:39.598  RX  F0 52 00 6E 64 20 01 02 02 18 00 00 00 00 F7
2026-10-06 04:35:39.610  TX  F0 52 00 6E 64 20 00 02 02 11 00 00 00 00 F7  (set_param)
2026-10-06 04:35:39.643  RX  F0 52 00 6E 64 20 01 02 02 11 00 00 00 00 F7
2026-10-06 04:35:39.650  TX  F0 52 00 6E 64 20 00 02 02 0C 00 00 00 00 F7  (set_param)
2026-10-06 04:35:39.669  RX  F0 52 00 6E 64 20 01 02 02 0C 00 00 00 00 F7
2026-10-06 04:35:39.694  TX  F0 52 00 6E 64 20 00 02 02 08 00 00 00 00 F7  (set_param)
2026-10-06 04:35:39.715  RX  F0 52 00 6E 64 20 01 02 02 08 00 00 00 00 F7
2026-10-06 04:35:39.733  TX  F0 52 00 6E 64 20 00 02 02 04 00 00 00 00 F7  (set_param)
2026-10-06 04:35:39.760  RX  F0 52 00 6E 64 20 01 02 02 04 00 00 00 00 F7
2026-10-06 04:35:39.777  TX  F0 52 00 6E 64 20 00 02 02 00 00 00 00 00 F7  (set_param)
2026-10-06 04:35:39.805  RX  F0 52 00 6E 64 20 01 02 02 00 00 00 00 00 F7
2026-10-06 04:35:40.126  TX  F0 52 00 6E 64 20 00 02 02 08 00 00 00 00 F7  (set_param)
2026-10-06 04:35:40.152  RX  F0 52 00 6E 64 20 01 02 02 08 00 00 00 00 F7
2026-10-06 04:35:40.166  TX  F0 52 00 6E 64 20 00 02 02 15 00 00 00 00 F7  (set_param)
2026-10-06 04:35:40.186  RX  F0 52 00 6E 64 20 01 02 02 15 00 00 00 00 F7
2026-10-06 04:35:40.208  TX  F0 52 00 6E 64 20 00 02 02 23 00 00 00 00 F7  (set_param)
2026-10-06 04:35:40.234  RX  F0 52 00 6E 64 20 01 02 02 23 00 00 00 00 F7
2026-10-06 04:35:40.248  TX  F0 52 00 6E 64 20 00 02 02 2E 00 00 00 00 F7  (set_param)
2026-10-06 04:35:40.281  RX  F0 52 00 6E 64 20 01 02 02 2E 00 00 00 00 F7
2026-10-06 04:35:40.288  TX  F0 52 00 6E 64 20 00 02 02 36 00 00 00 00 F7  (set_param)
2026-10-06 04:35:40.328  RX  F0 52 00 6E 64 20 01 02 02 36 00 00 00 00 F7
2026-10-06 04:35:40.328  TX  F0 52 00 6E 64 20 00 02 02 3D 00 00 00 00 F7  (set_param)
2026-10-06 04:35:40.368  TX  F0 52 00 6E 64 20 00 02 02 43 00 00 00 00 F7  (set_param)
2026-10-06 04:35:40.375  RX  F0 52 00 6E 64 20 01 02 02 3D 00 00 00 00 F7
2026-10-06 04:35:40.399  RX  F0 52 00 6E 64 20 01 02 02 43 00 00 00 00 F7
2026-10-06 04:35:40.412  TX  F0 52 00 6E 64 20 00 02 02 4A 00 00 00 00 F7  (set_param)
2026-10-06 04:35:40.447  RX  F0 52 00 6E 64 20 01 02 02 4A 00 00 00 00 F7
2026-10-06 04:35:40.451  TX  F0 52 00 6E 64 20 00 02 02 52 00 00 00 00 F7  (set_param)
2026-10-06 04:35:40.471  RX  F0 52 00 6E 64 20 01 02 02 52 00 00 00 00 F7
2026-10-06 04:35:40.492  TX  F0 52 00 6E 64 20 00 02 02 59 00 00 00 00 F7  (set_param)
2026-10-06 04:35:40.520  RX  F0 52 00 6E 64 20 01 02 02 59 00 00 00 00 F7
2026-10-06 04:35:40.533  TX  F0 52 00 6E 64 20 00 02 02 5F 00 00 00 00 F7  (set_param)
2026-10-06 04:35:40.567  RX  F0 52 00 6E 64 20 01 02 02 5F 00 00 00 00 F7
2026-10-06 04:35:40.573  TX  F0 52 00 6E 64 20 00 02 02 64 00 00 00 00 F7  (set_param)
2026-10-06 04:35:40.613  RX  F0 52 00 6E 64 20 01 02 02 64 00 00 00 00 F7
2026-10-06 04:35:41.340  TX  F0 52 00 6E 64 20 00 02 02 5F 00 00 00 00 F7  (set_param)
2026-10-06 04:35:41.367  RX  F0 52 00 6E 64 20 01 02 02 5F 00 00 00 00 F7
2026-10-06 04:35:41.379  TX  F0 52 00 6E 64 20 00 02 02 59 00 00 00 00 F7  (set_param)
2026-10-06 04:35:41.400  RX  F0 52 00 6E 64 20 01 02 02 59 00 00 00 00 F7
2026-10-06 04:35:41.422  TX  F0 52 00 6E 64 20 00 02 02 50 00 00 00 00 F7  (set_param)
2026-10-06 04:35:41.447  RX  F0 52 00 6E 64 20 01 02 02 50 00 00 00 00 F7
2026-10-06 04:35:41.464  TX  F0 52 00 6E 64 20 00 02 02 48 00 00 00 00 F7  (set_param)
2026-10-06 04:35:41.493  RX  F0 52 00 6E 64 20 01 02 02 48 00 00 00 00 F7
2026-10-06 04:35:41.504  TX  F0 52 00 6E 64 20 00 02 02 40 00 00 00 00 F7  (set_param)
2026-10-06 04:35:41.538  RX  F0 52 00 6E 64 20 01 02 02 40 00 00 00 00 F7
2026-10-06 04:35:41.546  TX  F0 52 00 6E 64 20 00 02 02 36 00 00 00 00 F7  (set_param)
2026-10-06 04:35:41.583  RX  F0 52 00 6E 64 20 01 02 02 36 00 00 00 00 F7
2026-10-06 04:35:41.588  TX  F0 52 00 6E 64 20 00 02 02 2E 00 00 00 00 F7  (set_param)
2026-10-06 04:35:41.628  RX  F0 52 00 6E 64 20 01 02 02 2E 00 00 00 00 F7
2026-10-06 04:35:41.629  TX  F0 52 00 6E 64 20 00 02 02 27 00 00 00 00 F7  (set_param)
2026-10-06 04:35:41.670  TX  F0 52 00 6E 64 20 00 02 02 1C 00 00 00 00 F7  (set_param)
2026-10-06 04:35:41.673  RX  F0 52 00 6E 64 20 01 02 02 27 00 00 00 00 F7
2026-10-06 04:35:41.709  TX  F0 52 00 6E 64 20 00 02 02 15 00 00 00 00 F7  (set_param)
2026-10-06 04:35:41.717  RX  F0 52 00 6E 64 20 01 02 02 1C 00 00 00 00 F7
2026-10-06 04:35:41.740  RX  F0 52 00 6E 64 20 01 02 02 15 00 00 00 00 F7
2026-10-06 04:35:41.751  TX  F0 52 00 6E 64 20 00 02 02 10 00 00 00 00 F7  (set_param)
2026-10-06 04:35:41.786  RX  F0 52 00 6E 64 20 01 02 02 10 00 00 00 00 F7
2026-10-06 04:35:41.794  TX  F0 52 00 6E 64 20 00 02 02 0A 00 00 00 00 F7  (set_param)
2026-10-06 04:35:41.814  RX  F0 52 00 6E 64 20 01 02 02 0A 00 00 00 00 F7
2026-10-06 04:35:41.838  TX  F0 52 00 6E 64 20 00 02 02 06 00 00 00 00 F7  (set_param)
2026-10-06 04:35:41.862  RX  F0 52 00 6E 64 20 01 02 02 06 00 00 00 00 F7
2026-10-06 04:35:41.883  TX  F0 52 00 6E 64 20 00 02 02 02 00 00 00 00 F7  (set_param)
2026-10-06 04:35:41.907  RX  F0 52 00 6E 64 20 01 02 02 02 00 00 00 00 F7
2026-10-06 04:35:41.928  TX  F0 52 00 6E 64 20 00 02 02 00 00 00 00 00 F7  (set_param)
2026-10-06 04:35:41.953  RX  F0 52 00 6E 64 20 01 02 02 00 00 00 00 00 F7
2026-10-06 04:35:44.068  --  41 gesendet, 41 bestätigt, 0 ohne Ack, Latenz CC→Ack Median 28.8 ms / Max 47.3 ms
2026-10-06 04:41:57.085  TX  F0 52 00 6E 64 20 00 02 02 07 00 00 00 00 F7  (set_param)
2026-10-06 04:41:57.113  RX  F0 52 00 6E 64 20 01 02 02 07 00 00 00 00 F7
2026-10-06 04:41:57.145  TX  F0 52 00 6E 64 20 00 02 02 0F 00 00 00 00 F7  (set_param)
2026-10-06 04:41:57.171  RX  F0 52 00 6E 64 20 01 02 02 0F 00 00 00 00 F7
2026-10-06 04:41:57.205  TX  F0 52 00 6E 64 20 00 02 02 15 00 00 00 00 F7  (set_param)
2026-10-06 04:41:57.230  RX  F0 52 00 6E 64 20 01 02 02 15 00 00 00 00 F7
2026-10-06 04:41:57.266  TX  F0 52 00 6E 64 20 00 02 02 19 00 00 00 00 F7  (set_param)
2026-10-06 04:41:57.291  RX  F0 52 00 6E 64 20 01 02 02 19 00 00 00 00 F7
2026-10-06 04:41:57.326  TX  F0 52 00 6E 64 20 00 02 02 21 00 00 00 00 F7  (set_param)
2026-10-06 04:41:57.351  RX  F0 52 00 6E 64 20 01 02 02 21 00 00 00 00 F7
2026-10-06 04:41:57.386  TX  F0 52 00 6E 64 20 00 02 02 2A 00 00 00 00 F7  (set_param)
2026-10-06 04:41:57.412  RX  F0 52 00 6E 64 20 01 02 02 2A 00 00 00 00 F7
2026-10-06 04:41:57.445  TX  F0 52 00 6E 64 20 00 02 02 30 00 00 00 00 F7  (set_param)
2026-10-06 04:41:57.471  RX  F0 52 00 6E 64 20 01 02 02 30 00 00 00 00 F7
2026-10-06 04:41:57.505  TX  F0 52 00 6E 64 20 00 02 02 36 00 00 00 00 F7  (set_param)
2026-10-06 04:41:57.530  RX  F0 52 00 6E 64 20 01 02 02 36 00 00 00 00 F7
2026-10-06 04:41:57.565  TX  F0 52 00 6E 64 20 00 02 02 37 00 00 00 00 F7  (set_param)
2026-10-06 04:41:57.583  RX  F0 52 00 6E 64 20 01 02 02 37 00 00 00 00 F7
2026-10-06 04:41:57.686  TX  F0 52 00 6E 64 20 00 02 02 39 00 00 00 00 F7  (set_param)
2026-10-06 04:41:57.710  RX  F0 52 00 6E 64 20 01 02 02 39 00 00 00 00 F7
2026-10-06 04:41:57.751  TX  F0 52 00 6E 64 20 00 02 02 3F 00 00 00 00 F7  (set_param)
2026-10-06 04:41:57.776  RX  F0 52 00 6E 64 20 01 02 02 3F 00 00 00 00 F7
2026-10-06 04:41:57.811  TX  F0 52 00 6E 64 20 00 02 02 48 00 00 00 00 F7  (set_param)
2026-10-06 04:41:57.837  RX  F0 52 00 6E 64 20 01 02 02 48 00 00 00 00 F7
2026-10-06 04:41:57.871  TX  F0 52 00 6E 64 20 00 02 02 4F 00 00 00 00 F7  (set_param)
2026-10-06 04:41:57.897  RX  F0 52 00 6E 64 20 01 02 02 4F 00 00 00 00 F7
2026-10-06 04:41:57.938  TX  F0 52 00 6E 64 20 00 02 02 53 00 00 00 00 F7  (set_param)
2026-10-06 04:41:57.963  RX  F0 52 00 6E 64 20 01 02 02 53 00 00 00 00 F7
2026-10-06 04:41:58.010  TX  F0 52 00 6E 64 20 00 02 02 56 00 00 00 00 F7  (set_param)
2026-10-06 04:41:58.035  RX  F0 52 00 6E 64 20 01 02 02 56 00 00 00 00 F7
2026-10-06 04:41:58.071  TX  F0 52 00 6E 64 20 00 02 02 5B 00 00 00 00 F7  (set_param)
2026-10-06 04:41:58.097  RX  F0 52 00 6E 64 20 01 02 02 5B 00 00 00 00 F7
2026-10-06 04:41:58.135  TX  F0 52 00 6E 64 20 00 02 02 63 00 00 00 00 F7  (set_param)
2026-10-06 04:41:58.160  RX  F0 52 00 6E 64 20 01 02 02 63 00 00 00 00 F7
2026-10-06 04:41:58.202  TX  F0 52 00 6E 64 20 00 02 02 64 00 00 00 00 F7  (set_param)
2026-10-06 04:41:58.220  RX  F0 52 00 6E 64 20 01 02 02 64 00 00 00 00 F7
2026-10-06 04:41:59.146  --  18 gesendet, 18 bestätigt, 0 ohne Ack, Latenz CC→Ack Median 25.2 ms / Max 27.4 ms
2026-10-06 04:41:59.352  TX  F0 52 00 6E 64 20 00 02 02 62 00 00 00 00 F7  (set_param)
2026-10-06 04:41:59.378  RX  F0 52 00 6E 64 20 01 02 02 62 00 00 00 00 F7
2026-10-06 04:41:59.448  TX  F0 52 00 6E 64 20 00 02 02 60 00 00 00 00 F7  (set_param)
2026-10-06 04:41:59.473  RX  F0 52 00 6E 64 20 01 02 02 60 00 00 00 00 F7
2026-10-06 04:41:59.500  TX  F0 52 00 6E 64 20 00 02 02 5E 00 00 00 00 F7  (set_param)
2026-10-06 04:41:59.525  RX  F0 52 00 6E 64 20 01 02 02 5E 00 00 00 00 F7
2026-10-06 04:41:59.544  TX  F0 52 00 6E 64 20 00 02 02 5A 00 00 00 00 F7  (set_param)
2026-10-06 04:41:59.569  RX  F0 52 00 6E 64 20 01 02 02 5A 00 00 00 00 F7
2026-10-06 04:41:59.584  TX  F0 52 00 6E 64 20 00 02 02 54 00 00 00 00 F7  (set_param)
2026-10-06 04:41:59.604  RX  F0 52 00 6E 64 20 01 02 02 54 00 00 00 00 F7
2026-10-06 04:41:59.623  TX  F0 52 00 6E 64 20 00 02 02 4E 00 00 00 00 F7  (set_param)
2026-10-06 04:41:59.650  RX  F0 52 00 6E 64 20 01 02 02 4E 00 00 00 00 F7
2026-10-06 04:41:59.664  TX  F0 52 00 6E 64 20 00 02 02 47 00 00 00 00 F7  (set_param)
2026-10-06 04:41:59.697  RX  F0 52 00 6E 64 20 01 02 02 47 00 00 00 00 F7
2026-10-06 04:41:59.704  TX  F0 52 00 6E 64 20 00 02 02 41 00 00 00 00 F7  (set_param)
2026-10-06 04:41:59.741  RX  F0 52 00 6E 64 20 01 02 02 41 00 00 00 00 F7
2026-10-06 04:41:59.744  TX  F0 52 00 6E 64 20 00 02 02 3C 00 00 00 00 F7  (set_param)
2026-10-06 04:41:59.784  TX  F0 52 00 6E 64 20 00 02 02 36 00 00 00 00 F7  (set_param)
2026-10-06 04:41:59.786  RX  F0 52 00 6E 64 20 01 02 02 3C 00 00 00 00 F7
2026-10-06 04:41:59.824  TX  F0 52 00 6E 64 20 00 02 02 31 00 00 00 00 F7  (set_param)
2026-10-06 04:41:59.829  RX  F0 52 00 6E 64 20 01 02 02 36 00 00 00 00 F7
2026-10-06 04:41:59.852  RX  F0 52 00 6E 64 20 01 02 02 31 00 00 00 00 F7
2026-10-06 04:41:59.864  TX  F0 52 00 6E 64 20 00 02 02 2B 00 00 00 00 F7  (set_param)
2026-10-06 04:41:59.899  RX  F0 52 00 6E 64 20 01 02 02 2B 00 00 00 00 F7
2026-10-06 04:41:59.903  TX  F0 52 00 6E 64 20 00 02 02 26 00 00 00 00 F7  (set_param)
2026-10-06 04:41:59.924  RX  F0 52 00 6E 64 20 01 02 02 26 00 00 00 00 F7
2026-10-06 04:41:59.944  TX  F0 52 00 6E 64 20 00 02 02 1F 00 00 00 00 F7  (set_param)
2026-10-06 04:41:59.970  RX  F0 52 00 6E 64 20 01 02 02 1F 00 00 00 00 F7
2026-10-06 04:41:59.984  TX  F0 52 00 6E 64 20 00 02 02 18 00 00 00 00 F7  (set_param)
2026-10-06 04:42:00.016  RX  F0 52 00 6E 64 20 01 02 02 18 00 00 00 00 F7
2026-10-06 04:42:00.024  TX  F0 52 00 6E 64 20 00 02 02 13 00 00 00 00 F7  (set_param)
2026-10-06 04:42:00.060  RX  F0 52 00 6E 64 20 01 02 02 13 00 00 00 00 F7
2026-10-06 04:42:00.064  TX  F0 52 00 6E 64 20 00 02 02 0E 00 00 00 00 F7  (set_param)
2026-10-06 04:42:00.103  RX  F0 52 00 6E 64 20 01 02 02 0E 00 00 00 00 F7
2026-10-06 04:42:00.111  TX  F0 52 00 6E 64 20 00 02 02 0A 00 00 00 00 F7  (set_param)
2026-10-06 04:42:00.148  RX  F0 52 00 6E 64 20 01 02 02 0A 00 00 00 00 F7
2026-10-06 04:42:00.152  TX  F0 52 00 6E 64 20 00 02 02 07 00 00 00 00 F7  (set_param)
2026-10-06 04:42:00.191  RX  F0 52 00 6E 64 20 01 02 02 07 00 00 00 00 F7
2026-10-06 04:42:00.200  TX  F0 52 00 6E 64 20 00 02 02 05 00 00 00 00 F7  (set_param)
2026-10-06 04:42:00.237  RX  F0 52 00 6E 64 20 01 02 02 05 00 00 00 00 F7
2026-10-06 04:42:00.247  TX  F0 52 00 6E 64 20 00 02 02 03 00 00 00 00 F7  (set_param)
2026-10-06 04:42:00.281  RX  F0 52 00 6E 64 20 01 02 02 03 00 00 00 00 F7
2026-10-06 04:42:00.294  TX  F0 52 00 6E 64 20 00 02 02 01 00 00 00 00 F7  (set_param)
2026-10-06 04:42:00.325  RX  F0 52 00 6E 64 20 01 02 02 01 00 00 00 00 F7
2026-10-06 04:42:00.346  TX  F0 52 00 6E 64 20 00 02 02 00 00 00 00 00 F7  (set_param)
2026-10-06 04:42:00.371  RX  F0 52 00 6E 64 20 01 02 02 00 00 00 00 00 F7
2026-10-06 04:42:04.146  --  23 gesendet, 23 bestätigt, 0 ohne Ack, Latenz CC→Ack Median 32.2 ms / Max 45.4 ms
2026-10-06 04:42:09.282  RX  F0 52 00 6E 64 20 00 64 01 03 00 00 00 00 F7
2026-10-06 04:42:09.824  RX  F0 52 00 6E 64 20 00 64 01 04 00 00 00 00 F7
2026-10-06 04:42:10.005  RX  F0 52 00 6E 64 26 00 00 00 00 04 00 F7
2026-10-06 04:42:10.005  --  Preset 005: kein Mapping, Expression wird ignoriert
2026-10-06 04:42:10.024  RX  F0 52 00 6E 64 20 00 64 02 78 00 00 00 00 F7
2026-10-06 04:42:10.024  RX  control_change channel=0 control=0 value=0 time=0
2026-10-06 04:42:10.024  RX  control_change channel=0 control=32 value=0 time=0
2026-10-06 04:42:10.024  RX  program_change channel=0 program=4 time=0
2026-10-06 04:42:10.241  RX  F0 52 00 6E 64 26 00 00 00 00 03 00 F7
2026-10-06 04:42:10.241  --  Preset 004: kein Mapping, Expression wird ignoriert
2026-10-06 04:42:10.271  RX  F0 52 00 6E 64 20 00 64 02 16 01 00 00 00 F7
2026-10-06 04:42:10.272  RX  control_change channel=0 control=0 value=0 time=0
2026-10-06 04:42:10.272  RX  control_change channel=0 control=32 value=0 time=0
2026-10-06 04:42:10.272  RX  program_change channel=0 program=3 time=0
2026-10-06 04:42:10.441  RX  F0 52 00 6E 64 26 00 00 00 00 02 00 F7
2026-10-06 04:42:10.442  --  Preset 003: kein Mapping, Expression wird ignoriert
2026-10-06 04:42:10.461  RX  F0 52 00 6E 64 20 00 64 02 16 01 00 00 00 F7
2026-10-06 04:42:10.462  RX  control_change channel=0 control=0 value=0 time=0
2026-10-06 04:42:10.462  RX  control_change channel=0 control=32 value=0 time=0
2026-10-06 04:42:10.462  RX  program_change channel=0 program=2 time=0
2026-10-06 04:42:10.642  RX  F0 52 00 6E 64 26 00 00 00 00 01 00 F7
2026-10-06 04:42:10.642  --  Preset 002: kein Mapping, Expression wird ignoriert
2026-10-06 04:42:10.670  RX  F0 52 00 6E 64 20 00 64 02 16 01 00 00 00 F7
2026-10-06 04:42:10.670  RX  control_change channel=0 control=0 value=0 time=0
2026-10-06 04:42:10.670  RX  control_change channel=0 control=32 value=0 time=0
2026-10-06 04:42:10.670  RX  program_change channel=0 program=1 time=0
2026-10-06 04:42:11.204  RX  F0 52 00 6E 64 26 00 00 00 00 00 00 F7
2026-10-06 04:42:11.204  --  Preset 001: kein Mapping, Expression wird ignoriert
2026-10-06 04:42:11.233  RX  F0 52 00 6E 64 20 00 64 02 16 01 00 00 00 F7
2026-10-06 04:42:11.233  RX  control_change channel=0 control=0 value=0 time=0
2026-10-06 04:42:11.234  RX  control_change channel=0 control=32 value=0 time=0
2026-10-06 04:42:11.234  RX  program_change channel=0 program=0 time=0
2026-10-06 04:42:11.491  RX  F0 52 00 6E 64 26 00 00 09 00 09 00 F7
2026-10-06 04:42:11.491  --  Preset 100: kein Mapping, Expression wird ignoriert
2026-10-06 04:42:11.507  RX  F0 52 00 6E 64 20 00 64 02 78 00 00 00 00 F7
2026-10-06 04:42:11.507  RX  control_change channel=0 control=0 value=0 time=0
2026-10-06 04:42:11.507  RX  control_change channel=0 control=32 value=9 time=0
2026-10-06 04:42:11.508  RX  program_change channel=0 program=9 time=0
2026-10-06 04:42:13.687  RX  F0 52 00 6E 64 26 00 00 09 00 08 00 F7
2026-10-06 04:42:13.687  --  Preset 099: kein Mapping, Expression wird ignoriert
2026-10-06 04:42:13.723  RX  F0 52 00 6E 64 20 00 64 02 78 00 00 00 00 F7
2026-10-06 04:42:13.723  RX  control_change channel=0 control=0 value=0 time=0
2026-10-06 04:42:13.723  RX  control_change channel=0 control=32 value=9 time=0
2026-10-06 04:42:13.723  RX  program_change channel=0 program=8 time=0
2026-10-06 04:42:13.954  RX  F0 52 00 6E 64 26 00 00 09 00 07 00 F7
2026-10-06 04:42:13.954  --  Preset 098: kein Mapping, Expression wird ignoriert
2026-10-06 04:42:13.988  RX  F0 52 00 6E 64 20 00 64 02 78 00 00 00 00 F7
2026-10-06 04:42:13.989  RX  control_change channel=0 control=0 value=0 time=0
2026-10-06 04:42:13.989  RX  control_change channel=0 control=32 value=9 time=0
2026-10-06 04:42:13.989  RX  program_change channel=0 program=7 time=0
2026-10-06 04:42:14.209  RX  F0 52 00 6E 64 26 00 00 09 00 06 00 F7
2026-10-06 04:42:14.209  --  Preset 097: kein Mapping, Expression wird ignoriert
2026-10-06 04:42:14.244  RX  F0 52 00 6E 64 20 00 64 02 78 00 00 00 00 F7
2026-10-06 04:42:14.245  RX  control_change channel=0 control=0 value=0 time=0
2026-10-06 04:42:14.245  RX  control_change channel=0 control=32 value=9 time=0
2026-10-06 04:42:14.245  RX  program_change channel=0 program=6 time=0
2026-10-06 04:42:14.477  RX  F0 52 00 6E 64 26 00 00 09 00 05 00 F7
2026-10-06 04:42:14.477  --  Preset 096: kein Mapping, Expression wird ignoriert
2026-10-06 04:42:14.513  RX  F0 52 00 6E 64 20 00 64 02 78 00 00 00 00 F7
2026-10-06 04:42:14.514  RX  control_change channel=0 control=0 value=0 time=0
2026-10-06 04:42:14.514  RX  control_change channel=0 control=32 value=9 time=0
2026-10-06 04:42:14.514  RX  program_change channel=0 program=5 time=0
2026-10-06 04:42:14.699  RX  F0 52 00 6E 64 26 00 00 09 00 04 00 F7
2026-10-06 04:42:14.699  --  Preset 095: Expression → Effekt 1, Parameter 1, 0–100
2026-10-06 04:42:14.717  RX  F0 52 00 6E 64 20 00 64 02 78 00 00 00 00 F7
2026-10-06 04:42:14.718  RX  control_change channel=0 control=0 value=0 time=0
2026-10-06 04:42:14.718  RX  control_change channel=0 control=32 value=9 time=0
2026-10-06 04:42:14.718  RX  program_change channel=0 program=4 time=0
2026-10-06 04:42:14.932  RX  F0 52 00 6E 64 26 00 00 09 00 03 00 F7
2026-10-06 04:42:14.932  --  Preset 094: kein Mapping, Expression wird ignoriert
2026-10-06 04:42:14.948  RX  F0 52 00 6E 64 20 00 64 02 78 00 00 00 00 F7
2026-10-06 04:42:14.949  RX  control_change channel=0 control=0 value=0 time=0
2026-10-06 04:42:14.949  RX  control_change channel=0 control=32 value=9 time=0
2026-10-06 04:42:14.949  RX  program_change channel=0 program=3 time=0
2026-10-06 04:42:15.336  RX  F0 52 00 6E 64 26 00 00 09 00 04 00 F7
2026-10-06 04:42:15.336  --  Preset 095: Expression → Effekt 1, Parameter 1, 0–100
2026-10-06 04:42:15.352  RX  F0 52 00 6E 64 20 00 64 02 78 00 00 00 00 F7
2026-10-06 04:42:15.353  RX  control_change channel=0 control=0 value=0 time=0
2026-10-06 04:42:15.353  RX  control_change channel=0 control=32 value=9 time=0
2026-10-06 04:42:15.353  RX  program_change channel=0 program=4 time=0
2026-10-06 04:42:18.985  TX  F0 52 00 6E 64 20 00 00 02 07 00 00 00 00 F7  (set_param)
2026-10-06 04:42:18.991  RX  F0 52 00 6E 64 20 01 00 02 07 00 00 00 00 F7
2026-10-06 04:42:19.053  TX  F0 52 00 6E 64 20 00 00 02 0B 00 00 00 00 F7  (set_param)
2026-10-06 04:42:19.056  RX  F0 52 00 6E 64 20 01 00 02 0B 00 00 00 00 F7
2026-10-06 04:42:19.118  TX  F0 52 00 6E 64 20 00 00 02 0F 00 00 00 00 F7  (set_param)
2026-10-06 04:42:19.126  RX  F0 52 00 6E 64 20 01 00 02 0F 00 00 00 00 F7
2026-10-06 04:42:19.149  --  3 gesendet, 3 bestätigt, 0 ohne Ack, Latenz CC→Ack Median 5.9 ms / Max 8.2 ms
2026-10-06 04:42:19.178  TX  F0 52 00 6E 64 20 00 00 02 18 00 00 00 00 F7  (set_param)
2026-10-06 04:42:19.182  RX  F0 52 00 6E 64 20 01 00 02 18 00 00 00 00 F7
2026-10-06 04:42:19.238  TX  F0 52 00 6E 64 20 00 00 02 1F 00 00 00 00 F7  (set_param)
2026-10-06 04:42:19.242  RX  F0 52 00 6E 64 20 01 00 02 1F 00 00 00 00 F7
2026-10-06 04:42:19.304  TX  F0 52 00 6E 64 20 00 00 02 24 00 00 00 00 F7  (set_param)
2026-10-06 04:42:19.309  RX  F0 52 00 6E 64 20 01 00 02 24 00 00 00 00 F7
2026-10-06 04:42:19.369  TX  F0 52 00 6E 64 20 00 00 02 29 00 00 00 00 F7  (set_param)
2026-10-06 04:42:19.373  RX  F0 52 00 6E 64 20 01 00 02 29 00 00 00 00 F7
2026-10-06 04:42:19.429  TX  F0 52 00 6E 64 20 00 00 02 30 00 00 00 00 F7  (set_param)
2026-10-06 04:42:19.434  RX  F0 52 00 6E 64 20 01 00 02 30 00 00 00 00 F7
2026-10-06 04:42:19.495  TX  F0 52 00 6E 64 20 00 00 02 36 00 00 00 00 F7  (set_param)
2026-10-06 04:42:19.499  RX  F0 52 00 6E 64 20 01 00 02 36 00 00 00 00 F7
2026-10-06 04:42:19.555  TX  F0 52 00 6E 64 20 00 00 02 3C 00 00 00 00 F7  (set_param)
2026-10-06 04:42:19.559  RX  F0 52 00 6E 64 20 01 00 02 3C 00 00 00 00 F7
2026-10-06 04:42:19.615  TX  F0 52 00 6E 64 20 00 00 02 44 00 00 00 00 F7  (set_param)
2026-10-06 04:42:19.620  RX  F0 52 00 6E 64 20 01 00 02 44 00 00 00 00 F7
2026-10-06 04:42:19.675  TX  F0 52 00 6E 64 20 00 00 02 4A 00 00 00 00 F7  (set_param)
2026-10-06 04:42:19.680  RX  F0 52 00 6E 64 20 01 00 02 4A 00 00 00 00 F7
2026-10-06 04:42:19.736  TX  F0 52 00 6E 64 20 00 00 02 52 00 00 00 00 F7  (set_param)
2026-10-06 04:42:19.741  RX  F0 52 00 6E 64 20 01 00 02 52 00 00 00 00 F7
2026-10-06 04:42:19.795  TX  F0 52 00 6E 64 20 00 00 02 5B 00 00 00 00 F7  (set_param)
2026-10-06 04:42:19.799  RX  F0 52 00 6E 64 20 01 00 02 5B 00 00 00 00 F7
2026-10-06 04:42:19.855  TX  F0 52 00 6E 64 20 00 00 02 60 00 00 00 00 F7  (set_param)
2026-10-06 04:42:19.859  RX  F0 52 00 6E 64 20 01 00 02 60 00 00 00 00 F7
2026-10-06 04:42:19.915  TX  F0 52 00 6E 64 20 00 00 02 64 00 00 00 00 F7  (set_param)
2026-10-06 04:42:19.920  RX  F0 52 00 6E 64 20 01 00 02 64 00 00 00 00 F7
2026-10-06 04:42:24.150  --  13 gesendet, 13 bestätigt, 0 ohne Ack, Latenz CC→Ack Median 4.5 ms / Max 5.5 ms
2026-10-06 04:42:28.465  TX  F0 52 00 6E 64 20 00 00 02 59 00 00 00 00 F7  (set_param)
2026-10-06 04:42:28.470  RX  F0 52 00 6E 64 20 01 00 02 59 00 00 00 00 F7
2026-10-06 04:42:28.526  TX  F0 52 00 6E 64 20 00 00 02 4E 00 00 00 00 F7  (set_param)
2026-10-06 04:42:28.531  RX  F0 52 00 6E 64 20 01 00 02 4E 00 00 00 00 F7
2026-10-06 04:42:28.587  TX  F0 52 00 6E 64 20 00 00 02 3D 00 00 00 00 F7  (set_param)
2026-10-06 04:42:28.592  RX  F0 52 00 6E 64 20 01 00 02 3D 00 00 00 00 F7
2026-10-06 04:42:28.646  TX  F0 52 00 6E 64 20 00 00 02 29 00 00 00 00 F7  (set_param)
2026-10-06 04:42:28.651  RX  F0 52 00 6E 64 20 01 00 02 29 00 00 00 00 F7
2026-10-06 04:42:28.706  TX  F0 52 00 6E 64 20 00 00 02 23 00 00 00 00 F7  (set_param)
2026-10-06 04:42:28.710  RX  F0 52 00 6E 64 20 01 00 02 23 00 00 00 00 F7
2026-10-06 04:42:28.838  TX  F0 52 00 6E 64 20 00 00 02 1E 00 00 00 00 F7  (set_param)
2026-10-06 04:42:28.844  RX  F0 52 00 6E 64 20 01 00 02 1E 00 00 00 00 F7
2026-10-06 04:42:28.898  TX  F0 52 00 6E 64 20 00 00 02 0E 00 00 00 00 F7  (set_param)
2026-10-06 04:42:28.902  RX  F0 52 00 6E 64 20 01 00 02 0E 00 00 00 00 F7
2026-10-06 04:42:28.958  TX  F0 52 00 6E 64 20 00 00 02 06 00 00 00 00 F7  (set_param)
2026-10-06 04:42:28.964  RX  F0 52 00 6E 64 20 01 00 02 06 00 00 00 00 F7
2026-10-06 04:42:29.151  --  8 gesendet, 8 bestätigt, 0 ohne Ack, Latenz CC→Ack Median 5.2 ms / Max 5.8 ms
2026-10-06 04:42:29.235  TX  F0 52 00 6E 64 20 00 00 02 07 00 00 00 00 F7  (set_param)
2026-10-06 04:42:29.240  RX  F0 52 00 6E 64 20 01 00 02 07 00 00 00 00 F7
2026-10-06 04:42:29.307  TX  F0 52 00 6E 64 20 00 00 02 0D 00 00 00 00 F7  (set_param)
2026-10-06 04:42:29.311  RX  F0 52 00 6E 64 20 01 00 02 0D 00 00 00 00 F7
2026-10-06 04:42:29.373  TX  F0 52 00 6E 64 20 00 00 02 15 00 00 00 00 F7  (set_param)
2026-10-06 04:42:29.377  RX  F0 52 00 6E 64 20 01 00 02 15 00 00 00 00 F7
2026-10-06 04:42:29.432  TX  F0 52 00 6E 64 20 00 00 02 1D 00 00 00 00 F7  (set_param)
2026-10-06 04:42:29.438  RX  F0 52 00 6E 64 20 01 00 02 1D 00 00 00 00 F7
2026-10-06 04:42:29.492  TX  F0 52 00 6E 64 20 00 00 02 23 00 00 00 00 F7  (set_param)
2026-10-06 04:42:29.498  RX  F0 52 00 6E 64 20 01 00 02 23 00 00 00 00 F7
2026-10-06 04:42:29.552  TX  F0 52 00 6E 64 20 00 00 02 2C 00 00 00 00 F7  (set_param)
2026-10-06 04:42:29.556  RX  F0 52 00 6E 64 20 01 00 02 2C 00 00 00 00 F7
2026-10-06 04:42:29.612  TX  F0 52 00 6E 64 20 00 00 02 34 00 00 00 00 F7  (set_param)
2026-10-06 04:42:29.618  RX  F0 52 00 6E 64 20 01 00 02 34 00 00 00 00 F7
2026-10-06 04:42:29.672  TX  F0 52 00 6E 64 20 00 00 02 3D 00 00 00 00 F7  (set_param)
2026-10-06 04:42:29.676  RX  F0 52 00 6E 64 20 01 00 02 3D 00 00 00 00 F7
2026-10-06 04:42:29.732  TX  F0 52 00 6E 64 20 00 00 02 45 00 00 00 00 F7  (set_param)
2026-10-06 04:42:29.737  RX  F0 52 00 6E 64 20 01 00 02 45 00 00 00 00 F7
2026-10-06 04:42:29.793  TX  F0 52 00 6E 64 20 00 00 02 4F 00 00 00 00 F7  (set_param)
2026-10-06 04:42:29.797  RX  F0 52 00 6E 64 20 01 00 02 4F 00 00 00 00 F7
2026-10-06 04:42:29.852  TX  F0 52 00 6E 64 20 00 00 02 59 00 00 00 00 F7  (set_param)
2026-10-06 04:42:29.856  RX  F0 52 00 6E 64 20 01 00 02 59 00 00 00 00 F7
2026-10-06 04:42:29.912  TX  F0 52 00 6E 64 20 00 00 02 60 00 00 00 00 F7  (set_param)
2026-10-06 04:42:29.916  RX  F0 52 00 6E 64 20 01 00 02 60 00 00 00 00 F7
2026-10-06 04:42:29.973  TX  F0 52 00 6E 64 20 00 00 02 64 00 00 00 00 F7  (set_param)
2026-10-06 04:42:29.978  RX  F0 52 00 6E 64 20 01 00 02 64 00 00 00 00 F7
2026-10-06 04:42:34.151  --  13 gesendet, 13 bestätigt, 0 ohne Ack, Latenz CC→Ack Median 4.7 ms / Max 5.9 ms
2026-10-06 04:42:44.201  TX  F0 52 00 6E 64 20 00 00 02 33 00 00 00 00 F7  (set_param)
2026-10-06 04:42:44.207  RX  F0 52 00 6E 64 20 01 00 02 33 00 00 00 00 F7
2026-10-06 04:42:44.261  TX  F0 52 00 6E 64 20 00 00 02 02 00 00 00 00 F7  (set_param)
2026-10-06 04:42:44.265  RX  F0 52 00 6E 64 20 01 00 02 02 00 00 00 00 F7
2026-10-06 04:42:44.321  TX  F0 52 00 6E 64 20 00 00 02 00 00 00 00 00 F7  (set_param)
2026-10-06 04:42:44.325  RX  F0 52 00 6E 64 20 01 00 02 00 00 00 00 00 F7
2026-10-06 04:42:44.544  TX  F0 52 00 6E 64 20 00 00 02 14 00 00 00 00 F7  (set_param)
2026-10-06 04:42:44.550  RX  F0 52 00 6E 64 20 01 00 02 14 00 00 00 00 F7
2026-10-06 04:42:44.604  TX  F0 52 00 6E 64 20 00 00 02 31 00 00 00 00 F7  (set_param)
2026-10-06 04:42:44.608  RX  F0 52 00 6E 64 20 01 00 02 31 00 00 00 00 F7
2026-10-06 04:42:44.664  TX  F0 52 00 6E 64 20 00 00 02 52 00 00 00 00 F7  (set_param)
2026-10-06 04:42:44.668  RX  F0 52 00 6E 64 20 01 00 02 52 00 00 00 00 F7
2026-10-06 04:42:44.723  TX  F0 52 00 6E 64 20 00 00 02 64 00 00 00 00 F7  (set_param)
2026-10-06 04:42:44.727  RX  F0 52 00 6E 64 20 01 00 02 64 00 00 00 00 F7
2026-10-06 04:42:49.154  --  7 gesendet, 7 bestätigt, 0 ohne Ack, Latenz CC→Ack Median 4.5 ms / Max 6.1 ms
2026-10-06 04:43:19.201  TX  F0 52 00 6E 64 20 00 00 02 33 00 00 00 00 F7  (set_param)
2026-10-06 04:43:19.206  RX  F0 52 00 6E 64 20 01 00 02 33 00 00 00 00 F7
2026-10-06 04:43:19.260  TX  F0 52 00 6E 64 20 00 00 02 00 00 00 00 00 F7  (set_param)
2026-10-06 04:43:19.265  RX  F0 52 00 6E 64 20 01 00 02 00 00 00 00 00 F7
2026-10-06 04:43:19.392  TX  F0 52 00 6E 64 20 00 00 02 4B 00 00 00 00 F7  (set_param)
2026-10-06 04:43:19.398  RX  F0 52 00 6E 64 20 01 00 02 4B 00 00 00 00 F7
2026-10-06 04:43:19.453  TX  F0 52 00 6E 64 20 00 00 02 64 00 00 00 00 F7  (set_param)
2026-10-06 04:43:19.457  RX  F0 52 00 6E 64 20 01 00 02 64 00 00 00 00 F7
2026-10-06 04:43:24.166  --  4 gesendet, 4 bestätigt, 0 ohne Ack, Latenz CC→Ack Median 5.2 ms / Max 5.9 ms
2026-10-06 04:50:30.575  --  Oberfläche: http://127.0.0.1:8765
2026-10-06 04:50:30.636  TX  F0 7E 7F 06 01 F7  (identity_request)
2026-10-06 04:50:30.638  RX  F0 7E 00 06 02 52 6E 00 27 00 31 2E 32 30 F7
2026-10-06 04:50:30.639  TX  F0 52 00 6E 50 F7  (edit_enable)
2026-10-06 04:50:30.641  RX  F0 52 00 6E 00 00 F7
2026-10-06 04:50:30.641  TX  F0 52 00 6E 33 F7  (query_program)
2026-10-06 04:50:30.642  RX  control_change channel=0 control=0 value=0 time=0
2026-10-06 04:50:30.643  RX  control_change channel=0 control=32 value=9 time=0
2026-10-06 04:50:30.644  RX  program_change channel=0 program=4 time=0
2026-10-06 04:50:30.644  --  Preset 095: Expression → Effekt 1, Parameter 1, 0–100
2026-10-06 04:50:31.142  --  Bereit: SINCO → ZOOM MS Plus Series, Firmware 1.20
2026-10-06 04:51:01.569  --  Oberfläche: http://127.0.0.1:8765
2026-10-06 04:51:01.629  TX  F0 7E 7F 06 01 F7  (identity_request)
2026-10-06 04:51:01.632  RX  F0 7E 00 06 02 52 6E 00 27 00 31 2E 32 30 F7
2026-10-06 04:51:01.632  TX  F0 52 00 6E 50 F7  (edit_enable)
2026-10-06 04:51:01.635  RX  F0 52 00 6E 00 00 F7
2026-10-06 04:51:01.635  TX  F0 52 00 6E 33 F7  (query_program)
2026-10-06 04:51:01.636  RX  control_change channel=0 control=0 value=0 time=0
2026-10-06 04:51:01.636  RX  control_change channel=0 control=32 value=9 time=0
2026-10-06 04:51:01.636  RX  program_change channel=0 program=4 time=0
2026-10-06 04:51:01.636  --  Preset 095: Expression → Effekt 1, Parameter 1, 0–100
2026-10-06 04:51:02.135  --  Bereit: SINCO → ZOOM MS Plus Series, Firmware 1.20
2026-10-06 04:51:23.854  --  Importiert: Preset 006, 095
2026-10-06 04:52:37.711  RX  F0 52 00 6E 64 12 00 50 06 04 50 54 43 46 28 00 00 00 00 02 00 00 00 01 00 00 00 00 00 00 08 00 00 00 00 00 00 00 00 55 53 00 45 52 2D 30 30 32 20 00 20 40 20 00 0B 54 58 00 4A 31 00 00 00 00 54 00 58 45 31 00 00 00 00 00 45 44 54 42 18 00 00 21 00 01 40 00 16 19 10 58 01 0C 10 41 05 40 05 00 00 00 00 00 00 00 00 00 00 00 00 00 50 52 4D 00 32 20 00 00 00 00 00 00 00 00 00 00 00 00 00 40 00 0C 00 00 00 00 00 00 00 00 00 00 00 00 00 00 00 00 00 00 00 00 00 40 00 07 4E 41 4D 45 20 00 00 00 00 55 53 45 52 00 2D 30 30 32 20 20 20 00 20 20 20 20 20 20 20 00 20 20 20 20 20 20 20 00 20 20 20 00 00 00 00 00 00 00 00 00 00 00 00 00 00 00 00 00 00 00 00 00 00 00 00 00 00 00 00 00 00 00 00 00 00 00 00 00 00 00 00 00 00 00 00 00 00 00 00 00 00 00 00 00 00 00 00 00 00 00 00 00 00 00 00 00 00 00 00 00 00 00 00 00 00 00 00 00 00 00 00 00 00 00 00 00 00 00 00 00 00 00 00 00 00 00 00 00 00 00 00 00 00 00 00 00 00 00 00 00 00 00 00 00 00 00 00 00 00 00 00 00 00 00 00 00 00 00 00 00 00 00 00 00 00 00 00 00 00 00 00 00 00 00 00 00 00 00 00 00 00 00 00 00 00 00 00 00 00 00 00 00 00 00 00 00 00 00 00 00 00 00 00 00 00 00 00 00 00 00 00 00 00 00 00 00 00 00 00 00 00 00 00 00 00 00 00 00 00 00 00 00 00 00 00 00 00 00 00 00 00 00 00 00 00 00 00 00 00 00 00 00 00 00 00 00 00 00 00 00 00 00 00 00 00 00 00 00 00 00 00 00 00 00 00 00 00 00 00 00 00 00 00 00 00 00 00 00 00 00 00 00 00 00 00 00 00 00 00 00 00 00 00 00 00 00 00 00 00 00 00 00 00 00 00 00 00 00 00 00 00 00 00 00 00 00 00 00 00 00 00 00 00 00 00 00 00 00 00 00 00 00 00 00 00 00 00 00 00 00 00 00 00 00 00 00 00 00 00 00 00 00 00 00 00 00 00 00 00 00 00 00 00 00 00 00 00 00 00 00 00 00 00 00 00 00 00 00 00 00 00 00 00 00 00 00 00 00 00 00 00 00 00 00 00 00 00 00 00 00 00 00 00 00 00 00 00 00 00 00 00 00 00 00 00 00 00 00 00 00 00 00 00 00 00 00 00 00 00 00 00 00 00 00 00 00 00 00 00 00 00 00 00 00 00 00 00 00 00 00 00 00 00 00 00 00 00 00 00 00 00 00 00 00 00 00 00 00 00 00 00 00 00 00 00 00 00 00 00 00 00 00 00 00 00 00 00 00 00 00 00 00 00 00 00 00 00 00 00 00 00 00 00 00 00 00 00 00 00 00 00 00 00 00 00 00 00 00 00 00 00 00 00 00 00 00 00 00 00 00 00 00 00 00 00 00 00 00 00 00 00 00 00 00 00 00 00 00 00 00 00 00 00 00 00 00 00 00 00 00 00 00 00 00 00 00 00 00 00 00 00 00 00 00 00 00 00 00 00 00 00 00 00 00 00 00 00 00 00 00 00 00 00 00 00 00 00 00 00 00 00 00 00 00 00 00 00 00 00 00 00 00 00 00 00 00 00 00 00 00 00 00 00 00 00 00 00 00 00 00 00 00 00 00 00 00 00 00 00 00 00 00 00 00 00 00 00 00 00 00 00 00 00 00 00 00 00 00 00 00 00 00 00 00 00 00 00 00 00 00 00 00 00 00 00 00 00 00 00 00 00 00 00 00 00 00 00 00 00 00 00 00 00 00 00 00 00 00 00 00 00 00 00 00 00 00 00 00 00 00 00 00 00 00 00 00 00 00 00 00 00 00 00 00 00 00 00 00 00 00 00 00 00 00 00 00 00 00 00 00 00 00 00 00 00 00 00 00 00 00 00 00 00 00 00 00 00 00 00 00 00 00 00 00 00 00 00 00 00 00 00 00 00 00 00 00 00 00 00 00 00 00 00 00 00 00 00 00 00 00 00 00 00 00 00 00 00 00 00 00 00 00 00 0D 47 79 64 0B F7
2026-10-06 04:52:38.668  RX  F0 52 00 6E 64 12 00 50 06 04 50 54 43 46 28 00 00 00 00 02 00 00 00 01 00 00 00 00 00 00 08 00 00 00 00 00 00 00 00 55 53 00 45 52 2D 30 30 32 20 00 20 40 20 00 0B 54 58 00 4A 31 00 00 00 00 54 00 58 45 31 00 00 00 00 00 45 44 54 42 18 00 00 21 00 01 40 00 16 19 10 58 01 0C 10 41 05 40 05 00 00 00 00 00 00 00 00 00 00 00 00 00 50 52 4D 00 32 20 00 00 00 00 00 00 00 00 00 00 00 00 00 40 00 0C 00 00 00 00 00 00 00 00 00 00 00 00 00 00 00 00 00 00 00 00 00 40 00 07 4E 41 4D 45 20 00 00 00 00 55 53 45 52 00 2D 30 30 32 20 20 20 00 20 20 20 20 20 20 20 00 20 20 20 20 20 20 20 00 20 20 20 00 00 00 00 00 00 00 00 00 00 00 00 00 00 00 00 00 00 00 00 00 00 00 00 00 00 00 00 00 00 00 00 00 00 00 00 00 00 00 00 00 00 00 00 00 00 00 00 00 00 00 00 00 00 00 00 00 00 00 00 00 00 00 00 00 00 00 00 00 00 00 00 00 00 00 00 00 00 00 00 00 00 00 00 00 00 00 00 00 00 00 00 00 00 00 00 00 00 00 00 00 00 00 00 00 00 00 00 00 00 00 00 00 00 00 00 00 00 00 00 00 00 00 00 00 00 00 00 00 00 00 00 00 00 00 00 00 00 00 00 00 00 00 00 00 00 00 00 00 00 00 00 00 00 00 00 00 00 00 00 00 00 00 00 00 00 00 00 00 00 00 00 00 00 00 00 00 00 00 00 00 00 00 00 00 00 00 00 00 00 00 00 00 00 00 00 00 00 00 00 00 00 00 00 00 00 00 00 00 00 00 00 00 00 00 00 00 00 00 00 00 00 00 00 00 00 00 00 00 00 00 00 00 00 00 00 00 00 00 00 00 00 00 00 00 00 00 00 00 00 00 00 00 00 00 00 00 00 00 00 00 00 00 00 00 00 00 00 00 00 00 00 00 00 00 00 00 00 00 00 00 00 00 00 00 00 00 00 00 00 00 00 00 00 00 00 00 00 00 00 00 00 00 00 00 00 00 00 00 00 00 00 00 00 00 00 00 00 00 00 00 00 00 00 00 00 00 00 00 00 00 00 00 00 00 00 00 00 00 00 00 00 00 00 00 00 00 00 00 00 00 00 00 00 00 00 00 00 00 00 00 00 00 00 00 00 00 00 00 00 00 00 00 00 00 00 00 00 00 00 00 00 00 00 00 00 00 00 00 00 00 00 00 00 00 00 00 00 00 00 00 00 00 00 00 00 00 00 00 00 00 00 00 00 00 00 00 00 00 00 00 00 00 00 00 00 00 00 00 00 00 00 00 00 00 00 00 00 00 00 00 00 00 00 00 00 00 00 00 00 00 00 00 00 00 00 00 00 00 00 00 00 00 00 00 00 00 00 00 00 00 00 00 00 00 00 00 00 00 00 00 00 00 00 00 00 00 00 00 00 00 00 00 00 00 00 00 00 00 00 00 00 00 00 00 00 00 00 00 00 00 00 00 00 00 00 00 00 00 00 00 00 00 00 00 00 00 00 00 00 00 00 00 00 00 00 00 00 00 00 00 00 00 00 00 00 00 00 00 00 00 00 00 00 00 00 00 00 00 00 00 00 00 00 00 00 00 00 00 00 00 00 00 00 00 00 00 00 00 00 00 00 00 00 00 00 00 00 00 00 00 00 00 00 00 00 00 00 00 00 00 00 00 00 00 00 00 00 00 00 00 00 00 00 00 00 00 00 00 00 00 00 00 00 00 00 00 00 00 00 00 00 00 00 00 00 00 00 00 00 00 00 00 00 00 00 00 00 00 00 00 00 00 00 00 00 00 00 00 00 00 00 00 00 00 00 00 00 00 00 00 00 00 00 00 00 00 00 00 00 00 00 00 00 00 00 00 00 00 00 00 00 00 00 00 00 00 00 00 00 00 00 00 00 00 00 00 00 00 00 00 00 00 00 00 00 00 00 00 00 00 00 00 00 00 00 00 00 00 00 00 00 00 00 00 00 00 00 00 00 00 00 00 00 00 00 00 00 00 00 00 00 00 00 00 00 00 00 00 00 00 00 00 00 00 00 00 00 00 00 00 00 00 00 00 00 00 00 00 00 00 00 0D 47 79 64 0B F7
2026-10-06 04:52:42.410  RX  F0 52 00 6E 64 12 00 50 06 04 50 54 43 46 44 00 00 00 00 02 00 00 00 02 00 00 00 00 00 00 08 00 00 00 00 00 00 00 00 55 53 00 45 52 2D 30 30 32 20 00 20 40 20 00 0B 00 00 00 00 00 54 58 4A 31 00 00 00 00 00 54 58 45 31 00 00 00 00 00 45 44 54 02 42 30 00 00 00 01 40 0D 00 16 19 10 01 0C 10 40 41 05 40 05 00 00 00 00 00 00 00 00 00 00 00 00 00 01 00 00 00 00 00 00 00 00 00 00 00 00 00 00 00 00 00 00 00 00 00 00 00 00 00 00 50 52 4D 00 32 20 00 00 00 00 00 00 00 00 00 00 00 00 00 40 00 2C 00 00 00 00 00 00 00 00 00 00 00 00 00 00 00 00 00 00 00 00 00 40 00 07 4E 41 4D 45 20 00 00 00 00 55 53 45 52 00 2D 30 30 32 20 20 20 00 20 20 20 20 20 20 20 00 20 20 20 20 20 20 20 00 20 20 20 00 00 00 00 00 00 00 00 00 00 00 00 00 00 00 00 00 00 00 00 00 00 00 00 00 00 00 00 00 00 00 00 00 00 00 00 00 00 00 00 00 00 00 00 00 00 00 00 00 00 00 00 00 00 00 00 00 00 00 00 00 00 00 00 00 00 00 00 00 00 00 00 00 00 00 00 00 00 00 00 00 00 00 00 00 00 00 00 00 00 00 00 00 00 00 00 00 00 00 00 00 00 00 00 00 00 00 00 00 00 00 00 00 00 00 00 00 00 00 00 00 00 00 00 00 00 00 00 00 00 00 00 00 00 00 00 00 00 00 00 00 00 00 00 00 00 00 00 00 00 00 00 00 00 00 00 00 00 00 00 00 00 00 00 00 00 00 00 00 00 00 00 00 00 00 00 00 00 00 00 00 00 00 00 00 00 00 00 00 00 00 00 00 00 00 00 00 00 00 00 00 00 00 00 00 00 00 00 00 00 00 00 00 00 00 00 00 00 00 00 00 00 00 00 00 00 00 00 00 00 00 00 00 00 00 00 00 00 00 00 00 00 00 00 00 00 00 00 00 00 00 00 00 00 00 00 00 00 00 00 00 00 00 00 00 00 00 00 00 00 00 00 00 00 00 00 00 00 00 00 00 00 00 00 00 00 00 00 00 00 00 00 00 00 00 00 00 00 00 00 00 00 00 00 00 00 00 00 00 00 00 00 00 00 00 00 00 00 00 00 00 00 00 00 00 00 00 00 00 00 00 00 00 00 00 00 00 00 00 00 00 00 00 00 00 00 00 00 00 00 00 00 00 00 00 00 00 00 00 00 00 00 00 00 00 00 00 00 00 00 00 00 00 00 00 00 00 00 00 00 00 00 00 00 00 00 00 00 00 00 00 00 00 00 00 00 00 00 00 00 00 00 00 00 00 00 00 00 00 00 00 00 00 00 00 00 00 00 00 00 00 00 00 00 00 00 00 00 00 00 00 00 00 00 00 00 00 00 00 00 00 00 00 00 00 00 00 00 00 00 00 00 00 00 00 00 00 00 00 00 00 00 00 00 00 00 00 00 00 00 00 00 00 00 00 00 00 00 00 00 00 00 00 00 00 00 00 00 00 00 00 00 00 00 00 00 00 00 00 00 00 00 00 00 00 00 00 00 00 00 00 00 00 00 00 00 00 00 00 00 00 00 00 00 00 00 00 00 00 00 00 00 00 00 00 00 00 00 00 00 00 00 00 00 00 00 00 00 00 00 00 00 00 00 00 00 00 00 00 00 00 00 00 00 00 00 00 00 00 00 00 00 00 00 00 00 00 00 00 00 00 00 00 00 00 00 00 00 00 00 00 00 00 00 00 00 00 00 00 00 00 00 00 00 00 00 00 00 00 00 00 00 00 00 00 00 00 00 00 00 00 00 00 00 00 00 00 00 00 00 00 00 00 00 00 00 00 00 00 00 00 00 00 00 00 00 00 00 00 00 00 00 00 00 00 00 00 00 00 00 00 00 00 00 00 00 00 00 00 00 00 00 00 00 00 00 00 00 00 00 00 00 00 00 00 00 00 00 00 00 00 00 00 00 00 00 00 00 00 00 00 00 00 00 00 00 00 00 00 00 00 00 00 00 00 00 00 00 00 00 00 00 00 00 00 00 00 00 00 00 00 00 00 00 00 00 00 00 00 00 00 00 00 00 00 00 00 00 00 00 7A 5C 34 18 02 F7
2026-10-06 04:52:43.644  RX  F0 52 00 6E 64 12 00 50 06 04 50 54 43 46 44 00 00 00 00 02 00 00 00 02 00 00 00 00 00 00 08 00 00 00 00 00 00 00 00 55 53 00 45 52 2D 30 30 32 20 00 20 40 20 00 0B 20 00 00 00 01 54 58 4A 31 00 00 00 00 00 54 58 45 31 00 00 00 00 00 45 44 54 02 42 30 00 00 00 01 40 0D 00 16 19 10 01 0C 10 40 41 05 40 05 00 00 00 00 00 00 00 00 00 00 00 05 00 41 00 00 02 0C 48 40 00 0C 30 01 00 00 00 00 00 00 00 00 00 00 00 00 00 00 00 00 50 52 4D 00 32 20 00 00 00 00 00 00 00 00 00 00 00 00 00 40 00 2C 00 00 00 00 00 00 00 00 00 00 00 00 00 00 00 00 00 00 00 00 00 40 00 07 4E 41 4D 45 20 00 00 00 00 55 53 45 52 00 2D 30 30 32 20 20 20 00 20 20 20 20 20 20 20 00 20 20 20 20 20 20 20 00 20 20 20 00 00 00 00 00 00 00 00 00 00 00 00 00 00 00 00 00 00 00 00 00 00 00 00 00 00 00 00 00 00 00 00 00 00 00 00 00 00 00 00 00 00 00 00 00 00 00 00 00 00 00 00 00 00 00 00 00 00 00 00 00 00 00 00 00 00 00 00 00 00 00 00 00 00 00 00 00 00 00 00 00 00 00 00 00 00 00 00 00 00 00 00 00 00 00 00 00 00 00 00 00 00 00 00 00 00 00 00 00 00 00 00 00 00 00 00 00 00 00 00 00 00 00 00 00 00 00 00 00 00 00 00 00 00 00 00 00 00 00 00 00 00 00 00 00 00 00 00 00 00 00 00 00 00 00 00 00 00 00 00 00 00 00 00 00 00 00 00 00 00 00 00 00 00 00 00 00 00 00 00 00 00 00 00 00 00 00 00 00 00 00 00 00 00 00 00 00 00 00 00 00 00 00 00 00 00 00 00 00 00 00 00 00 00 00 00 00 00 00 00 00 00 00 00 00 00 00 00 00 00 00 00 00 00 00 00 00 00 00 00 00 00 00 00 00 00 00 00 00 00 00 00 00 00 00 00 00 00 00 00 00 00 00 00 00 00 00 00 00 00 00 00 00 00 00 00 00 00 00 00 00 00 00 00 00 00 00 00 00 00 00 00 00 00 00 00 00 00 00 00 00 00 00 00 00 00 00 00 00 00 00 00 00 00 00 00 00 00 00 00 00 00 00 00 00 00 00 00 00 00 00 00 00 00 00 00 00 00 00 00 00 00 00 00 00 00 00 00 00 00 00 00 00 00 00 00 00 00 00 00 00 00 00 00 00 00 00 00 00 00 00 00 00 00 00 00 00 00 00 00 00 00 00 00 00 00 00 00 00 00 00 00 00 00 00 00 00 00 00 00 00 00 00 00 00 00 00 00 00 00 00 00 00 00 00 00 00 00 00 00 00 00 00 00 00 00 00 00 00 00 00 00 00 00 00 00 00 00 00 00 00 00 00 00 00 00 00 00 00 00 00 00 00 00 00 00 00 00 00 00 00 00 00 00 00 00 00 00 00 00 00 00 00 00 00 00 00 00 00 00 00 00 00 00 00 00 00 00 00 00 00 00 00 00 00 00 00 00 00 00 00 00 00 00 00 00 00 00 00 00 00 00 00 00 00 00 00 00 00 00 00 00 00 00 00 00 00 00 00 00 00 00 00 00 00 00 00 00 00 00 00 00 00 00 00 00 00 00 00 00 00 00 00 00 00 00 00 00 00 00 00 00 00 00 00 00 00 00 00 00 00 00 00 00 00 00 00 00 00 00 00 00 00 00 00 00 00 00 00 00 00 00 00 00 00 00 00 00 00 00 00 00 00 00 00 00 00 00 00 00 00 00 00 00 00 00 00 00 00 00 00 00 00 00 00 00 00 00 00 00 00 00 00 00 00 00 00 00 00 00 00 00 00 00 00 00 00 00 00 00 00 00 00 00 00 00 00 00 00 00 00 00 00 00 00 00 00 00 00 00 00 00 00 00 00 00 00 00 00 00 00 00 00 00 00 00 00 00 00 00 00 00 00 00 00 00 00 00 00 00 00 00 00 00 00 00 00 00 00 00 00 00 00 00 00 00 00 00 00 00 00 00 00 00 00 00 00 00 00 00 00 00 00 00 00 00 00 00 00 00 00 00 00 00 00 00 00 00 00 00 6C 14 73 14 0E F7
2026-10-06 04:52:44.062  RX  F0 52 00 6E 64 12 00 50 06 04 50 54 43 46 44 00 00 00 00 02 00 00 00 02 00 00 00 00 00 00 08 00 00 00 00 00 00 00 00 55 53 00 45 52 2D 30 30 32 20 00 20 40 20 00 0B 20 00 00 00 01 54 58 4A 31 00 00 00 00 00 54 58 45 31 00 00 00 00 00 45 44 54 02 42 30 00 00 00 01 40 0D 00 16 19 10 01 0C 10 40 41 05 40 05 00 00 00 00 00 00 00 00 00 00 00 05 00 41 00 00 02 0C 48 40 00 0C 30 01 00 00 00 00 00 00 00 00 00 00 00 00 00 00 00 00 50 52 4D 00 32 20 00 00 00 00 00 00 00 00 00 00 00 00 00 40 00 2C 00 00 00 00 00 00 00 00 00 00 00 00 00 00 00 00 00 00 00 00 00 40 00 07 4E 41 4D 45 20 00 00 00 00 55 53 45 52 00 2D 30 30 32 20 20 20 00 20 20 20 20 20 20 20 00 20 20 20 20 20 20 20 00 20 20 20 00 00 00 00 00 00 00 00 00 00 00 00 00 00 00 00 00 00 00 00 00 00 00 00 00 00 00 00 00 00 00 00 00 00 00 00 00 00 00 00 00 00 00 00 00 00 00 00 00 00 00 00 00 00 00 00 00 00 00 00 00 00 00 00 00 00 00 00 00 00 00 00 00 00 00 00 00 00 00 00 00 00 00 00 00 00 00 00 00 00 00 00 00 00 00 00 00 00 00 00 00 00 00 00 00 00 00 00 00 00 00 00 00 00 00 00 00 00 00 00 00 00 00 00 00 00 00 00 00 00 00 00 00 00 00 00 00 00 00 00 00 00 00 00 00 00 00 00 00 00 00 00 00 00 00 00 00 00 00 00 00 00 00 00 00 00 00 00 00 00 00 00 00 00 00 00 00 00 00 00 00 00 00 00 00 00 00 00 00 00 00 00 00 00 00 00 00 00 00 00 00 00 00 00 00 00 00 00 00 00 00 00 00 00 00 00 00 00 00 00 00 00 00 00 00 00 00 00 00 00 00 00 00 00 00 00 00 00 00 00 00 00 00 00 00 00 00 00 00 00 00 00 00 00 00 00 00 00 00 00 00 00 00 00 00 00 00 00 00 00 00 00 00 00 00 00 00 00 00 00 00 00 00 00 00 00 00 00 00 00 00 00 00 00 00 00 00 00 00 00 00 00 00 00 00 00 00 00 00 00 00 00 00 00 00 00 00 00 00 00 00 00 00 00 00 00 00 00 00 00 00 00 00 00 00 00 00 00 00 00 00 00 00 00 00 00 00 00 00 00 00 00 00 00 00 00 00 00 00 00 00 00 00 00 00 00 00 00 00 00 00 00 00 00 00 00 00 00 00 00 00 00 00 00 00 00 00 00 00 00 00 00 00 00 00 00 00 00 00 00 00 00 00 00 00 00 00 00 00 00 00 00 00 00 00 00 00 00 00 00 00 00 00 00 00 00 00 00 00 00 00 00 00 00 00 00 00 00 00 00 00 00 00 00 00 00 00 00 00 00 00 00 00 00 00 00 00 00 00 00 00 00 00 00 00 00 00 00 00 00 00 00 00 00 00 00 00 00 00 00 00 00 00 00 00 00 00 00 00 00 00 00 00 00 00 00 00 00 00 00 00 00 00 00 00 00 00 00 00 00 00 00 00 00 00 00 00 00 00 00 00 00 00 00 00 00 00 00 00 00 00 00 00 00 00 00 00 00 00 00 00 00 00 00 00 00 00 00 00 00 00 00 00 00 00 00 00 00 00 00 00 00 00 00 00 00 00 00 00 00 00 00 00 00 00 00 00 00 00 00 00 00 00 00 00 00 00 00 00 00 00 00 00 00 00 00 00 00 00 00 00 00 00 00 00 00 00 00 00 00 00 00 00 00 00 00 00 00 00 00 00 00 00 00 00 00 00 00 00 00 00 00 00 00 00 00 00 00 00 00 00 00 00 00 00 00 00 00 00 00 00 00 00 00 00 00 00 00 00 00 00 00 00 00 00 00 00 00 00 00 00 00 00 00 00 00 00 00 00 00 00 00 00 00 00 00 00 00 00 00 00 00 00 00 00 00 00 00 00 00 00 00 00 00 00 00 00 00 00 00 00 00 00 00 00 00 00 00 00 00 00 00 00 00 00 00 00 00 00 00 00 00 00 00 00 00 00 00 00 00 00 00 00 00 00 00 00 00 00 00 6C 14 73 14 0E F7
2026-10-06 04:52:46.060  RX  F0 52 00 6E 64 12 00 50 06 04 50 54 43 46 44 00 00 00 00 02 00 00 00 02 00 00 00 00 00 00 08 00 00 00 00 00 00 00 00 55 53 00 45 52 2D 30 30 32 20 00 20 40 20 00 0B 20 00 00 00 02 54 58 4A 31 00 00 00 00 00 54 58 45 31 00 00 00 00 00 45 44 54 02 42 30 00 00 00 01 40 0D 00 16 19 10 01 0C 10 40 41 05 40 05 00 00 00 00 00 00 00 00 00 00 00 00 00 41 00 00 04 02 08 00 01 00 18 01 00 00 00 00 00 00 00 00 00 00 00 00 00 00 00 00 50 52 4D 00 32 20 00 00 00 00 00 00 00 00 00 00 00 00 00 40 00 2C 00 00 00 00 00 00 00 00 00 00 00 00 00 00 00 00 00 00 00 00 00 40 00 07 4E 41 4D 45 20 00 00 00 00 55 53 45 52 00 2D 30 30 32 20 20 20 00 20 20 20 20 20 20 20 00 20 20 20 20 20 20 20 00 20 20 20 00 00 00 00 00 00 00 00 00 00 00 00 00 00 00 00 00 00 00 00 00 00 00 00 00 00 00 00 00 00 00 00 00 00 00 00 00 00 00 00 00 00 00 00 00 00 00 00 00 00 00 00 00 00 00 00 00 00 00 00 00 00 00 00 00 00 00 00 00 00 00 00 00 00 00 00 00 00 00 00 00 00 00 00 00 00 00 00 00 00 00 00 00 00 00 00 00 00 00 00 00 00 00 00 00 00 00 00 00 00 00 00 00 00 00 00 00 00 00 00 00 00 00 00 00 00 00 00 00 00 00 00 00 00 00 00 00 00 00 00 00 00 00 00 00 00 00 00 00 00 00 00 00 00 00 00 00 00 00 00 00 00 00 00 00 00 00 00 00 00 00 00 00 00 00 00 00 00 00 00 00 00 00 00 00 00 00 00 00 00 00 00 00 00 00 00 00 00 00 00 00 00 00 00 00 00 00 00 00 00 00 00 00 00 00 00 00 00 00 00 00 00 00 00 00 00 00 00 00 00 00 00 00 00 00 00 00 00 00 00 00 00 00 00 00 00 00 00 00 00 00 00 00 00 00 00 00 00 00 00 00 00 00 00 00 00 00 00 00 00 00 00 00 00 00 00 00 00 00 00 00 00 00 00 00 00 00 00 00 00 00 00 00 00 00 00 00 00 00 00 00 00 00 00 00 00 00 00 00 00 00 00 00 00 00 00 00 00 00 00 00 00 00 00 00 00 00 00 00 00 00 00 00 00 00 00 00 00 00 00 00 00 00 00 00 00 00 00 00 00 00 00 00 00 00 00 00 00 00 00 00 00 00 00 00 00 00 00 00 00 00 00 00 00 00 00 00 00 00 00 00 00 00 00 00 00 00 00 00 00 00 00 00 00 00 00 00 00 00 00 00 00 00 00 00 00 00 00 00 00 00 00 00 00 00 00 00 00 00 00 00 00 00 00 00 00 00 00 00 00 00 00 00 00 00 00 00 00 00 00 00 00 00 00 00 00 00 00 00 00 00 00 00 00 00 00 00 00 00 00 00 00 00 00 00 00 00 00 00 00 00 00 00 00 00 00 00 00 00 00 00 00 00 00 00 00 00 00 00 00 00 00 00 00 00 00 00 00 00 00 00 00 00 00 00 00 00 00 00 00 00 00 00 00 00 00 00 00 00 00 00 00 00 00 00 00 00 00 00 00 00 00 00 00 00 00 00 00 00 00 00 00 00 00 00 00 00 00 00 00 00 00 00 00 00 00 00 00 00 00 00 00 00 00 00 00 00 00 00 00 00 00 00 00 00 00 00 00 00 00 00 00 00 00 00 00 00 00 00 00 00 00 00 00 00 00 00 00 00 00 00 00 00 00 00 00 00 00 00 00 00 00 00 00 00 00 00 00 00 00 00 00 00 00 00 00 00 00 00 00 00 00 00 00 00 00 00 00 00 00 00 00 00 00 00 00 00 00 00 00 00 00 00 00 00 00 00 00 00 00 00 00 00 00 00 00 00 00 00 00 00 00 00 00 00 00 00 00 00 00 00 00 00 00 00 00 00 00 00 00 00 00 00 00 00 00 00 00 00 00 00 00 00 00 00 00 00 00 00 00 00 00 00 00 00 00 00 00 00 00 00 00 00 00 00 00 00 00 00 00 00 00 00 00 00 00 00 00 00 00 00 00 00 00 00 00 00 00 00 00 13 22 7F 0B 0C F7
2026-10-06 04:52:47.018  RX  F0 52 00 6E 64 12 00 50 06 04 50 54 43 46 44 00 00 00 00 02 00 00 00 02 00 00 00 00 00 00 08 00 00 00 00 00 00 00 00 55 53 00 45 52 2D 30 30 32 20 00 20 40 20 00 0B 20 00 00 00 03 54 58 4A 31 00 00 00 00 00 54 58 45 31 00 00 00 00 00 45 44 54 02 42 30 00 00 00 01 40 0D 00 16 19 10 01 0C 10 40 41 05 40 05 00 00 00 00 00 00 00 00 00 00 00 05 00 41 00 00 06 0E 40 10 00 0D 40 00 00 00 00 00 00 00 00 00 00 00 00 00 00 00 00 00 50 52 4D 00 32 20 00 00 00 00 00 00 00 00 00 00 00 00 00 40 00 2C 00 00 00 00 00 00 00 00 00 00 00 00 00 00 00 00 00 00 00 00 00 40 00 07 4E 41 4D 45 20 00 00 00 00 55 53 45 52 00 2D 30 30 32 20 20 20 00 20 20 20 20 20 20 20 00 20 20 20 20 20 20 20 00 20 20 20 00 00 00 00 00 00 00 00 00 00 00 00 00 00 00 00 00 00 00 00 00 00 00 00 00 00 00 00 00 00 00 00 00 00 00 00 00 00 00 00 00 00 00 00 00 00 00 00 00 00 00 00 00 00 00 00 00 00 00 00 00 00 00 00 00 00 00 00 00 00 00 00 00 00 00 00 00 00 00 00 00 00 00 00 00 00 00 00 00 00 00 00 00 00 00 00 00 00 00 00 00 00 00 00 00 00 00 00 00 00 00 00 00 00 00 00 00 00 00 00 00 00 00 00 00 00 00 00 00 00 00 00 00 00 00 00 00 00 00 00 00 00 00 00 00 00 00 00 00 00 00 00 00 00 00 00 00 00 00 00 00 00 00 00 00 00 00 00 00 00 00 00 00 00 00 00 00 00 00 00 00 00 00 00 00 00 00 00 00 00 00 00 00 00 00 00 00 00 00 00 00 00 00 00 00 00 00 00 00 00 00 00 00 00 00 00 00 00 00 00 00 00 00 00 00 00 00 00 00 00 00 00 00 00 00 00 00 00 00 00 00 00 00 00 00 00 00 00 00 00 00 00 00 00 00 00 00 00 00 00 00 00 00 00 00 00 00 00 00 00 00 00 00 00 00 00 00 00 00 00 00 00 00 00 00 00 00 00 00 00 00 00 00 00 00 00 00 00 00 00 00 00 00 00 00 00 00 00 00 00 00 00 00 00 00 00 00 00 00 00 00 00 00 00 00 00 00 00 00 00 00 00 00 00 00 00 00 00 00 00 00 00 00 00 00 00 00 00 00 00 00 00 00 00 00 00 00 00 00 00 00 00 00 00 00 00 00 00 00 00 00 00 00 00 00 00 00 00 00 00 00 00 00 00 00 00 00 00 00 00 00 00 00 00 00 00 00 00 00 00 00 00 00 00 00 00 00 00 00 00 00 00 00 00 00 00 00 00 00 00 00 00 00 00 00 00 00 00 00 00 00 00 00 00 00 00 00 00 00 00 00 00 00 00 00 00 00 00 00 00 00 00 00 00 00 00 00 00 00 00 00 00 00 00 00 00 00 00 00 00 00 00 00 00 00 00 00 00 00 00 00 00 00 00 00 00 00 00 00 00 00 00 00 00 00 00 00 00 00 00 00 00 00 00 00 00 00 00 00 00 00 00 00 00 00 00 00 00 00 00 00 00 00 00 00 00 00 00 00 00 00 00 00 00 00 00 00 00 00 00 00 00 00 00 00 00 00 00 00 00 00 00 00 00 00 00 00 00 00 00 00 00 00 00 00 00 00 00 00 00 00 00 00 00 00 00 00 00 00 00 00 00 00 00 00 00 00 00 00 00 00 00 00 00 00 00 00 00 00 00 00 00 00 00 00 00 00 00 00 00 00 00 00 00 00 00 00 00 00 00 00 00 00 00 00 00 00 00 00 00 00 00 00 00 00 00 00 00 00 00 00 00 00 00 00 00 00 00 00 00 00 00 00 00 00 00 00 00 00 00 00 00 00 00 00 00 00 00 00 00 00 00 00 00 00 00 00 00 00 00 00 00 00 00 00 00 00 00 00 00 00 00 00 00 00 00 00 00 00 00 00 00 00 00 00 00 00 00 00 00 00 00 00 00 00 00 00 00 00 00 00 00 00 00 00 00 00 00 00 00 00 00 00 00 00 00 00 00 00 00 00 00 00 00 00 00 00 00 00 00 0C 09 09 5C 00 F7
2026-10-06 04:52:47.971  RX  F0 52 00 6E 64 12 00 50 06 04 50 54 43 46 44 00 00 00 00 02 00 00 00 02 00 00 00 00 00 00 08 00 00 00 00 00 00 00 00 55 53 00 45 52 2D 30 30 32 20 00 20 40 20 00 0B 20 00 00 00 04 54 58 4A 31 00 00 00 00 00 54 58 45 31 00 00 00 00 00 45 44 54 02 42 30 00 00 00 01 40 0D 00 16 19 10 01 0C 10 40 41 05 40 05 00 00 00 00 00 00 00 00 00 00 00 05 00 41 00 00 08 0C 48 40 00 0C 04 40 00 18 19 00 2D 01 00 00 00 00 00 00 00 00 00 00 50 52 4D 00 32 20 00 00 00 00 00 00 00 00 00 00 00 00 00 40 00 2C 00 00 00 00 00 00 00 00 00 00 00 00 00 00 00 00 00 00 00 00 00 40 00 07 4E 41 4D 45 20 00 00 00 00 55 53 45 52 00 2D 30 30 32 20 20 20 00 20 20 20 20 20 20 20 00 20 20 20 20 20 20 20 00 20 20 20 00 00 00 00 00 00 00 00 00 00 00 00 00 00 00 00 00 00 00 00 00 00 00 00 00 00 00 00 00 00 00 00 00 00 00 00 00 00 00 00 00 00 00 00 00 00 00 00 00 00 00 00 00 00 00 00 00 00 00 00 00 00 00 00 00 00 00 00 00 00 00 00 00 00 00 00 00 00 00 00 00 00 00 00 00 00 00 00 00 00 00 00 00 00 00 00 00 00 00 00 00 00 00 00 00 00 00 00 00 00 00 00 00 00 00 00 00 00 00 00 00 00 00 00 00 00 00 00 00 00 00 00 00 00 00 00 00 00 00 00 00 00 00 00 00 00 00 00 00 00 00 00 00 00 00 00 00 00 00 00 00 00 00 00 00 00 00 00 00 00 00 00 00 00 00 00 00 00 00 00 00 00 00 00 00 00 00 00 00 00 00 00 00 00 00 00 00 00 00 00 00 00 00 00 00 00 00 00 00 00 00 00 00 00 00 00 00 00 00 00 00 00 00 00 00 00 00 00 00 00 00 00 00 00 00 00 00 00 00 00 00 00 00 00 00 00 00 00 00 00 00 00 00 00 00 00 00 00 00 00 00 00 00 00 00 00 00 00 00 00 00 00 00 00 00 00 00 00 00 00 00 00 00 00 00 00 00 00 00 00 00 00 00 00 00 00 00 00 00 00 00 00 00 00 00 00 00 00 00 00 00 00 00 00 00 00 00 00 00 00 00 00 00 00 00 00 00 00 00 00 00 00 00 00 00 00 00 00 00 00 00 00 00 00 00 00 00 00 00 00 00 00 00 00 00 00 00 00 00 00 00 00 00 00 00 00 00 00 00 00 00 00 00 00 00 00 00 00 00 00 00 00 00 00 00 00 00 00 00 00 00 00 00 00 00 00 00 00 00 00 00 00 00 00 00 00 00 00 00 00 00 00 00 00 00 00 00 00 00 00 00 00 00 00 00 00 00 00 00 00 00 00 00 00 00 00 00 00 00 00 00 00 00 00 00 00 00 00 00 00 00 00 00 00 00 00 00 00 00 00 00 00 00 00 00 00 00 00 00 00 00 00 00 00 00 00 00 00 00 00 00 00 00 00 00 00 00 00 00 00 00 00 00 00 00 00 00 00 00 00 00 00 00 00 00 00 00 00 00 00 00 00 00 00 00 00 00 00 00 00 00 00 00 00 00 00 00 00 00 00 00 00 00 00 00 00 00 00 00 00 00 00 00 00 00 00 00 00 00 00 00 00 00 00 00 00 00 00 00 00 00 00 00 00 00 00 00 00 00 00 00 00 00 00 00 00 00 00 00 00 00 00 00 00 00 00 00 00 00 00 00 00 00 00 00 00 00 00 00 00 00 00 00 00 00 00 00 00 00 00 00 00 00 00 00 00 00 00 00 00 00 00 00 00 00 00 00 00 00 00 00 00 00 00 00 00 00 00 00 00 00 00 00 00 00 00 00 00 00 00 00 00 00 00 00 00 00 00 00 00 00 00 00 00 00 00 00 00 00 00 00 00 00 00 00 00 00 00 00 00 00 00 00 00 00 00 00 00 00 00 00 00 00 00 00 00 00 00 00 00 00 00 00 00 00 00 00 00 00 00 00 00 00 00 00 00 00 00 00 00 00 00 00 00 00 00 00 00 00 00 00 00 00 00 00 00 00 00 00 00 00 00 00 00 00 00 00 00 00 00 6E 3E 41 2B 0E F7
2026-10-06 04:52:49.120  RX  F0 52 00 6E 64 12 00 50 06 04 50 54 43 46 44 00 00 00 00 02 00 00 00 02 00 00 00 00 00 00 08 00 00 00 00 00 00 00 00 55 53 00 45 52 2D 30 30 32 20 00 20 40 20 00 0B 20 00 00 00 06 54 58 4A 31 00 00 00 00 00 54 58 45 31 00 00 00 00 00 45 44 54 02 42 30 00 00 00 01 40 0D 00 16 19 10 01 0C 10 40 41 05 40 05 00 00 00 00 00 00 00 00 00 00 00 05 00 41 00 00 0C 0C 48 50 00 0C 28 00 00 00 00 00 00 00 00 00 00 00 00 00 00 00 00 00 50 52 4D 00 32 20 00 00 00 00 00 00 00 00 00 00 00 00 00 40 00 2C 00 00 00 00 00 00 00 00 00 00 00 00 00 00 00 00 00 00 00 00 00 40 00 07 4E 41 4D 45 20 00 00 00 00 55 53 45 52 00 2D 30 30 32 20 20 20 00 20 20 20 20 20 20 20 00 20 20 20 20 20 20 20 00 20 20 20 00 00 00 00 00 00 00 00 00 00 00 00 00 00 00 00 00 00 00 00 00 00 00 00 00 00 00 00 00 00 00 00 00 00 00 00 00 00 00 00 00 00 00 00 00 00 00 00 00 00 00 00 00 00 00 00 00 00 00 00 00 00 00 00 00 00 00 00 00 00 00 00 00 00 00 00 00 00 00 00 00 00 00 00 00 00 00 00 00 00 00 00 00 00 00 00 00 00 00 00 00 00 00 00 00 00 00 00 00 00 00 00 00 00 00 00 00 00 00 00 00 00 00 00 00 00 00 00 00 00 00 00 00 00 00 00 00 00 00 00 00 00 00 00 00 00 00 00 00 00 00 00 00 00 00 00 00 00 00 00 00 00 00 00 00 00 00 00 00 00 00 00 00 00 00 00 00 00 00 00 00 00 00 00 00 00 00 00 00 00 00 00 00 00 00 00 00 00 00 00 00 00 00 00 00 00 00 00 00 00 00 00 00 00 00 00 00 00 00 00 00 00 00 00 00 00 00 00 00 00 00 00 00 00 00 00 00 00 00 00 00 00 00 00 00 00 00 00 00 00 00 00 00 00 00 00 00 00 00 00 00 00 00 00 00 00 00 00 00 00 00 00 00 00 00 00 00 00 00 00 00 00 00 00 00 00 00 00 00 00 00 00 00 00 00 00 00 00 00 00 00 00 00 00 00 00 00 00 00 00 00 00 00 00 00 00 00 00 00 00 00 00 00 00 00 00 00 00 00 00 00 00 00 00 00 00 00 00 00 00 00 00 00 00 00 00 00 00 00 00 00 00 00 00 00 00 00 00 00 00 00 00 00 00 00 00 00 00 00 00 00 00 00 00 00 00 00 00 00 00 00 00 00 00 00 00 00 00 00 00 00 00 00 00 00 00 00 00 00 00 00 00 00 00 00 00 00 00 00 00 00 00 00 00 00 00 00 00 00 00 00 00 00 00 00 00 00 00 00 00 00 00 00 00 00 00 00 00 00 00 00 00 00 00 00 00 00 00 00 00 00 00 00 00 00 00 00 00 00 00 00 00 00 00 00 00 00 00 00 00 00 00 00 00 00 00 00 00 00 00 00 00 00 00 00 00 00 00 00 00 00 00 00 00 00 00 00 00 00 00 00 00 00 00 00 00 00 00 00 00 00 00 00 00 00 00 00 00 00 00 00 00 00 00 00 00 00 00 00 00 00 00 00 00 00 00 00 00 00 00 00 00 00 00 00 00 00 00 00 00 00 00 00 00 00 00 00 00 00 00 00 00 00 00 00 00 00 00 00 00 00 00 00 00 00 00 00 00 00 00 00 00 00 00 00 00 00 00 00 00 00 00 00 00 00 00 00 00 00 00 00 00 00 00 00 00 00 00 00 00 00 00 00 00 00 00 00 00 00 00 00 00 00 00 00 00 00 00 00 00 00 00 00 00 00 00 00 00 00 00 00 00 00 00 00 00 00 00 00 00 00 00 00 00 00 00 00 00 00 00 00 00 00 00 00 00 00 00 00 00 00 00 00 00 00 00 00 00 00 00 00 00 00 00 00 00 00 00 00 00 00 00 00 00 00 00 00 00 00 00 00 00 00 00 00 00 00 00 00 00 00 00 00 00 00 00 00 00 00 00 00 00 00 00 00 00 00 00 00 00 00 00 00 00 00 00 00 00 00 00 00 00 00 00 00 00 00 00 00 00 78 6C 27 0C 08 F7
2026-10-06 04:52:50.105  RX  F0 52 00 6E 64 12 00 50 06 04 50 54 43 46 44 00 00 00 00 02 00 00 00 02 00 00 00 00 00 00 08 00 00 00 00 00 00 00 00 55 53 00 45 52 2D 30 30 32 20 00 20 40 20 00 0B 20 00 00 00 07 54 58 4A 31 00 00 00 00 00 54 58 45 31 00 00 00 00 00 45 44 54 02 42 30 00 00 00 01 40 0D 00 16 19 10 01 0C 10 40 41 05 40 05 00 00 00 00 00 00 00 00 00 00 00 00 00 41 00 00 4E 10 20 00 40 06 58 01 00 00 00 00 00 00 00 00 00 00 00 00 00 00 00 00 50 52 4D 00 32 20 00 00 00 00 00 00 00 00 00 00 00 00 00 40 00 2C 00 00 00 00 00 00 00 00 00 00 00 00 00 00 00 00 00 00 00 00 00 40 00 07 4E 41 4D 45 20 00 00 00 00 55 53 45 52 00 2D 30 30 32 20 20 20 00 20 20 20 20 20 20 20 00 20 20 20 20 20 20 20 00 20 20 20 00 00 00 00 00 00 00 00 00 00 00 00 00 00 00 00 00 00 00 00 00 00 00 00 00 00 00 00 00 00 00 00 00 00 00 00 00 00 00 00 00 00 00 00 00 00 00 00 00 00 00 00 00 00 00 00 00 00 00 00 00 00 00 00 00 00 00 00 00 00 00 00 00 00 00 00 00 00 00 00 00 00 00 00 00 00 00 00 00 00 00 00 00 00 00 00 00 00 00 00 00 00 00 00 00 00 00 00 00 00 00 00 00 00 00 00 00 00 00 00 00 00 00 00 00 00 00 00 00 00 00 00 00 00 00 00 00 00 00 00 00 00 00 00 00 00 00 00 00 00 00 00 00 00 00 00 00 00 00 00 00 00 00 00 00 00 00 00 00 00 00 00 00 00 00 00 00 00 00 00 00 00 00 00 00 00 00 00 00 00 00 00 00 00 00 00 00 00 00 00 00 00 00 00 00 00 00 00 00 00 00 00 00 00 00 00 00 00 00 00 00 00 00 00 00 00 00 00 00 00 00 00 00 00 00 00 00 00 00 00 00 00 00 00 00 00 00 00 00 00 00 00 00 00 00 00 00 00 00 00 00 00 00 00 00 00 00 00 00 00 00 00 00 00 00 00 00 00 00 00 00 00 00 00 00 00 00 00 00 00 00 00 00 00 00 00 00 00 00 00 00 00 00 00 00 00 00 00 00 00 00 00 00 00 00 00 00 00 00 00 00 00 00 00 00 00 00 00 00 00 00 00 00 00 00 00 00 00 00 00 00 00 00 00 00 00 00 00 00 00 00 00 00 00 00 00 00 00 00 00 00 00 00 00 00 00 00 00 00 00 00 00 00 00 00 00 00 00 00 00 00 00 00 00 00 00 00 00 00 00 00 00 00 00 00 00 00 00 00 00 00 00 00 00 00 00 00 00 00 00 00 00 00 00 00 00 00 00 00 00 00 00 00 00 00 00 00 00 00 00 00 00 00 00 00 00 00 00 00 00 00 00 00 00 00 00 00 00 00 00 00 00 00 00 00 00 00 00 00 00 00 00 00 00 00 00 00 00 00 00 00 00 00 00 00 00 00 00 00 00 00 00 00 00 00 00 00 00 00 00 00 00 00 00 00 00 00 00 00 00 00 00 00 00 00 00 00 00 00 00 00 00 00 00 00 00 00 00 00 00 00 00 00 00 00 00 00 00 00 00 00 00 00 00 00 00 00 00 00 00 00 00 00 00 00 00 00 00 00 00 00 00 00 00 00 00 00 00 00 00 00 00 00 00 00 00 00 00 00 00 00 00 00 00 00 00 00 00 00 00 00 00 00 00 00 00 00 00 00 00 00 00 00 00 00 00 00 00 00 00 00 00 00 00 00 00 00 00 00 00 00 00 00 00 00 00 00 00 00 00 00 00 00 00 00 00 00 00 00 00 00 00 00 00 00 00 00 00 00 00 00 00 00 00 00 00 00 00 00 00 00 00 00 00 00 00 00 00 00 00 00 00 00 00 00 00 00 00 00 00 00 00 00 00 00 00 00 00 00 00 00 00 00 00 00 00 00 00 00 00 00 00 00 00 00 00 00 00 00 00 00 00 00 00 00 00 00 00 00 00 00 00 00 00 00 00 00 00 00 00 00 00 00 00 00 00 00 00 00 00 00 00 00 00 00 00 00 00 00 00 00 00 00 00 00 00 00 00 00 00 76 1A 4F 2C 02 F7
2026-10-06 04:52:51.005  RX  F0 52 00 6E 64 12 00 50 06 04 50 54 43 46 44 00 00 00 00 02 00 00 00 02 00 00 00 00 00 00 08 00 00 00 00 00 00 00 00 55 53 00 45 52 2D 30 30 32 20 00 20 40 20 00 0B 20 00 00 00 08 54 58 4A 31 00 00 00 00 00 54 58 45 31 00 00 00 00 00 45 44 54 02 42 30 00 00 00 01 40 0D 00 16 19 10 01 0C 10 40 41 05 40 05 00 00 00 00 00 00 00 00 00 00 00 04 00 41 00 00 10 00 20 00 00 12 48 00 00 1C 40 00 41 01 00 00 00 00 00 00 00 00 00 00 50 52 4D 00 32 20 00 00 00 00 00 00 00 00 00 00 00 00 00 40 00 2C 00 00 00 00 00 00 00 00 00 00 00 00 00 00 00 00 00 00 00 00 00 40 00 07 4E 41 4D 45 20 00 00 00 00 55 53 45 52 00 2D 30 30 32 20 20 20 00 20 20 20 20 20 20 20 00 20 20 20 20 20 20 20 00 20 20 20 00 00 00 00 00 00 00 00 00 00 00 00 00 00 00 00 00 00 00 00 00 00 00 00 00 00 00 00 00 00 00 00 00 00 00 00 00 00 00 00 00 00 00 00 00 00 00 00 00 00 00 00 00 00 00 00 00 00 00 00 00 00 00 00 00 00 00 00 00 00 00 00 00 00 00 00 00 00 00 00 00 00 00 00 00 00 00 00 00 00 00 00 00 00 00 00 00 00 00 00 00 00 00 00 00 00 00 00 00 00 00 00 00 00 00 00 00 00 00 00 00 00 00 00 00 00 00 00 00 00 00 00 00 00 00 00 00 00 00 00 00 00 00 00 00 00 00 00 00 00 00 00 00 00 00 00 00 00 00 00 00 00 00 00 00 00 00 00 00 00 00 00 00 00 00 00 00 00 00 00 00 00 00 00 00 00 00 00 00 00 00 00 00 00 00 00 00 00 00 00 00 00 00 00 00 00 00 00 00 00 00 00 00 00 00 00 00 00 00 00 00 00 00 00 00 00 00 00 00 00 00 00 00 00 00 00 00 00 00 00 00 00 00 00 00 00 00 00 00 00 00 00 00 00 00 00 00 00 00 00 00 00 00 00 00 00 00 00 00 00 00 00 00 00 00 00 00 00 00 00 00 00 00 00 00 00 00 00 00 00 00 00 00 00 00 00 00 00 00 00 00 00 00 00 00 00 00 00 00 00 00 00 00 00 00 00 00 00 00 00 00 00 00 00 00 00 00 00 00 00 00 00 00 00 00 00 00 00 00 00 00 00 00 00 00 00 00 00 00 00 00 00 00 00 00 00 00 00 00 00 00 00 00 00 00 00 00 00 00 00 00 00 00 00 00 00 00 00 00 00 00 00 00 00 00 00 00 00 00 00 00 00 00 00 00 00 00 00 00 00 00 00 00 00 00 00 00 00 00 00 00 00 00 00 00 00 00 00 00 00 00 00 00 00 00 00 00 00 00 00 00 00 00 00 00 00 00 00 00 00 00 00 00 00 00 00 00 00 00 00 00 00 00 00 00 00 00 00 00 00 00 00 00 00 00 00 00 00 00 00 00 00 00 00 00 00 00 00 00 00 00 00 00 00 00 00 00 00 00 00 00 00 00 00 00 00 00 00 00 00 00 00 00 00 00 00 00 00 00 00 00 00 00 00 00 00 00 00 00 00 00 00 00 00 00 00 00 00 00 00 00 00 00 00 00 00 00 00 00 00 00 00 00 00 00 00 00 00 00 00 00 00 00 00 00 00 00 00 00 00 00 00 00 00 00 00 00 00 00 00 00 00 00 00 00 00 00 00 00 00 00 00 00 00 00 00 00 00 00 00 00 00 00 00 00 00 00 00 00 00 00 00 00 00 00 00 00 00 00 00 00 00 00 00 00 00 00 00 00 00 00 00 00 00 00 00 00 00 00 00 00 00 00 00 00 00 00 00 00 00 00 00 00 00 00 00 00 00 00 00 00 00 00 00 00 00 00 00 00 00 00 00 00 00 00 00 00 00 00 00 00 00 00 00 00 00 00 00 00 00 00 00 00 00 00 00 00 00 00 00 00 00 00 00 00 00 00 00 00 00 00 00 00 00 00 00 00 00 00 00 00 00 00 00 00 00 00 00 00 00 00 00 00 00 00 00 00 00 00 00 00 00 00 00 00 00 00 00 00 00 00 00 00 00 00 00 00 00 00 00 17 34 74 22 05 F7
2026-10-06 04:52:52.230  RX  F0 52 00 6E 64 12 00 50 06 04 50 54 43 46 44 00 00 00 00 02 00 00 00 02 00 00 00 00 00 00 08 00 00 00 00 00 00 00 00 55 53 00 45 52 2D 30 30 32 20 00 20 40 20 00 0B 20 00 00 00 0A 54 58 4A 31 00 00 00 00 00 54 58 45 31 00 00 00 00 00 45 44 54 02 42 30 00 00 00 01 40 0D 00 16 19 10 01 0C 10 40 41 05 40 05 00 00 00 00 00 00 00 00 00 00 00 06 00 41 00 00 14 6C 08 10 00 07 20 00 00 00 00 00 00 00 00 00 00 00 00 00 00 00 00 00 50 52 4D 00 32 20 00 00 00 00 00 00 00 00 00 00 00 00 00 40 00 2C 00 00 00 00 00 00 00 00 00 00 00 00 00 00 00 00 00 00 00 00 00 40 00 07 4E 41 4D 45 20 00 00 00 00 55 53 45 52 00 2D 30 30 32 20 20 20 00 20 20 20 20 20 20 20 00 20 20 20 20 20 20 20 00 20 20 20 00 00 00 00 00 00 00 00 00 00 00 00 00 00 00 00 00 00 00 00 00 00 00 00 00 00 00 00 00 00 00 00 00 00 00 00 00 00 00 00 00 00 00 00 00 00 00 00 00 00 00 00 00 00 00 00 00 00 00 00 00 00 00 00 00 00 00 00 00 00 00 00 00 00 00 00 00 00 00 00 00 00 00 00 00 00 00 00 00 00 00 00 00 00 00 00 00 00 00 00 00 00 00 00 00 00 00 00 00 00 00 00 00 00 00 00 00 00 00 00 00 00 00 00 00 00 00 00 00 00 00 00 00 00 00 00 00 00 00 00 00 00 00 00 00 00 00 00 00 00 00 00 00 00 00 00 00 00 00 00 00 00 00 00 00 00 00 00 00 00 00 00 00 00 00 00 00 00 00 00 00 00 00 00 00 00 00 00 00 00 00 00 00 00 00 00 00 00 00 00 00 00 00 00 00 00 00 00 00 00 00 00 00 00 00 00 00 00 00 00 00 00 00 00 00 00 00 00 00 00 00 00 00 00 00 00 00 00 00 00 00 00 00 00 00 00 00 00 00 00 00 00 00 00 00 00 00 00 00 00 00 00 00 00 00 00 00 00 00 00 00 00 00 00 00 00 00 00 00 00 00 00 00 00 00 00 00 00 00 00 00 00 00 00 00 00 00 00 00 00 00 00 00 00 00 00 00 00 00 00 00 00 00 00 00 00 00 00 00 00 00 00 00 00 00 00 00 00 00 00 00 00 00 00 00 00 00 00 00 00 00 00 00 00 00 00 00 00 00 00 00 00 00 00 00 00 00 00 00 00 00 00 00 00 00 00 00 00 00 00 00 00 00 00 00 00 00 00 00 00 00 00 00 00 00 00 00 00 00 00 00 00 00 00 00 00 00 00 00 00 00 00 00 00 00 00 00 00 00 00 00 00 00 00 00 00 00 00 00 00 00 00 00 00 00 00 00 00 00 00 00 00 00 00 00 00 00 00 00 00 00 00 00 00 00 00 00 00 00 00 00 00 00 00 00 00 00 00 00 00 00 00 00 00 00 00 00 00 00 00 00 00 00 00 00 00 00 00 00 00 00 00 00 00 00 00 00 00 00 00 00 00 00 00 00 00 00 00 00 00 00 00 00 00 00 00 00 00 00 00 00 00 00 00 00 00 00 00 00 00 00 00 00 00 00 00 00 00 00 00 00 00 00 00 00 00 00 00 00 00 00 00 00 00 00 00 00 00 00 00 00 00 00 00 00 00 00 00 00 00 00 00 00 00 00 00 00 00 00 00 00 00 00 00 00 00 00 00 00 00 00 00 00 00 00 00 00 00 00 00 00 00 00 00 00 00 00 00 00 00 00 00 00 00 00 00 00 00 00 00 00 00 00 00 00 00 00 00 00 00 00 00 00 00 00 00 00 00 00 00 00 00 00 00 00 00 00 00 00 00 00 00 00 00 00 00 00 00 00 00 00 00 00 00 00 00 00 00 00 00 00 00 00 00 00 00 00 00 00 00 00 00 00 00 00 00 00 00 00 00 00 00 00 00 00 00 00 00 00 00 00 00 00 00 00 00 00 00 00 00 00 00 00 00 00 00 00 00 00 00 00 00 00 00 00 00 00 00 00 00 00 00 00 00 00 00 00 00 00 00 00 00 00 00 00 00 00 00 00 00 00 00 00 00 00 00 00 00 00 00 7D 5B 12 29 02 F7
2026-10-06 04:52:57.825  RX  F0 52 00 6E 64 12 00 50 06 04 50 54 43 46 44 00 00 00 00 02 00 00 00 02 00 00 00 00 00 00 08 00 00 00 00 00 00 00 00 55 53 00 45 52 2D 30 30 32 20 00 20 40 20 00 0B 20 00 00 00 0A 54 58 4A 31 00 00 00 00 00 54 58 45 31 00 00 00 00 00 45 44 54 02 42 30 00 00 00 01 40 0D 00 16 19 10 01 0C 10 40 41 05 40 05 00 00 00 00 00 00 00 00 00 00 00 06 00 41 00 00 14 6C 08 10 00 07 20 00 00 00 00 00 00 00 00 00 00 00 00 00 00 00 00 00 50 52 4D 00 32 20 00 00 00 00 00 00 00 00 00 00 00 00 00 40 00 2C 00 00 00 00 00 00 00 00 00 00 00 00 00 00 00 00 00 00 00 00 00 40 00 07 4E 41 4D 45 20 00 00 00 00 55 53 45 52 00 2D 30 30 32 20 20 20 00 20 20 20 20 20 20 20 00 20 20 20 20 20 20 20 00 20 20 20 00 00 00 00 00 00 00 00 00 00 00 00 00 00 00 00 00 00 00 00 00 00 00 00 00 00 00 00 00 00 00 00 00 00 00 00 00 00 00 00 00 00 00 00 00 00 00 00 00 00 00 00 00 00 00 00 00 00 00 00 00 00 00 00 00 00 00 00 00 00 00 00 00 00 00 00 00 00 00 00 00 00 00 00 00 00 00 00 00 00 00 00 00 00 00 00 00 00 00 00 00 00 00 00 00 00 00 00 00 00 00 00 00 00 00 00 00 00 00 00 00 00 00 00 00 00 00 00 00 00 00 00 00 00 00 00 00 00 00 00 00 00 00 00 00 00 00 00 00 00 00 00 00 00 00 00 00 00 00 00 00 00 00 00 00 00 00 00 00 00 00 00 00 00 00 00 00 00 00 00 00 00 00 00 00 00 00 00 00 00 00 00 00 00 00 00 00 00 00 00 00 00 00 00 00 00 00 00 00 00 00 00 00 00 00 00 00 00 00 00 00 00 00 00 00 00 00 00 00 00 00 00 00 00 00 00 00 00 00 00 00 00 00 00 00 00 00 00 00 00 00 00 00 00 00 00 00 00 00 00 00 00 00 00 00 00 00 00 00 00 00 00 00 00 00 00 00 00 00 00 00 00 00 00 00 00 00 00 00 00 00 00 00 00 00 00 00 00 00 00 00 00 00 00 00 00 00 00 00 00 00 00 00 00 00 00 00 00 00 00 00 00 00 00 00 00 00 00 00 00 00 00 00 00 00 00 00 00 00 00 00 00 00 00 00 00 00 00 00 00 00 00 00 00 00 00 00 00 00 00 00 00 00 00 00 00 00 00 00 00 00 00 00 00 00 00 00 00 00 00 00 00 00 00 00 00 00 00 00 00 00 00 00 00 00 00 00 00 00 00 00 00 00 00 00 00 00 00 00 00 00 00 00 00 00 00 00 00 00 00 00 00 00 00 00 00 00 00 00 00 00 00 00 00 00 00 00 00 00 00 00 00 00 00 00 00 00 00 00 00 00 00 00 00 00 00 00 00 00 00 00 00 00 00 00 00 00 00 00 00 00 00 00 00 00 00 00 00 00 00 00 00 00 00 00 00 00 00 00 00 00 00 00 00 00 00 00 00 00 00 00 00 00 00 00 00 00 00 00 00 00 00 00 00 00 00 00 00 00 00 00 00 00 00 00 00 00 00 00 00 00 00 00 00 00 00 00 00 00 00 00 00 00 00 00 00 00 00 00 00 00 00 00 00 00 00 00 00 00 00 00 00 00 00 00 00 00 00 00 00 00 00 00 00 00 00 00 00 00 00 00 00 00 00 00 00 00 00 00 00 00 00 00 00 00 00 00 00 00 00 00 00 00 00 00 00 00 00 00 00 00 00 00 00 00 00 00 00 00 00 00 00 00 00 00 00 00 00 00 00 00 00 00 00 00 00 00 00 00 00 00 00 00 00 00 00 00 00 00 00 00 00 00 00 00 00 00 00 00 00 00 00 00 00 00 00 00 00 00 00 00 00 00 00 00 00 00 00 00 00 00 00 00 00 00 00 00 00 00 00 00 00 00 00 00 00 00 00 00 00 00 00 00 00 00 00 00 00 00 00 00 00 00 00 00 00 00 00 00 00 00 00 00 00 00 00 00 00 00 00 00 00 00 00 00 00 00 00 00 00 00 00 00 00 00 00 00 00 00 00 7D 5B 12 29 02 F7
2026-10-06 04:53:15.001  RX  F0 52 00 6E 64 20 00 01 05 27 00 00 00 00 F7
2026-10-06 04:53:15.162  RX  F0 52 00 6E 64 20 00 01 05 26 00 00 00 00 F7
2026-10-06 04:53:15.241  RX  F0 52 00 6E 64 20 00 01 05 25 00 00 00 00 F7
2026-10-06 04:53:15.289  RX  F0 52 00 6E 64 20 00 01 05 24 00 00 00 00 F7
2026-10-06 04:53:15.401  RX  F0 52 00 6E 64 20 00 01 05 23 00 00 00 00 F7
2026-10-06 04:53:15.545  RX  F0 52 00 6E 64 20 00 01 05 22 00 00 00 00 F7
2026-10-06 04:53:15.673  RX  F0 52 00 6E 64 20 00 01 05 21 00 00 00 00 F7
2026-10-06 04:53:15.737  RX  F0 52 00 6E 64 20 00 01 05 20 00 00 00 00 F7
2026-10-06 04:53:15.818  RX  F0 52 00 6E 64 20 00 01 05 1F 00 00 00 00 F7
2026-10-06 04:53:15.930  RX  F0 52 00 6E 64 20 00 01 05 1E 00 00 00 00 F7
2026-10-06 04:53:16.074  RX  F0 52 00 6E 64 20 00 01 05 1D 00 00 00 00 F7
2026-10-06 04:53:16.218  RX  F0 52 00 6E 64 20 00 01 05 1C 00 00 00 00 F7
2026-10-06 04:53:16.857  RX  F0 52 00 6E 64 20 00 01 05 1B 00 00 00 00 F7
2026-10-06 04:53:16.905  RX  F0 52 00 6E 64 20 00 01 05 19 00 00 00 00 F7
2026-10-06 04:53:17.017  RX  F0 52 00 6E 64 20 00 01 05 18 00 00 00 00 F7
2026-10-06 04:53:17.145  RX  F0 52 00 6E 64 20 00 01 05 17 00 00 00 00 F7
2026-10-06 04:53:17.289  RX  F0 52 00 6E 64 20 00 01 05 16 00 00 00 00 F7
2026-10-06 04:53:17.369  RX  F0 52 00 6E 64 20 00 01 05 15 00 00 00 00 F7
2026-10-06 04:53:17.433  RX  F0 52 00 6E 64 20 00 01 05 14 00 00 00 00 F7
2026-10-06 04:53:17.529  RX  F0 52 00 6E 64 20 00 01 05 13 00 00 00 00 F7
2026-10-06 04:53:17.690  RX  F0 52 00 6E 64 20 00 01 05 12 00 00 00 00 F7
2026-10-06 04:53:17.802  RX  F0 52 00 6E 64 20 00 01 05 11 00 00 00 00 F7
2026-10-06 04:53:17.881  RX  F0 52 00 6E 64 20 00 01 05 10 00 00 00 00 F7
2026-10-06 04:53:17.961  RX  F0 52 00 6E 64 20 00 01 05 0F 00 00 00 00 F7
2026-10-06 04:53:18.026  RX  F0 52 00 6E 64 20 00 01 05 0E 00 00 00 00 F7
2026-10-06 04:53:18.169  RX  F0 52 00 6E 64 20 00 01 05 0D 00 00 00 00 F7
2026-10-06 04:53:19.866  RX  F0 52 00 6E 64 20 00 01 05 0C 00 00 00 00 F7
2026-10-06 04:53:19.930  RX  F0 52 00 6E 64 20 00 01 05 0B 00 00 00 00 F7
2026-10-06 04:53:20.089  RX  F0 52 00 6E 64 20 00 01 05 0A 00 00 00 00 F7
2026-10-06 04:53:20.186  RX  F0 52 00 6E 64 20 00 01 05 09 00 00 00 00 F7
2026-10-06 04:53:20.346  RX  F0 52 00 6E 64 20 00 01 05 08 00 00 00 00 F7
2026-10-06 04:53:20.473  RX  F0 52 00 6E 64 20 00 01 05 07 00 00 00 00 F7
2026-10-06 04:53:20.665  RX  F0 52 00 6E 64 20 00 01 05 06 00 00 00 00 F7
2026-10-06 04:53:20.841  RX  F0 52 00 6E 64 20 00 01 05 05 00 00 00 00 F7
2026-10-06 04:53:20.970  RX  F0 52 00 6E 64 20 00 01 05 04 00 00 00 00 F7
2026-10-06 04:53:21.098  RX  F0 52 00 6E 64 20 00 01 05 03 00 00 00 00 F7
2026-10-06 04:53:21.162  RX  F0 52 00 6E 64 20 00 01 05 02 00 00 00 00 F7
2026-10-06 04:53:21.370  RX  F0 52 00 6E 64 20 00 01 05 01 00 00 00 00 F7
2026-10-06 04:53:21.513  RX  F0 52 00 6E 64 20 00 01 05 00 00 00 00 00 F7
2026-10-06 04:53:22.521  RX  F0 52 00 6E 64 20 00 01 05 01 00 00 00 00 F7
2026-10-06 04:53:22.681  RX  F0 52 00 6E 64 20 00 01 05 02 00 00 00 00 F7
2026-10-06 04:53:22.730  RX  F0 52 00 6E 64 20 00 01 05 04 00 00 00 00 F7
2026-10-06 04:53:22.841  RX  F0 52 00 6E 64 20 00 01 05 05 00 00 00 00 F7
2026-10-06 04:53:22.889  RX  F0 52 00 6E 64 20 00 01 05 07 00 00 00 00 F7
2026-10-06 04:53:23.018  RX  F0 52 00 6E 64 20 00 01 05 08 00 00 00 00 F7
2026-10-06 04:53:23.626  RX  F0 52 00 6E 64 20 00 01 05 09 00 00 00 00 F7
2026-10-06 04:53:23.961  RX  F0 52 00 6E 64 20 00 01 05 0A 00 00 00 00 F7
2026-10-06 04:53:24.042  RX  F0 52 00 6E 64 20 00 01 05 0B 00 00 00 00 F7
2026-10-06 04:53:24.121  RX  F0 52 00 6E 64 20 00 01 05 0C 00 00 00 00 F7
2026-10-06 04:53:24.185  RX  F0 52 00 6E 64 20 00 01 05 0D 00 00 00 00 F7
2026-10-06 04:53:24.265  RX  F0 52 00 6E 64 20 00 01 05 0E 00 00 00 00 F7
2026-10-06 04:53:24.441  RX  F0 52 00 6E 64 20 00 01 05 0F 00 00 00 00 F7
2026-10-06 04:53:25.930  RX  F0 52 00 6E 64 20 00 01 05 10 00 00 00 00 F7
2026-10-06 04:53:26.074  RX  F0 52 00 6E 64 20 00 01 05 11 00 00 00 00 F7
2026-10-06 04:53:26.154  RX  F0 52 00 6E 64 20 00 01 05 12 00 00 00 00 F7
2026-10-06 04:53:26.282  RX  F0 52 00 6E 64 20 00 01 05 13 00 00 00 00 F7
2026-10-06 04:53:26.378  RX  F0 52 00 6E 64 20 00 01 05 14 00 00 00 00 F7
2026-10-06 04:53:26.538  RX  F0 52 00 6E 64 20 00 01 05 15 00 00 00 00 F7
2026-10-06 04:53:26.682  RX  F0 52 00 6E 64 20 00 01 05 16 00 00 00 00 F7
2026-10-06 04:53:26.890  RX  F0 52 00 6E 64 20 00 01 05 17 00 00 00 00 F7
2026-10-06 04:53:27.130  RX  F0 52 00 6E 64 20 00 01 05 18 00 00 00 00 F7
2026-10-06 04:53:27.482  RX  F0 52 00 6E 64 20 00 01 05 19 00 00 00 00 F7
2026-10-06 04:53:27.658  RX  F0 52 00 6E 64 20 00 01 05 1A 00 00 00 00 F7
2026-10-06 04:53:27.818  RX  F0 52 00 6E 64 20 00 01 05 1B 00 00 00 00 F7
2026-10-06 04:53:27.882  RX  F0 52 00 6E 64 20 00 01 05 1C 00 00 00 00 F7
2026-10-06 04:53:27.946  RX  F0 52 00 6E 64 20 00 01 05 1D 00 00 00 00 F7
2026-10-06 04:53:27.995  RX  F0 52 00 6E 64 20 00 01 05 1F 00 00 00 00 F7
2026-10-06 04:53:28.058  RX  F0 52 00 6E 64 20 00 01 05 20 00 00 00 00 F7
2026-10-06 04:53:28.154  RX  F0 52 00 6E 64 20 00 01 05 21 00 00 00 00 F7
2026-10-06 04:53:28.218  RX  F0 52 00 6E 64 20 00 01 05 22 00 00 00 00 F7
2026-10-06 04:53:28.282  RX  F0 52 00 6E 64 20 00 01 05 23 00 00 00 00 F7
2026-10-06 04:53:28.362  RX  F0 52 00 6E 64 20 00 01 05 24 00 00 00 00 F7
2026-10-06 04:53:28.618  RX  F0 52 00 6E 64 20 00 01 05 25 00 00 00 00 F7
2026-10-06 04:53:29.498  RX  F0 52 00 6E 64 20 00 01 05 26 00 00 00 00 F7
2026-10-06 04:53:29.722  RX  F0 52 00 6E 64 20 00 01 05 27 00 00 00 00 F7
2026-10-06 04:53:29.962  RX  F0 52 00 6E 64 20 00 01 05 28 00 00 00 00 F7
2026-10-06 04:53:30.186  RX  F0 52 00 6E 64 20 00 01 05 29 00 00 00 00 F7
2026-10-06 04:53:30.298  RX  F0 52 00 6E 64 20 00 01 05 2A 00 00 00 00 F7
2026-10-06 04:53:30.426  RX  F0 52 00 6E 64 20 00 01 05 2B 00 00 00 00 F7
2026-10-06 04:53:30.571  RX  F0 52 00 6E 64 20 00 01 05 2C 00 00 00 00 F7
2026-10-06 04:53:30.698  RX  F0 52 00 6E 64 20 00 01 05 2D 00 00 00 00 F7
2026-10-06 04:53:30.762  RX  F0 52 00 6E 64 20 00 01 05 2E 00 00 00 00 F7
2026-10-06 04:53:30.826  RX  F0 52 00 6E 64 20 00 01 05 2F 00 00 00 00 F7
2026-10-06 04:53:30.859  RX  F0 52 00 6E 64 20 00 01 05 32 00 00 00 00 F7
2026-10-06 04:53:30.906  RX  F0 52 00 6E 64 20 00 01 05 33 00 00 00 00 F7
2026-10-06 04:53:30.986  RX  F0 52 00 6E 64 20 00 01 05 34 00 00 00 00 F7
2026-10-06 04:53:31.099  RX  F0 52 00 6E 64 20 00 01 05 35 00 00 00 00 F7
2026-10-06 04:53:31.178  RX  F0 52 00 6E 64 20 00 01 05 36 00 00 00 00 F7
2026-10-06 04:53:31.323  RX  F0 52 00 6E 64 20 00 01 05 37 00 00 00 00 F7
2026-10-06 04:53:31.370  RX  F0 52 00 6E 64 20 00 01 05 39 00 00 00 00 F7
2026-10-06 04:53:31.979  RX  F0 52 00 6E 64 20 00 01 05 3A 00 00 00 00 F7
2026-10-06 04:53:32.043  RX  F0 52 00 6E 64 20 00 01 05 3B 00 00 00 00 F7
2026-10-06 04:53:32.155  RX  F0 52 00 6E 64 20 00 01 05 3C 00 00 00 00 F7
2026-10-06 04:53:32.251  RX  F0 52 00 6E 64 20 00 01 05 3D 00 00 00 00 F7
2026-10-06 04:53:32.379  RX  F0 52 00 6E 64 20 00 01 05 3E 00 00 00 00 F7
2026-10-06 04:53:32.459  RX  F0 52 00 6E 64 20 00 01 05 3F 00 00 00 00 F7
2026-10-06 04:53:32.619  RX  F0 52 00 6E 64 20 00 01 05 40 00 00 00 00 F7
2026-10-06 04:53:32.716  RX  F0 52 00 6E 64 20 00 01 05 41 00 00 00 00 F7
2026-10-06 04:53:32.859  RX  F0 52 00 6E 64 20 00 01 05 42 00 00 00 00 F7
2026-10-06 04:53:33.003  RX  F0 52 00 6E 64 20 00 01 05 43 00 00 00 00 F7
2026-10-06 04:53:33.355  RX  F0 52 00 6E 64 20 00 01 05 44 00 00 00 00 F7
2026-10-06 04:53:33.515  RX  F0 52 00 6E 64 20 00 01 05 45 00 00 00 00 F7
2026-10-06 04:53:33.595  RX  F0 52 00 6E 64 20 00 01 05 46 00 00 00 00 F7
2026-10-06 04:53:33.659  RX  F0 52 00 6E 64 20 00 01 05 47 00 00 00 00 F7
2026-10-06 04:53:33.693  RX  F0 52 00 6E 64 20 00 01 05 4A 00 00 00 00 F7
2026-10-06 04:53:33.738  RX  F0 52 00 6E 64 20 00 01 05 4B 00 00 00 00 F7
2026-10-06 04:53:35.051  RX  F0 52 00 6E 64 20 00 01 05 4C 00 00 00 00 F7
2026-10-06 04:53:35.099  RX  F0 52 00 6E 64 20 00 01 05 4E 00 00 00 00 F7
2026-10-06 04:53:35.211  RX  F0 52 00 6E 64 20 00 01 05 4F 00 00 00 00 F7
2026-10-06 04:53:35.340  RX  F0 52 00 6E 64 20 00 01 05 50 00 00 00 00 F7
2026-10-06 04:53:35.403  RX  F0 52 00 6E 64 20 00 01 05 51 00 00 00 00 F7
2026-10-06 04:53:35.530  RX  F0 52 00 6E 64 20 00 01 05 52 00 00 00 00 F7
2026-10-06 04:53:35.642  RX  F0 52 00 6E 64 20 00 01 05 53 00 00 00 00 F7
2026-10-06 04:53:35.691  RX  F0 52 00 6E 64 20 00 01 05 55 00 00 00 00 F7
2026-10-06 04:53:35.868  RX  F0 52 00 6E 64 20 00 01 05 56 00 00 00 00 F7
2026-10-06 04:53:35.916  RX  F0 52 00 6E 64 20 00 01 05 58 00 00 00 00 F7
2026-10-06 04:53:35.948  RX  F0 52 00 6E 64 20 00 01 05 5A 00 00 00 00 F7
2026-10-06 04:53:35.982  RX  F0 52 00 6E 64 20 00 01 05 5C 00 00 00 00 F7
2026-10-06 04:53:36.844  RX  F0 52 00 6E 64 20 00 01 05 5D 00 00 00 00 F7
2026-10-06 04:53:36.908  RX  F0 52 00 6E 64 20 00 01 05 5E 00 00 00 00 F7
2026-10-06 04:53:36.972  RX  F0 52 00 6E 64 20 00 01 05 5F 00 00 00 00 F7
2026-10-06 04:53:37.036  RX  F0 52 00 6E 64 20 00 01 05 60 00 00 00 00 F7
2026-10-06 04:53:37.213  RX  F0 52 00 6E 64 20 00 01 05 61 00 00 00 00 F7
2026-10-06 04:53:37.372  RX  F0 52 00 6E 64 20 00 01 05 62 00 00 00 00 F7
2026-10-06 04:53:37.580  RX  F0 52 00 6E 64 20 00 01 05 63 00 00 00 00 F7
2026-10-06 04:53:37.838  RX  F0 52 00 6E 64 20 00 01 05 64 00 00 00 00 F7
2026-10-06 04:53:41.586  --  Gelernt für Preset 095: Effekt 2, Parameter 4, 0–100
2026-10-06 04:54:05.380  TX  F0 52 00 6E 64 20 00 01 05 44 00 00 00 00 F7  (set_param)
2026-10-06 04:54:05.390  TX  F0 52 00 6E 64 20 00 00 02 44 00 00 00 00 F7  (set_param)
2026-10-06 04:54:05.419  RX  F0 52 00 6E 64 20 01 01 05 44 00 00 00 00 F7
2026-10-06 04:54:05.424  RX  F0 52 00 6E 64 20 01 00 02 44 00 00 00 00 F7
2026-10-06 04:54:05.440  TX  F0 52 00 6E 64 20 00 01 05 29 00 00 00 00 F7  (set_param)
2026-10-06 04:54:05.451  TX  F0 52 00 6E 64 20 00 00 02 29 00 00 00 00 F7  (set_param)
2026-10-06 04:54:05.468  RX  F0 52 00 6E 64 20 01 01 05 29 00 00 00 00 F7
2026-10-06 04:54:05.472  RX  F0 52 00 6E 64 20 01 00 02 29 00 00 00 00 F7
2026-10-06 04:54:05.499  TX  F0 52 00 6E 64 20 00 01 05 1E 00 00 00 00 F7  (set_param)
2026-10-06 04:54:05.508  RX  F0 52 00 6E 64 20 01 01 05 1E 00 00 00 00 F7
2026-10-06 04:54:05.510  TX  F0 52 00 6E 64 20 00 00 02 1E 00 00 00 00 F7  (set_param)
2026-10-06 04:54:05.520  RX  F0 52 00 6E 64 20 01 00 02 1E 00 00 00 00 F7
2026-10-06 04:54:05.559  TX  F0 52 00 6E 64 20 00 01 05 14 00 00 00 00 F7  (set_param)
2026-10-06 04:54:05.563  RX  F0 52 00 6E 64 20 01 01 05 14 00 00 00 00 F7
2026-10-06 04:54:05.570  TX  F0 52 00 6E 64 20 00 00 02 14 00 00 00 00 F7  (set_param)
2026-10-06 04:54:05.584  RX  F0 52 00 6E 64 20 01 00 02 14 00 00 00 00 F7
2026-10-06 04:54:05.619  TX  F0 52 00 6E 64 20 00 01 05 08 00 00 00 00 F7  (set_param)
2026-10-06 04:54:05.623  RX  F0 52 00 6E 64 20 01 01 05 08 00 00 00 00 F7
2026-10-06 04:54:05.630  TX  F0 52 00 6E 64 20 00 00 02 08 00 00 00 00 F7  (set_param)
2026-10-06 04:54:05.632  RX  F0 52 00 6E 64 20 01 00 02 08 00 00 00 00 F7
2026-10-06 04:54:05.679  TX  F0 52 00 6E 64 20 00 01 05 00 00 00 00 00 F7  (set_param)
2026-10-06 04:54:05.686  RX  F0 52 00 6E 64 20 01 01 05 00 00 00 00 00 F7
2026-10-06 04:54:05.689  TX  F0 52 00 6E 64 20 00 00 02 00 00 00 00 00 F7  (set_param)
2026-10-06 04:54:05.700  RX  F0 52 00 6E 64 20 01 00 02 00 00 00 00 00 F7
2026-10-06 04:54:07.164  --  12 gesendet, 12 bestätigt, 0 ohne Ack, Latenz CC→Ack Median 20.8 ms / Max 44.1 ms
2026-10-06 04:54:12.497  TX  F0 52 00 6E 64 20 00 01 05 09 00 00 00 00 F7  (set_param)
2026-10-06 04:54:12.505  RX  F0 52 00 6E 64 20 01 01 05 09 00 00 00 00 F7
2026-10-06 04:54:12.508  TX  F0 52 00 6E 64 20 00 00 02 09 00 00 00 00 F7  (set_param)
2026-10-06 04:54:12.519  RX  F0 52 00 6E 64 20 01 00 02 09 00 00 00 00 F7
2026-10-06 04:54:12.538  TX  F0 52 00 6E 64 20 00 01 05 15 00 00 00 00 F7  (set_param)
2026-10-06 04:54:12.542  RX  F0 52 00 6E 64 20 01 01 05 15 00 00 00 00 F7
2026-10-06 04:54:12.549  TX  F0 52 00 6E 64 20 00 00 02 15 00 00 00 00 F7  (set_param)
2026-10-06 04:54:12.552  RX  F0 52 00 6E 64 20 01 00 02 15 00 00 00 00 F7
2026-10-06 04:54:12.578  TX  F0 52 00 6E 64 20 00 01 05 1F 00 00 00 00 F7  (set_param)
2026-10-06 04:54:12.585  RX  F0 52 00 6E 64 20 01 01 05 1F 00 00 00 00 F7
2026-10-06 04:54:12.589  TX  F0 52 00 6E 64 20 00 00 02 1F 00 00 00 00 F7  (set_param)
2026-10-06 04:54:12.597  RX  F0 52 00 6E 64 20 01 00 02 1F 00 00 00 00 F7
2026-10-06 04:54:12.618  TX  F0 52 00 6E 64 20 00 01 05 24 00 00 00 00 F7  (set_param)
2026-10-06 04:54:12.622  RX  F0 52 00 6E 64 20 01 01 05 24 00 00 00 00 F7
2026-10-06 04:54:12.628  TX  F0 52 00 6E 64 20 00 00 02 24 00 00 00 00 F7  (set_param)
2026-10-06 04:54:12.631  RX  F0 52 00 6E 64 20 01 00 02 24 00 00 00 00 F7
2026-10-06 04:54:12.661  TX  F0 52 00 6E 64 20 00 01 05 27 00 00 00 00 F7  (set_param)
2026-10-06 04:54:12.666  RX  F0 52 00 6E 64 20 01 01 05 27 00 00 00 00 F7
2026-10-06 04:54:12.672  TX  F0 52 00 6E 64 20 00 00 02 27 00 00 00 00 F7  (set_param)
2026-10-06 04:54:12.676  RX  F0 52 00 6E 64 20 01 00 02 27 00 00 00 00 F7
2026-10-06 04:54:12.705  TX  F0 52 00 6E 64 20 00 01 05 2C 00 00 00 00 F7  (set_param)
2026-10-06 04:54:12.711  RX  F0 52 00 6E 64 20 01 01 05 2C 00 00 00 00 F7
2026-10-06 04:54:12.716  TX  F0 52 00 6E 64 20 00 00 02 2C 00 00 00 00 F7  (set_param)
2026-10-06 04:54:12.724  RX  F0 52 00 6E 64 20 01 00 02 2C 00 00 00 00 F7
2026-10-06 04:54:12.746  TX  F0 52 00 6E 64 20 00 01 05 36 00 00 00 00 F7  (set_param)
2026-10-06 04:54:12.753  RX  F0 52 00 6E 64 20 01 01 05 36 00 00 00 00 F7
2026-10-06 04:54:12.757  TX  F0 52 00 6E 64 20 00 00 02 36 00 00 00 00 F7  (set_param)
2026-10-06 04:54:12.774  RX  F0 52 00 6E 64 20 01 00 02 36 00 00 00 00 F7
2026-10-06 04:54:12.786  TX  F0 52 00 6E 64 20 00 01 05 42 00 00 00 00 F7  (set_param)
2026-10-06 04:54:12.797  RX  F0 52 00 6E 64 20 01 01 05 42 00 00 00 00 F7
2026-10-06 04:54:12.797  TX  F0 52 00 6E 64 20 00 00 02 42 00 00 00 00 F7  (set_param)
2026-10-06 04:54:12.805  RX  F0 52 00 6E 64 20 01 00 02 42 00 00 00 00 F7
2026-10-06 04:54:12.825  TX  F0 52 00 6E 64 20 00 01 05 4C 00 00 00 00 F7  (set_param)
2026-10-06 04:54:12.833  RX  F0 52 00 6E 64 20 01 01 05 4C 00 00 00 00 F7
2026-10-06 04:54:12.836  TX  F0 52 00 6E 64 20 00 00 02 4C 00 00 00 00 F7  (set_param)
2026-10-06 04:54:12.853  RX  F0 52 00 6E 64 20 01 00 02 4C 00 00 00 00 F7
2026-10-06 04:54:12.866  TX  F0 52 00 6E 64 20 00 01 05 52 00 00 00 00 F7  (set_param)
2026-10-06 04:54:12.873  RX  F0 52 00 6E 64 20 01 01 05 52 00 00 00 00 F7
2026-10-06 04:54:12.876  TX  F0 52 00 6E 64 20 00 00 02 52 00 00 00 00 F7  (set_param)
2026-10-06 04:54:12.884  RX  F0 52 00 6E 64 20 01 00 02 52 00 00 00 00 F7
2026-10-06 04:54:12.906  TX  F0 52 00 6E 64 20 00 01 05 57 00 00 00 00 F7  (set_param)
2026-10-06 04:54:12.913  RX  F0 52 00 6E 64 20 01 01 05 57 00 00 00 00 F7
2026-10-06 04:54:12.916  TX  F0 52 00 6E 64 20 00 00 02 57 00 00 00 00 F7  (set_param)
2026-10-06 04:54:12.933  RX  F0 52 00 6E 64 20 01 00 02 57 00 00 00 00 F7
2026-10-06 04:54:12.946  TX  F0 52 00 6E 64 20 00 01 05 5E 00 00 00 00 F7  (set_param)
2026-10-06 04:54:12.956  TX  F0 52 00 6E 64 20 00 00 02 5E 00 00 00 00 F7  (set_param)
2026-10-06 04:54:12.960  RX  F0 52 00 6E 64 20 01 01 05 5E 00 00 00 00 F7
2026-10-06 04:54:12.960  RX  F0 52 00 6E 64 20 01 00 02 5E 00 00 00 00 F7
2026-10-06 04:54:12.985  TX  F0 52 00 6E 64 20 00 01 05 64 00 00 00 00 F7  (set_param)
2026-10-06 04:54:12.996  TX  F0 52 00 6E 64 20 00 00 02 64 00 00 00 00 F7  (set_param)
2026-10-06 04:54:13.001  RX  F0 52 00 6E 64 20 01 01 05 64 00 00 00 00 F7
2026-10-06 04:54:13.005  RX  F0 52 00 6E 64 20 01 00 02 64 00 00 00 00 F7
2026-10-06 04:54:16.745  RX  F0 52 00 6E 64 20 00 64 01 00 00 00 00 00 F7
2026-10-06 04:54:17.164  --  26 gesendet, 26 bestätigt, 0 ohne Ack, Latenz CC→Ack Median 14.0 ms / Max 28.3 ms
2026-10-06 04:54:19.918  TX  F0 52 00 6E 64 20 00 01 05 56 00 00 00 00 F7  (set_param)
2026-10-06 04:54:19.929  TX  F0 52 00 6E 64 20 00 00 02 56 00 00 00 00 F7  (set_param)
2026-10-06 04:54:19.949  RX  F0 52 00 6E 64 20 01 01 05 56 00 00 00 00 F7
2026-10-06 04:54:19.952  RX  F0 52 00 6E 64 20 01 00 02 56 00 00 00 00 F7
2026-10-06 04:54:19.978  TX  F0 52 00 6E 64 20 00 01 05 4B 00 00 00 00 F7  (set_param)
2026-10-06 04:54:19.989  RX  F0 52 00 6E 64 20 01 01 05 4B 00 00 00 00 F7
2026-10-06 04:54:19.989  TX  F0 52 00 6E 64 20 00 00 02 4B 00 00 00 00 F7  (set_param)
2026-10-06 04:54:19.997  RX  F0 52 00 6E 64 20 01 00 02 4B 00 00 00 00 F7
2026-10-06 04:54:20.038  TX  F0 52 00 6E 64 20 00 01 05 3F 00 00 00 00 F7  (set_param)
2026-10-06 04:54:20.049  TX  F0 52 00 6E 64 20 00 00 02 3F 00 00 00 00 F7  (set_param)
2026-10-06 04:54:20.051  RX  F0 52 00 6E 64 20 01 01 05 3F 00 00 00 00 F7
2026-10-06 04:54:20.057  RX  F0 52 00 6E 64 20 01 00 02 3F 00 00 00 00 F7
2026-10-06 04:54:20.098  TX  F0 52 00 6E 64 20 00 01 05 33 00 00 00 00 F7  (set_param)
2026-10-06 04:54:20.109  RX  F0 52 00 6E 64 20 01 01 05 33 00 00 00 00 F7
2026-10-06 04:54:20.109  TX  F0 52 00 6E 64 20 00 00 02 33 00 00 00 00 F7  (set_param)
2026-10-06 04:54:20.116  RX  F0 52 00 6E 64 20 01 00 02 33 00 00 00 00 F7
2026-10-06 04:54:20.164  TX  F0 52 00 6E 64 20 00 01 05 29 00 00 00 00 F7  (set_param)
2026-10-06 04:54:20.173  RX  F0 52 00 6E 64 20 01 01 05 29 00 00 00 00 F7
2026-10-06 04:54:20.175  TX  F0 52 00 6E 64 20 00 00 02 29 00 00 00 00 F7  (set_param)
2026-10-06 04:54:20.183  RX  F0 52 00 6E 64 20 01 00 02 29 00 00 00 00 F7
2026-10-06 04:54:20.224  TX  F0 52 00 6E 64 20 00 01 05 1F 00 00 00 00 F7  (set_param)
2026-10-06 04:54:20.231  RX  F0 52 00 6E 64 20 01 01 05 1F 00 00 00 00 F7
2026-10-06 04:54:20.235  TX  F0 52 00 6E 64 20 00 00 02 1F 00 00 00 00 F7  (set_param)
2026-10-06 04:54:20.242  RX  F0 52 00 6E 64 20 01 00 02 1F 00 00 00 00 F7
2026-10-06 04:54:20.285  TX  F0 52 00 6E 64 20 00 01 05 17 00 00 00 00 F7  (set_param)
2026-10-06 04:54:20.292  RX  F0 52 00 6E 64 20 01 01 05 17 00 00 00 00 F7
2026-10-06 04:54:20.296  TX  F0 52 00 6E 64 20 00 00 02 17 00 00 00 00 F7  (set_param)
2026-10-06 04:54:20.303  RX  F0 52 00 6E 64 20 01 00 02 17 00 00 00 00 F7
2026-10-06 04:54:20.344  TX  F0 52 00 6E 64 20 00 01 05 10 00 00 00 00 F7  (set_param)
2026-10-06 04:54:20.349  RX  F0 52 00 6E 64 20 01 01 05 10 00 00 00 00 F7
2026-10-06 04:54:20.355  TX  F0 52 00 6E 64 20 00 00 02 10 00 00 00 00 F7  (set_param)
2026-10-06 04:54:20.362  RX  F0 52 00 6E 64 20 01 00 02 10 00 00 00 00 F7
2026-10-06 04:54:20.405  TX  F0 52 00 6E 64 20 00 01 05 0A 00 00 00 00 F7  (set_param)
2026-10-06 04:54:20.411  RX  F0 52 00 6E 64 20 01 01 05 0A 00 00 00 00 F7
2026-10-06 04:54:20.415  TX  F0 52 00 6E 64 20 00 00 02 0A 00 00 00 00 F7  (set_param)
2026-10-06 04:54:20.423  RX  F0 52 00 6E 64 20 01 00 02 0A 00 00 00 00 F7
2026-10-06 04:54:20.464  TX  F0 52 00 6E 64 20 00 01 05 06 00 00 00 00 F7  (set_param)
2026-10-06 04:54:20.470  RX  F0 52 00 6E 64 20 01 01 05 06 00 00 00 00 F7
2026-10-06 04:54:20.475  TX  F0 52 00 6E 64 20 00 00 02 06 00 00 00 00 F7  (set_param)
2026-10-06 04:54:20.483  RX  F0 52 00 6E 64 20 01 00 02 06 00 00 00 00 F7
2026-10-06 04:54:20.525  TX  F0 52 00 6E 64 20 00 01 05 00 00 00 00 00 F7  (set_param)
2026-10-06 04:54:20.530  RX  F0 52 00 6E 64 20 01 01 05 00 00 00 00 00 F7
2026-10-06 04:54:20.536  TX  F0 52 00 6E 64 20 00 00 02 00 00 00 00 00 F7  (set_param)
2026-10-06 04:54:20.543  RX  F0 52 00 6E 64 20 01 00 02 00 00 00 00 00 F7
2026-10-06 04:54:22.165  --  22 gesendet, 22 bestätigt, 0 ohne Ack, Latenz CC→Ack Median 17.8 ms / Max 33.3 ms
2026-10-06 04:54:23.483  RX  F0 52 00 6E 64 20 00 64 01 01 00 00 00 00 F7
2026-10-06 04:54:24.631  RX  F0 52 00 6E 64 20 00 64 01 00 00 00 00 00 F7
2026-10-06 04:54:26.499  TX  F0 52 00 6E 64 20 00 01 05 05 00 00 00 00 F7  (set_param)
2026-10-06 04:54:26.505  RX  F0 52 00 6E 64 20 01 01 05 05 00 00 00 00 F7
2026-10-06 04:54:26.510  TX  F0 52 00 6E 64 20 00 00 02 05 00 00 00 00 F7  (set_param)
2026-10-06 04:54:26.519  RX  F0 52 00 6E 64 20 01 00 02 05 00 00 00 00 F7
2026-10-06 04:54:26.543  TX  F0 52 00 6E 64 20 00 01 05 0D 00 00 00 00 F7  (set_param)
2026-10-06 04:54:26.549  RX  F0 52 00 6E 64 20 01 01 05 0D 00 00 00 00 F7
2026-10-06 04:54:26.554  TX  F0 52 00 6E 64 20 00 00 02 0D 00 00 00 00 F7  (set_param)
2026-10-06 04:54:26.561  RX  F0 52 00 6E 64 20 01 00 02 0D 00 00 00 00 F7
2026-10-06 04:54:26.584  TX  F0 52 00 6E 64 20 00 01 05 13 00 00 00 00 F7  (set_param)
2026-10-06 04:54:26.589  RX  F0 52 00 6E 64 20 01 01 05 13 00 00 00 00 F7
2026-10-06 04:54:26.595  TX  F0 52 00 6E 64 20 00 00 02 13 00 00 00 00 F7  (set_param)
2026-10-06 04:54:26.606  RX  F0 52 00 6E 64 20 01 00 02 13 00 00 00 00 F7
2026-10-06 04:54:26.629  TX  F0 52 00 6E 64 20 00 01 05 18 00 00 00 00 F7  (set_param)
2026-10-06 04:54:26.633  RX  F0 52 00 6E 64 20 01 01 05 18 00 00 00 00 F7
2026-10-06 04:54:26.640  TX  F0 52 00 6E 64 20 00 00 02 18 00 00 00 00 F7  (set_param)
2026-10-06 04:54:26.651  RX  F0 52 00 6E 64 20 01 00 02 18 00 00 00 00 F7
2026-10-06 04:54:26.671  TX  F0 52 00 6E 64 20 00 01 05 1F 00 00 00 00 F7  (set_param)
2026-10-06 04:54:26.676  RX  F0 52 00 6E 64 20 01 01 05 1F 00 00 00 00 F7
2026-10-06 04:54:26.681  TX  F0 52 00 6E 64 20 00 00 02 1F 00 00 00 00 F7  (set_param)
2026-10-06 04:54:26.685  RX  F0 52 00 6E 64 20 01 00 02 1F 00 00 00 00 F7
2026-10-06 04:54:26.715  TX  F0 52 00 6E 64 20 00 01 05 28 00 00 00 00 F7  (set_param)
2026-10-06 04:54:26.720  RX  F0 52 00 6E 64 20 01 01 05 28 00 00 00 00 F7
2026-10-06 04:54:26.726  TX  F0 52 00 6E 64 20 00 00 02 28 00 00 00 00 F7  (set_param)
2026-10-06 04:54:26.739  RX  F0 52 00 6E 64 20 01 00 02 28 00 00 00 00 F7
2026-10-06 04:54:26.762  TX  F0 52 00 6E 64 20 00 01 05 30 00 00 00 00 F7  (set_param)
2026-10-06 04:54:26.767  RX  F0 52 00 6E 64 20 01 01 05 30 00 00 00 00 F7
2026-10-06 04:54:26.772  TX  F0 52 00 6E 64 20 00 00 02 30 00 00 00 00 F7  (set_param)
2026-10-06 04:54:26.784  RX  F0 52 00 6E 64 20 01 00 02 30 00 00 00 00 F7
2026-10-06 04:54:26.806  TX  F0 52 00 6E 64 20 00 01 05 36 00 00 00 00 F7  (set_param)
2026-10-06 04:54:26.812  RX  F0 52 00 6E 64 20 01 01 05 36 00 00 00 00 F7
2026-10-06 04:54:26.817  TX  F0 52 00 6E 64 20 00 00 02 36 00 00 00 00 F7  (set_param)
2026-10-06 04:54:26.829  RX  F0 52 00 6E 64 20 01 00 02 36 00 00 00 00 F7
2026-10-06 04:54:26.847  TX  F0 52 00 6E 64 20 00 01 05 3D 00 00 00 00 F7  (set_param)
2026-10-06 04:54:26.852  RX  F0 52 00 6E 64 20 01 01 05 3D 00 00 00 00 F7
2026-10-06 04:54:26.858  TX  F0 52 00 6E 64 20 00 00 02 3D 00 00 00 00 F7  (set_param)
2026-10-06 04:54:26.861  RX  F0 52 00 6E 64 20 01 00 02 3D 00 00 00 00 F7
2026-10-06 04:54:26.890  TX  F0 52 00 6E 64 20 00 01 05 44 00 00 00 00 F7  (set_param)
2026-10-06 04:54:26.896  RX  F0 52 00 6E 64 20 01 01 05 44 00 00 00 00 F7
2026-10-06 04:54:26.900  TX  F0 52 00 6E 64 20 00 00 02 44 00 00 00 00 F7  (set_param)
2026-10-06 04:54:26.904  RX  F0 52 00 6E 64 20 01 00 02 44 00 00 00 00 F7
2026-10-06 04:54:26.931  TX  F0 52 00 6E 64 20 00 01 05 4C 00 00 00 00 F7  (set_param)
2026-10-06 04:54:26.939  RX  F0 52 00 6E 64 20 01 01 05 4C 00 00 00 00 F7
2026-10-06 04:54:26.942  TX  F0 52 00 6E 64 20 00 00 02 4C 00 00 00 00 F7  (set_param)
2026-10-06 04:54:26.947  RX  F0 52 00 6E 64 20 01 00 02 4C 00 00 00 00 F7
2026-10-06 04:54:26.974  TX  F0 52 00 6E 64 20 00 01 05 53 00 00 00 00 F7  (set_param)
2026-10-06 04:54:26.981  RX  F0 52 00 6E 64 20 01 01 05 53 00 00 00 00 F7
2026-10-06 04:54:26.985  TX  F0 52 00 6E 64 20 00 00 02 53 00 00 00 00 F7  (set_param)
2026-10-06 04:54:26.991  RX  F0 52 00 6E 64 20 01 00 02 53 00 00 00 00 F7
2026-10-06 04:54:27.018  TX  F0 52 00 6E 64 20 00 01 05 5D 00 00 00 00 F7  (set_param)
2026-10-06 04:54:27.029  TX  F0 52 00 6E 64 20 00 00 02 5D 00 00 00 00 F7  (set_param)
2026-10-06 04:54:27.032  RX  F0 52 00 6E 64 20 01 01 05 5D 00 00 00 00 F7
2026-10-06 04:54:27.036  RX  F0 52 00 6E 64 20 01 00 02 5D 00 00 00 00 F7
2026-10-06 04:54:27.061  TX  F0 52 00 6E 64 20 00 01 05 63 00 00 00 00 F7  (set_param)
2026-10-06 04:54:27.072  TX  F0 52 00 6E 64 20 00 00 02 63 00 00 00 00 F7  (set_param)
2026-10-06 04:54:27.080  RX  F0 52 00 6E 64 20 01 01 05 63 00 00 00 00 F7
2026-10-06 04:54:27.082  RX  F0 52 00 6E 64 20 01 00 02 63 00 00 00 00 F7
2026-10-06 04:54:27.106  TX  F0 52 00 6E 64 20 00 01 05 64 00 00 00 00 F7  (set_param)
2026-10-06 04:54:27.114  RX  F0 52 00 6E 64 20 01 01 05 64 00 00 00 00 F7
2026-10-06 04:54:27.117  TX  F0 52 00 6E 64 20 00 00 02 64 00 00 00 00 F7  (set_param)
2026-10-06 04:54:27.126  RX  F0 52 00 6E 64 20 01 00 02 64 00 00 00 00 F7
2026-10-06 04:54:27.165  --  30 gesendet, 30 bestätigt, 0 ohne Ack, Latenz CC→Ack Median 14.0 ms / Max 24.6 ms
2026-10-06 04:54:32.647  TX  F0 52 00 6E 64 20 00 01 05 0D 00 00 00 00 F7  (set_param)
2026-10-06 04:54:32.658  TX  F0 52 00 6E 64 20 00 00 02 57 00 00 00 00 F7  (set_param)
2026-10-06 04:54:32.703  RX  F0 52 00 6E 64 20 01 01 05 0D 00 00 00 00 F7
2026-10-06 04:54:32.706  RX  F0 52 00 6E 64 20 01 00 02 57 00 00 00 00 F7
2026-10-06 04:54:32.708  TX  F0 52 00 6E 64 20 00 01 05 1B 00 00 00 00 F7  (set_param)
2026-10-06 04:54:32.719  TX  F0 52 00 6E 64 20 00 00 02 49 00 00 00 00 F7  (set_param)
2026-10-06 04:54:32.725  RX  F0 52 00 6E 64 20 01 01 05 1B 00 00 00 00 F7
2026-10-06 04:54:32.725  RX  F0 52 00 6E 64 20 01 00 02 49 00 00 00 00 F7
2026-10-06 04:54:32.767  TX  F0 52 00 6E 64 20 00 01 05 27 00 00 00 00 F7  (set_param)
2026-10-06 04:54:32.776  RX  F0 52 00 6E 64 20 01 01 05 27 00 00 00 00 F7
2026-10-06 04:54:32.777  TX  F0 52 00 6E 64 20 00 00 02 3D 00 00 00 00 F7  (set_param)
2026-10-06 04:54:32.786  RX  F0 52 00 6E 64 20 01 00 02 3D 00 00 00 00 F7
2026-10-06 04:54:32.828  TX  F0 52 00 6E 64 20 00 01 05 32 00 00 00 00 F7  (set_param)
2026-10-06 04:54:32.838  RX  F0 52 00 6E 64 20 01 01 05 32 00 00 00 00 F7
2026-10-06 04:54:32.840  TX  F0 52 00 6E 64 20 00 00 02 32 00 00 00 00 F7  (set_param)
2026-10-06 04:54:32.846  RX  F0 52 00 6E 64 20 01 00 02 32 00 00 00 00 F7
2026-10-06 04:54:32.887  TX  F0 52 00 6E 64 20 00 01 05 3A 00 00 00 00 F7  (set_param)
2026-10-06 04:54:32.895  RX  F0 52 00 6E 64 20 01 01 05 3A 00 00 00 00 F7
2026-10-06 04:54:32.898  TX  F0 52 00 6E 64 20 00 00 02 2A 00 00 00 00 F7  (set_param)
2026-10-06 04:54:32.906  RX  F0 52 00 6E 64 20 01 00 02 2A 00 00 00 00 F7
2026-10-06 04:54:32.948  TX  F0 52 00 6E 64 20 00 01 05 42 00 00 00 00 F7  (set_param)
2026-10-06 04:54:32.957  RX  F0 52 00 6E 64 20 01 01 05 42 00 00 00 00 F7
2026-10-06 04:54:32.959  TX  F0 52 00 6E 64 20 00 00 02 22 00 00 00 00 F7  (set_param)
2026-10-06 04:54:32.966  RX  F0 52 00 6E 64 20 01 00 02 22 00 00 00 00 F7
2026-10-06 04:54:33.013  TX  F0 52 00 6E 64 20 00 01 05 49 00 00 00 00 F7  (set_param)
2026-10-06 04:54:33.022  RX  F0 52 00 6E 64 20 01 01 05 49 00 00 00 00 F7
2026-10-06 04:54:33.024  TX  F0 52 00 6E 64 20 00 00 02 1B 00 00 00 00 F7  (set_param)
2026-10-06 04:54:33.031  RX  F0 52 00 6E 64 20 01 00 02 1B 00 00 00 00 F7
2026-10-06 04:54:33.073  TX  F0 52 00 6E 64 20 00 01 05 50 00 00 00 00 F7  (set_param)
2026-10-06 04:54:33.082  RX  F0 52 00 6E 64 20 01 01 05 50 00 00 00 00 F7
2026-10-06 04:54:33.084  TX  F0 52 00 6E 64 20 00 00 02 14 00 00 00 00 F7  (set_param)
2026-10-06 04:54:33.092  RX  F0 52 00 6E 64 20 01 00 02 14 00 00 00 00 F7
2026-10-06 04:54:33.133  TX  F0 52 00 6E 64 20 00 01 05 57 00 00 00 00 F7  (set_param)
2026-10-06 04:54:33.141  RX  F0 52 00 6E 64 20 01 01 05 57 00 00 00 00 F7
2026-10-06 04:54:33.144  TX  F0 52 00 6E 64 20 00 00 02 0D 00 00 00 00 F7  (set_param)
2026-10-06 04:54:33.152  RX  F0 52 00 6E 64 20 01 00 02 0D 00 00 00 00 F7
2026-10-06 04:54:33.193  TX  F0 52 00 6E 64 20 00 01 05 5C 00 00 00 00 F7  (set_param)
2026-10-06 04:54:33.204  RX  F0 52 00 6E 64 20 01 01 05 5C 00 00 00 00 F7
2026-10-06 04:54:33.204  TX  F0 52 00 6E 64 20 00 00 02 08 00 00 00 00 F7  (set_param)
2026-10-06 04:54:33.211  RX  F0 52 00 6E 64 20 01 00 02 08 00 00 00 00 F7
2026-10-06 04:54:33.253  TX  F0 52 00 6E 64 20 00 01 05 61 00 00 00 00 F7  (set_param)
2026-10-06 04:54:33.264  TX  F0 52 00 6E 64 20 00 00 02 03 00 00 00 00 F7  (set_param)
2026-10-06 04:54:33.268  RX  F0 52 00 6E 64 20 01 01 05 61 00 00 00 00 F7
2026-10-06 04:54:33.268  RX  F0 52 00 6E 64 20 01 00 02 03 00 00 00 00 F7
2026-10-06 04:54:33.313  TX  F0 52 00 6E 64 20 00 01 05 64 00 00 00 00 F7  (set_param)
2026-10-06 04:54:33.323  TX  F0 52 00 6E 64 20 00 00 02 00 00 00 00 00 F7  (set_param)
2026-10-06 04:54:33.326  RX  F0 52 00 6E 64 20 01 01 05 64 00 00 00 00 F7
2026-10-06 04:54:33.326  RX  F0 52 00 6E 64 20 01 00 02 00 00 00 00 00 F7
2026-10-06 04:54:36.981  RX  F0 52 00 6E 64 20 00 64 01 01 00 00 00 00 F7
2026-10-06 04:54:37.167  --  24 gesendet, 24 bestätigt, 0 ohne Ack, Latenz CC→Ack Median 15.8 ms / Max 59.3 ms
2026-10-06 04:54:39.364  TX  F0 52 00 6E 64 20 00 01 05 5F 00 00 00 00 F7  (set_param)
2026-10-06 04:54:39.375  TX  F0 52 00 6E 64 20 00 00 02 05 00 00 00 00 F7  (set_param)
2026-10-06 04:54:39.382  RX  F0 52 00 6E 64 20 01 01 05 5F 00 00 00 00 F7
2026-10-06 04:54:39.383  RX  F0 52 00 6E 64 20 01 00 02 05 00 00 00 00 F7
2026-10-06 04:54:39.409  TX  F0 52 00 6E 64 20 00 01 05 59 00 00 00 00 F7  (set_param)
2026-10-06 04:54:39.420  TX  F0 52 00 6E 64 20 00 00 02 0B 00 00 00 00 F7  (set_param)
2026-10-06 04:54:39.425  RX  F0 52 00 6E 64 20 01 01 05 59 00 00 00 00 F7
2026-10-06 04:54:39.426  RX  F0 52 00 6E 64 20 01 00 02 0B 00 00 00 00 F7
2026-10-06 04:54:39.452  TX  F0 52 00 6E 64 20 00 01 05 50 00 00 00 00 F7  (set_param)
2026-10-06 04:54:39.460  RX  F0 52 00 6E 64 20 01 01 05 50 00 00 00 00 F7
2026-10-06 04:54:39.463  TX  F0 52 00 6E 64 20 00 00 02 14 00 00 00 00 F7  (set_param)
2026-10-06 04:54:39.478  RX  F0 52 00 6E 64 20 01 00 02 14 00 00 00 00 F7
2026-10-06 04:54:39.494  TX  F0 52 00 6E 64 20 00 01 05 47 00 00 00 00 F7  (set_param)
2026-10-06 04:54:39.501  RX  F0 52 00 6E 64 20 01 01 05 47 00 00 00 00 F7
2026-10-06 04:54:39.504  TX  F0 52 00 6E 64 20 00 00 02 1D 00 00 00 00 F7  (set_param)
2026-10-06 04:54:39.507  RX  F0 52 00 6E 64 20 01 00 02 1D 00 00 00 00 F7
2026-10-06 04:54:39.536  TX  F0 52 00 6E 64 20 00 01 05 41 00 00 00 00 F7  (set_param)
2026-10-06 04:54:39.543  RX  F0 52 00 6E 64 20 01 01 05 41 00 00 00 00 F7
2026-10-06 04:54:39.546  TX  F0 52 00 6E 64 20 00 00 02 23 00 00 00 00 F7  (set_param)
2026-10-06 04:54:39.552  RX  F0 52 00 6E 64 20 01 00 02 23 00 00 00 00 F7
2026-10-06 04:54:39.582  TX  F0 52 00 6E 64 20 00 01 05 3D 00 00 00 00 F7  (set_param)
2026-10-06 04:54:39.586  RX  F0 52 00 6E 64 20 01 01 05 3D 00 00 00 00 F7
2026-10-06 04:54:39.593  TX  F0 52 00 6E 64 20 00 00 02 27 00 00 00 00 F7  (set_param)
2026-10-06 04:54:39.596  RX  F0 52 00 6E 64 20 01 00 02 27 00 00 00 00 F7
2026-10-06 04:54:39.624  TX  F0 52 00 6E 64 20 00 01 05 3A 00 00 00 00 F7  (set_param)
2026-10-06 04:54:39.629  RX  F0 52 00 6E 64 20 01 01 05 3A 00 00 00 00 F7
2026-10-06 04:54:39.635  TX  F0 52 00 6E 64 20 00 00 02 2A 00 00 00 00 F7  (set_param)
2026-10-06 04:54:39.638  RX  F0 52 00 6E 64 20 01 00 02 2A 00 00 00 00 F7
2026-10-06 04:54:39.670  TX  F0 52 00 6E 64 20 00 01 05 37 00 00 00 00 F7  (set_param)
2026-10-06 04:54:39.675  RX  F0 52 00 6E 64 20 01 01 05 37 00 00 00 00 F7
2026-10-06 04:54:39.682  TX  F0 52 00 6E 64 20 00 00 02 2D 00 00 00 00 F7  (set_param)
2026-10-06 04:54:39.685  RX  F0 52 00 6E 64 20 01 00 02 2D 00 00 00 00 F7
2026-10-06 04:54:39.714  TX  F0 52 00 6E 64 20 00 01 05 34 00 00 00 00 F7  (set_param)
2026-10-06 04:54:39.718  RX  F0 52 00 6E 64 20 01 01 05 34 00 00 00 00 F7
2026-10-06 04:54:39.724  TX  F0 52 00 6E 64 20 00 00 02 30 00 00 00 00 F7  (set_param)
2026-10-06 04:54:39.727  RX  F0 52 00 6E 64 20 01 00 02 30 00 00 00 00 F7
2026-10-06 04:54:39.760  TX  F0 52 00 6E 64 20 00 01 05 32 00 00 00 00 F7  (set_param)
2026-10-06 04:54:39.765  RX  F0 52 00 6E 64 20 01 01 05 32 00 00 00 00 F7
2026-10-06 04:54:39.771  TX  F0 52 00 6E 64 20 00 00 02 32 00 00 00 00 F7  (set_param)
2026-10-06 04:54:39.774  RX  F0 52 00 6E 64 20 01 00 02 32 00 00 00 00 F7
2026-10-06 04:54:39.809  TX  F0 52 00 6E 64 20 00 01 05 31 00 00 00 00 F7  (set_param)
2026-10-06 04:54:39.814  RX  F0 52 00 6E 64 20 01 01 05 31 00 00 00 00 F7
2026-10-06 04:54:39.820  TX  F0 52 00 6E 64 20 00 00 02 33 00 00 00 00 F7  (set_param)
2026-10-06 04:54:39.826  RX  F0 52 00 6E 64 20 01 00 02 33 00 00 00 00 F7
2026-10-06 04:54:40.011  TX  F0 52 00 6E 64 20 00 01 05 2E 00 00 00 00 F7  (set_param)
2026-10-06 04:54:40.017  RX  F0 52 00 6E 64 20 01 01 05 2E 00 00 00 00 F7
2026-10-06 04:54:40.021  TX  F0 52 00 6E 64 20 00 00 02 36 00 00 00 00 F7  (set_param)
2026-10-06 04:54:40.030  RX  F0 52 00 6E 64 20 01 00 02 36 00 00 00 00 F7
2026-10-06 04:54:40.052  TX  F0 52 00 6E 64 20 00 01 05 2B 00 00 00 00 F7  (set_param)
2026-10-06 04:54:40.056  RX  F0 52 00 6E 64 20 01 01 05 2B 00 00 00 00 F7
2026-10-06 04:54:40.063  TX  F0 52 00 6E 64 20 00 00 02 39 00 00 00 00 F7  (set_param)
2026-10-06 04:54:40.074  RX  F0 52 00 6E 64 20 01 00 02 39 00 00 00 00 F7
2026-10-06 04:54:40.094  TX  F0 52 00 6E 64 20 00 01 05 27 00 00 00 00 F7  (set_param)
2026-10-06 04:54:40.098  RX  F0 52 00 6E 64 20 01 01 05 27 00 00 00 00 F7
2026-10-06 04:54:40.105  TX  F0 52 00 6E 64 20 00 00 02 3D 00 00 00 00 F7  (set_param)
2026-10-06 04:54:40.108  RX  F0 52 00 6E 64 20 01 00 02 3D 00 00 00 00 F7
2026-10-06 04:54:40.138  TX  F0 52 00 6E 64 20 00 01 05 23 00 00 00 00 F7  (set_param)
2026-10-06 04:54:40.142  RX  F0 52 00 6E 64 20 01 01 05 23 00 00 00 00 F7
2026-10-06 04:54:40.148  TX  F0 52 00 6E 64 20 00 00 02 41 00 00 00 00 F7  (set_param)
2026-10-06 04:54:40.150  RX  F0 52 00 6E 64 20 01 00 02 41 00 00 00 00 F7
2026-10-06 04:54:40.183  TX  F0 52 00 6E 64 20 00 01 05 1F 00 00 00 00 F7  (set_param)
2026-10-06 04:54:40.187  RX  F0 52 00 6E 64 20 01 01 05 1F 00 00 00 00 F7
2026-10-06 04:54:40.194  TX  F0 52 00 6E 64 20 00 00 02 45 00 00 00 00 F7  (set_param)
2026-10-06 04:54:40.204  RX  F0 52 00 6E 64 20 01 00 02 45 00 00 00 00 F7
2026-10-06 04:54:40.227  TX  F0 52 00 6E 64 20 00 01 05 18 00 00 00 00 F7  (set_param)
2026-10-06 04:54:40.231  RX  F0 52 00 6E 64 20 01 01 05 18 00 00 00 00 F7
2026-10-06 04:54:40.237  TX  F0 52 00 6E 64 20 00 00 02 4C 00 00 00 00 F7  (set_param)
2026-10-06 04:54:40.249  RX  F0 52 00 6E 64 20 01 00 02 4C 00 00 00 00 F7
2026-10-06 04:54:40.272  TX  F0 52 00 6E 64 20 00 01 05 13 00 00 00 00 F7  (set_param)
2026-10-06 04:54:40.276  RX  F0 52 00 6E 64 20 01 01 05 13 00 00 00 00 F7
2026-10-06 04:54:40.283  TX  F0 52 00 6E 64 20 00 00 02 51 00 00 00 00 F7  (set_param)
2026-10-06 04:54:40.296  RX  F0 52 00 6E 64 20 01 00 02 51 00 00 00 00 F7
2026-10-06 04:54:40.316  TX  F0 52 00 6E 64 20 00 01 05 0F 00 00 00 00 F7  (set_param)
2026-10-06 04:54:40.321  RX  F0 52 00 6E 64 20 01 01 05 0F 00 00 00 00 F7
2026-10-06 04:54:40.327  TX  F0 52 00 6E 64 20 00 00 02 55 00 00 00 00 F7  (set_param)
2026-10-06 04:54:40.338  RX  F0 52 00 6E 64 20 01 00 02 55 00 00 00 00 F7
2026-10-06 04:54:40.367  TX  F0 52 00 6E 64 20 00 01 05 0C 00 00 00 00 F7  (set_param)
2026-10-06 04:54:40.369  RX  F0 52 00 6E 64 20 01 01 05 0C 00 00 00 00 F7
2026-10-06 04:54:40.378  TX  F0 52 00 6E 64 20 00 00 02 58 00 00 00 00 F7  (set_param)
2026-10-06 04:54:40.381  RX  F0 52 00 6E 64 20 01 00 02 58 00 00 00 00 F7
2026-10-06 04:54:40.412  TX  F0 52 00 6E 64 20 00 01 05 09 00 00 00 00 F7  (set_param)
2026-10-06 04:54:40.416  RX  F0 52 00 6E 64 20 01 01 05 09 00 00 00 00 F7
2026-10-06 04:54:40.423  TX  F0 52 00 6E 64 20 00 00 02 5B 00 00 00 00 F7  (set_param)
2026-10-06 04:54:40.425  RX  F0 52 00 6E 64 20 01 00 02 5B 00 00 00 00 F7
2026-10-06 04:54:40.462  TX  F0 52 00 6E 64 20 00 01 05 05 00 00 00 00 F7  (set_param)
2026-10-06 04:54:40.465  RX  F0 52 00 6E 64 20 01 01 05 05 00 00 00 00 F7
2026-10-06 04:54:40.473  TX  F0 52 00 6E 64 20 00 00 02 5F 00 00 00 00 F7  (set_param)
2026-10-06 04:54:40.483  RX  F0 52 00 6E 64 20 01 00 02 5F 00 00 00 00 F7
2026-10-06 04:54:40.508  TX  F0 52 00 6E 64 20 00 01 05 02 00 00 00 00 F7  (set_param)
2026-10-06 04:54:40.512  RX  F0 52 00 6E 64 20 01 01 05 02 00 00 00 00 F7
2026-10-06 04:54:40.519  TX  F0 52 00 6E 64 20 00 00 02 62 00 00 00 00 F7  (set_param)
2026-10-06 04:54:40.526  RX  F0 52 00 6E 64 20 01 00 02 62 00 00 00 00 F7
2026-10-06 04:54:40.559  TX  F0 52 00 6E 64 20 00 01 05 00 00 00 00 00 F7  (set_param)
2026-10-06 04:54:40.562  RX  F0 52 00 6E 64 20 01 01 05 00 00 00 00 00 F7
2026-10-06 04:54:40.570  TX  F0 52 00 6E 64 20 00 00 02 64 00 00 00 00 F7  (set_param)
2026-10-06 04:54:40.572  RX  F0 52 00 6E 64 20 01 00 02 64 00 00 00 00 F7
2026-10-06 04:54:41.382  TX  F0 52 00 6E 64 20 00 01 05 21 00 00 00 00 F7  (set_param)
2026-10-06 04:54:41.392  RX  F0 52 00 6E 64 20 01 01 05 21 00 00 00 00 F7
2026-10-06 04:54:41.393  TX  F0 52 00 6E 64 20 00 00 02 43 00 00 00 00 F7  (set_param)
2026-10-06 04:54:41.401  RX  F0 52 00 6E 64 20 01 00 02 43 00 00 00 00 F7
2026-10-06 04:54:41.442  TX  F0 52 00 6E 64 20 00 01 05 4C 00 00 00 00 F7  (set_param)
2026-10-06 04:54:41.453  TX  F0 52 00 6E 64 20 00 00 02 18 00 00 00 00 F7  (set_param)
2026-10-06 04:54:41.464  RX  F0 52 00 6E 64 20 01 01 05 4C 00 00 00 00 F7
2026-10-06 04:54:41.467  RX  F0 52 00 6E 64 20 01 00 02 18 00 00 00 00 F7
2026-10-06 04:54:41.502  TX  F0 52 00 6E 64 20 00 01 05 64 00 00 00 00 F7  (set_param)
2026-10-06 04:54:41.513  TX  F0 52 00 6E 64 20 00 00 02 00 00 00 00 00 F7  (set_param)
2026-10-06 04:54:41.536  RX  F0 52 00 6E 64 20 01 01 05 64 00 00 00 00 F7
2026-10-06 04:54:41.538  RX  F0 52 00 6E 64 20 01 00 02 00 00 00 00 00 F7
2026-10-06 04:54:42.168  --  54 gesendet, 54 bestätigt, 0 ohne Ack, Latenz CC→Ack Median 13.3 ms / Max 36.7 ms
2026-10-06 04:54:43.518  TX  F0 52 00 6E 64 20 00 01 05 5E 00 00 00 00 F7  (set_param)
2026-10-06 04:54:43.529  TX  F0 52 00 6E 64 20 00 00 02 06 00 00 00 00 F7  (set_param)
2026-10-06 04:54:43.537  RX  F0 52 00 6E 64 20 01 01 05 5E 00 00 00 00 F7
2026-10-06 04:54:43.539  RX  F0 52 00 6E 64 20 01 00 02 06 00 00 00 00 F7
2026-10-06 04:54:43.579  TX  F0 52 00 6E 64 20 00 01 05 58 00 00 00 00 F7  (set_param)
2026-10-06 04:54:43.590  TX  F0 52 00 6E 64 20 00 00 02 0C 00 00 00 00 F7  (set_param)
2026-10-06 04:54:43.593  RX  F0 52 00 6E 64 20 01 01 05 58 00 00 00 00 F7
2026-10-06 04:54:43.595  RX  F0 52 00 6E 64 20 01 00 02 0C 00 00 00 00 F7
2026-10-06 04:54:43.639  TX  F0 52 00 6E 64 20 00 01 05 4C 00 00 00 00 F7  (set_param)
2026-10-06 04:54:43.650  TX  F0 52 00 6E 64 20 00 00 02 18 00 00 00 00 F7  (set_param)
2026-10-06 04:54:43.651  RX  F0 52 00 6E 64 20 01 01 05 4C 00 00 00 00 F7
2026-10-06 04:54:43.658  RX  F0 52 00 6E 64 20 01 00 02 18 00 00 00 00 F7
2026-10-06 04:54:43.698  TX  F0 52 00 6E 64 20 00 01 05 3D 00 00 00 00 F7  (set_param)
2026-10-06 04:54:43.709  TX  F0 52 00 6E 64 20 00 00 02 27 00 00 00 00 F7  (set_param)
2026-10-06 04:54:43.711  RX  F0 52 00 6E 64 20 01 01 05 3D 00 00 00 00 F7
2026-10-06 04:54:43.716  RX  F0 52 00 6E 64 20 01 00 02 27 00 00 00 00 F7
2026-10-06 04:54:43.758  TX  F0 52 00 6E 64 20 00 01 05 2E 00 00 00 00 F7  (set_param)
2026-10-06 04:54:43.769  TX  F0 52 00 6E 64 20 00 00 02 36 00 00 00 00 F7  (set_param)
2026-10-06 04:54:43.771  RX  F0 52 00 6E 64 20 01 01 05 2E 00 00 00 00 F7
2026-10-06 04:54:43.776  RX  F0 52 00 6E 64 20 01 00 02 36 00 00 00 00 F7
2026-10-06 04:54:43.819  TX  F0 52 00 6E 64 20 00 01 05 20 00 00 00 00 F7  (set_param)
2026-10-06 04:54:43.828  RX  F0 52 00 6E 64 20 01 01 05 20 00 00 00 00 F7
2026-10-06 04:54:43.830  TX  F0 52 00 6E 64 20 00 00 02 44 00 00 00 00 F7  (set_param)
2026-10-06 04:54:43.838  RX  F0 52 00 6E 64 20 01 00 02 44 00 00 00 00 F7
2026-10-06 04:54:43.878  TX  F0 52 00 6E 64 20 00 01 05 14 00 00 00 00 F7  (set_param)
2026-10-06 04:54:43.886  RX  F0 52 00 6E 64 20 01 01 05 14 00 00 00 00 F7
2026-10-06 04:54:43.889  TX  F0 52 00 6E 64 20 00 00 02 50 00 00 00 00 F7  (set_param)
2026-10-06 04:54:43.898  RX  F0 52 00 6E 64 20 01 00 02 50 00 00 00 00 F7
2026-10-06 04:54:43.939  TX  F0 52 00 6E 64 20 00 01 05 07 00 00 00 00 F7  (set_param)
2026-10-06 04:54:43.946  RX  F0 52 00 6E 64 20 01 01 05 07 00 00 00 00 F7
2026-10-06 04:54:43.949  TX  F0 52 00 6E 64 20 00 00 02 5D 00 00 00 00 F7  (set_param)
2026-10-06 04:54:43.957  RX  F0 52 00 6E 64 20 01 00 02 5D 00 00 00 00 F7
2026-10-06 04:54:43.998  TX  F0 52 00 6E 64 20 00 01 05 00 00 00 00 00 F7  (set_param)
2026-10-06 04:54:44.002  RX  F0 52 00 6E 64 20 01 01 05 00 00 00 00 00 F7
2026-10-06 04:54:44.009  TX  F0 52 00 6E 64 20 00 00 02 64 00 00 00 00 F7  (set_param)
2026-10-06 04:54:44.017  RX  F0 52 00 6E 64 20 01 00 02 64 00 00 00 00 F7
2026-10-06 04:54:47.169  --  18 gesendet, 18 bestätigt, 0 ohne Ack, Latenz CC→Ack Median 16.8 ms / Max 21.4 ms
2026-10-06 04:54:48.190  TX  F0 52 00 6E 64 20 00 01 05 06 00 00 00 00 F7  (set_param)
2026-10-06 04:54:48.196  RX  F0 52 00 6E 64 20 01 01 05 06 00 00 00 00 F7
2026-10-06 04:54:48.201  TX  F0 52 00 6E 64 20 00 00 02 5E 00 00 00 00 F7  (set_param)
2026-10-06 04:54:48.209  RX  F0 52 00 6E 64 20 01 00 02 5E 00 00 00 00 F7
2026-10-06 04:54:48.251  TX  F0 52 00 6E 64 20 00 01 05 0D 00 00 00 00 F7  (set_param)
2026-10-06 04:54:48.256  RX  F0 52 00 6E 64 20 01 01 05 0D 00 00 00 00 F7
2026-10-06 04:54:48.262  TX  F0 52 00 6E 64 20 00 00 02 57 00 00 00 00 F7  (set_param)
2026-10-06 04:54:48.270  RX  F0 52 00 6E 64 20 01 00 02 57 00 00 00 00 F7
2026-10-06 04:54:48.309  TX  F0 52 00 6E 64 20 00 01 05 13 00 00 00 00 F7  (set_param)
2026-10-06 04:54:48.314  RX  F0 52 00 6E 64 20 01 01 05 13 00 00 00 00 F7
2026-10-06 04:54:48.320  TX  F0 52 00 6E 64 20 00 00 02 51 00 00 00 00 F7  (set_param)
2026-10-06 04:54:48.327  RX  F0 52 00 6E 64 20 01 00 02 51 00 00 00 00 F7
2026-10-06 04:54:48.375  TX  F0 52 00 6E 64 20 00 01 05 19 00 00 00 00 F7  (set_param)
2026-10-06 04:54:48.380  RX  F0 52 00 6E 64 20 01 01 05 19 00 00 00 00 F7
2026-10-06 04:54:48.385  TX  F0 52 00 6E 64 20 00 00 02 4B 00 00 00 00 F7  (set_param)
2026-10-06 04:54:48.393  RX  F0 52 00 6E 64 20 01 00 02 4B 00 00 00 00 F7
2026-10-06 04:54:48.434  TX  F0 52 00 6E 64 20 00 01 05 1E 00 00 00 00 F7  (set_param)
2026-10-06 04:54:48.441  RX  F0 52 00 6E 64 20 01 01 05 1E 00 00 00 00 F7
2026-10-06 04:54:48.445  TX  F0 52 00 6E 64 20 00 00 02 46 00 00 00 00 F7  (set_param)
2026-10-06 04:54:48.453  RX  F0 52 00 6E 64 20 01 00 02 46 00 00 00 00 F7
2026-10-06 04:54:48.495  TX  F0 52 00 6E 64 20 00 01 05 23 00 00 00 00 F7  (set_param)
2026-10-06 04:54:48.501  RX  F0 52 00 6E 64 20 01 01 05 23 00 00 00 00 F7
2026-10-06 04:54:48.506  TX  F0 52 00 6E 64 20 00 00 02 41 00 00 00 00 F7  (set_param)
2026-10-06 04:54:48.514  RX  F0 52 00 6E 64 20 01 00 02 41 00 00 00 00 F7
2026-10-06 04:54:48.555  TX  F0 52 00 6E 64 20 00 01 05 28 00 00 00 00 F7  (set_param)
2026-10-06 04:54:48.562  RX  F0 52 00 6E 64 20 01 01 05 28 00 00 00 00 F7
2026-10-06 04:54:48.566  TX  F0 52 00 6E 64 20 00 00 02 3C 00 00 00 00 F7  (set_param)
2026-10-06 04:54:48.574  RX  F0 52 00 6E 64 20 01 00 02 3C 00 00 00 00 F7
2026-10-06 04:54:48.611  TX  F0 52 00 6E 64 20 00 01 05 2E 00 00 00 00 F7  (set_param)
2026-10-06 04:54:48.618  RX  F0 52 00 6E 64 20 01 01 05 2E 00 00 00 00 F7
2026-10-06 04:54:48.621  TX  F0 52 00 6E 64 20 00 00 02 36 00 00 00 00 F7  (set_param)
2026-10-06 04:54:48.629  RX  F0 52 00 6E 64 20 01 00 02 36 00 00 00 00 F7
2026-10-06 04:54:48.670  TX  F0 52 00 6E 64 20 00 01 05 34 00 00 00 00 F7  (set_param)
2026-10-06 04:54:48.678  RX  F0 52 00 6E 64 20 01 01 05 34 00 00 00 00 F7
2026-10-06 04:54:48.681  TX  F0 52 00 6E 64 20 00 00 02 30 00 00 00 00 F7  (set_param)
2026-10-06 04:54:48.688  RX  F0 52 00 6E 64 20 01 00 02 30 00 00 00 00 F7
2026-10-06 04:54:48.735  TX  F0 52 00 6E 64 20 00 01 05 3A 00 00 00 00 F7  (set_param)
2026-10-06 04:54:48.743  RX  F0 52 00 6E 64 20 01 01 05 3A 00 00 00 00 F7
2026-10-06 04:54:48.746  TX  F0 52 00 6E 64 20 00 00 02 2A 00 00 00 00 F7  (set_param)
2026-10-06 04:54:48.754  RX  F0 52 00 6E 64 20 01 00 02 2A 00 00 00 00 F7
2026-10-06 04:54:48.794  TX  F0 52 00 6E 64 20 00 01 05 41 00 00 00 00 F7  (set_param)
2026-10-06 04:54:48.803  RX  F0 52 00 6E 64 20 01 01 05 41 00 00 00 00 F7
2026-10-06 04:54:48.805  TX  F0 52 00 6E 64 20 00 00 02 23 00 00 00 00 F7  (set_param)
2026-10-06 04:54:48.812  RX  F0 52 00 6E 64 20 01 00 02 23 00 00 00 00 F7
2026-10-06 04:54:48.841  TX  F0 52 00 6E 64 20 00 01 05 45 00 00 00 00 F7  (set_param)
2026-10-06 04:54:48.847  RX  F0 52 00 6E 64 20 01 01 05 45 00 00 00 00 F7
2026-10-06 04:54:48.851  TX  F0 52 00 6E 64 20 00 00 02 1F 00 00 00 00 F7  (set_param)
2026-10-06 04:54:48.855  RX  F0 52 00 6E 64 20 01 00 02 1F 00 00 00 00 F7
2026-10-06 04:54:48.880  TX  F0 52 00 6E 64 20 00 01 05 49 00 00 00 00 F7  (set_param)
2026-10-06 04:54:48.888  RX  F0 52 00 6E 64 20 01 01 05 49 00 00 00 00 F7
2026-10-06 04:54:48.891  TX  F0 52 00 6E 64 20 00 00 02 1B 00 00 00 00 F7  (set_param)
2026-10-06 04:54:48.899  RX  F0 52 00 6E 64 20 01 00 02 1B 00 00 00 00 F7
2026-10-06 04:54:48.925  TX  F0 52 00 6E 64 20 00 01 05 4D 00 00 00 00 F7  (set_param)
2026-10-06 04:54:48.931  RX  F0 52 00 6E 64 20 01 01 05 4D 00 00 00 00 F7
2026-10-06 04:54:48.934  TX  F0 52 00 6E 64 20 00 00 02 17 00 00 00 00 F7  (set_param)
2026-10-06 04:54:48.941  RX  F0 52 00 6E 64 20 01 00 02 17 00 00 00 00 F7
2026-10-06 04:54:48.969  TX  F0 52 00 6E 64 20 00 01 05 50 00 00 00 00 F7  (set_param)
2026-10-06 04:54:48.974  RX  F0 52 00 6E 64 20 01 01 05 50 00 00 00 00 F7
2026-10-06 04:54:48.980  TX  F0 52 00 6E 64 20 00 00 02 14 00 00 00 00 F7  (set_param)
2026-10-06 04:54:48.984  RX  F0 52 00 6E 64 20 01 00 02 14 00 00 00 00 F7
2026-10-06 04:54:49.017  TX  F0 52 00 6E 64 20 00 01 05 54 00 00 00 00 F7  (set_param)
2026-10-06 04:54:49.022  RX  F0 52 00 6E 64 20 01 01 05 54 00 00 00 00 F7
2026-10-06 04:54:49.028  TX  F0 52 00 6E 64 20 00 00 02 10 00 00 00 00 F7  (set_param)
2026-10-06 04:54:49.030  RX  F0 52 00 6E 64 20 01 00 02 10 00 00 00 00 F7
2026-10-06 04:54:49.061  TX  F0 52 00 6E 64 20 00 01 05 57 00 00 00 00 F7  (set_param)
2026-10-06 04:54:49.066  RX  F0 52 00 6E 64 20 01 01 05 57 00 00 00 00 F7
2026-10-06 04:54:49.072  TX  F0 52 00 6E 64 20 00 00 02 0D 00 00 00 00 F7  (set_param)
2026-10-06 04:54:49.074  RX  F0 52 00 6E 64 20 01 00 02 0D 00 00 00 00 F7
2026-10-06 04:54:49.105  TX  F0 52 00 6E 64 20 00 01 05 5A 00 00 00 00 F7  (set_param)
2026-10-06 04:54:49.112  RX  F0 52 00 6E 64 20 01 01 05 5A 00 00 00 00 F7
2026-10-06 04:54:49.115  TX  F0 52 00 6E 64 20 00 00 02 0A 00 00 00 00 F7  (set_param)
2026-10-06 04:54:49.129  RX  F0 52 00 6E 64 20 01 00 02 0A 00 00 00 00 F7
2026-10-06 04:54:49.152  TX  F0 52 00 6E 64 20 00 01 05 5D 00 00 00 00 F7  (set_param)
2026-10-06 04:54:49.161  RX  F0 52 00 6E 64 20 01 01 05 5D 00 00 00 00 F7
2026-10-06 04:54:49.163  TX  F0 52 00 6E 64 20 00 00 02 07 00 00 00 00 F7  (set_param)
2026-10-06 04:54:49.178  RX  F0 52 00 6E 64 20 01 00 02 07 00 00 00 00 F7
2026-10-06 04:54:49.197  TX  F0 52 00 6E 64 20 00 01 05 5F 00 00 00 00 F7  (set_param)
2026-10-06 04:54:49.204  RX  F0 52 00 6E 64 20 01 01 05 5F 00 00 00 00 F7
2026-10-06 04:54:49.208  TX  F0 52 00 6E 64 20 00 00 02 05 00 00 00 00 F7  (set_param)
2026-10-06 04:54:49.222  RX  F0 52 00 6E 64 20 01 00 02 05 00 00 00 00 F7
2026-10-06 04:54:49.245  TX  F0 52 00 6E 64 20 00 01 05 62 00 00 00 00 F7  (set_param)
2026-10-06 04:54:49.255  RX  F0 52 00 6E 64 20 01 01 05 62 00 00 00 00 F7
2026-10-06 04:54:49.256  TX  F0 52 00 6E 64 20 00 00 02 02 00 00 00 00 F7  (set_param)
2026-10-06 04:54:49.272  RX  F0 52 00 6E 64 20 01 00 02 02 00 00 00 00 F7
2026-10-06 04:54:49.292  TX  F0 52 00 6E 64 20 00 01 05 64 00 00 00 00 F7  (set_param)
2026-10-06 04:54:49.301  RX  F0 52 00 6E 64 20 01 01 05 64 00 00 00 00 F7
2026-10-06 04:54:49.304  TX  F0 52 00 6E 64 20 00 00 02 00 00 00 00 00 F7  (set_param)
2026-10-06 04:54:49.317  RX  F0 52 00 6E 64 20 01 00 02 00 00 00 00 00 F7
2026-10-06 04:54:52.170  --  44 gesendet, 44 bestätigt, 0 ohne Ack, Latenz CC→Ack Median 11.8 ms / Max 27.1 ms
2026-10-06 04:59:24.557  TX  F0 52 00 6E 64 20 00 01 05 5B 00 00 00 00 F7  (set_param)
2026-10-06 04:59:24.567  TX  F0 52 00 6E 64 20 00 00 02 09 00 00 00 00 F7  (set_param)
2026-10-06 04:59:24.584  RX  F0 52 00 6E 64 20 01 01 05 5B 00 00 00 00 F7
2026-10-06 04:59:24.585  RX  F0 52 00 6E 64 20 01 00 02 09 00 00 00 00 F7
2026-10-06 04:59:24.617  TX  F0 52 00 6E 64 20 00 01 05 4C 00 00 00 00 F7  (set_param)
2026-10-06 04:59:24.628  TX  F0 52 00 6E 64 20 00 00 02 18 00 00 00 00 F7  (set_param)
2026-10-06 04:59:24.632  RX  F0 52 00 6E 64 20 01 01 05 4C 00 00 00 00 F7
2026-10-06 04:59:24.633  RX  F0 52 00 6E 64 20 01 00 02 18 00 00 00 00 F7
2026-10-06 04:59:24.678  TX  F0 52 00 6E 64 20 00 01 05 39 00 00 00 00 F7  (set_param)
2026-10-06 04:59:24.689  TX  F0 52 00 6E 64 20 00 00 02 2B 00 00 00 00 F7  (set_param)
2026-10-06 04:59:24.693  RX  F0 52 00 6E 64 20 01 01 05 39 00 00 00 00 F7
2026-10-06 04:59:24.693  RX  F0 52 00 6E 64 20 01 00 02 2B 00 00 00 00 F7
2026-10-06 04:59:24.737  TX  F0 52 00 6E 64 20 00 01 05 23 00 00 00 00 F7  (set_param)
2026-10-06 04:59:24.748  TX  F0 52 00 6E 64 20 00 00 02 41 00 00 00 00 F7  (set_param)
2026-10-06 04:59:24.749  RX  F0 52 00 6E 64 20 01 01 05 23 00 00 00 00 F7
2026-10-06 04:59:24.756  RX  F0 52 00 6E 64 20 01 00 02 41 00 00 00 00 F7
2026-10-06 04:59:24.797  TX  F0 52 00 6E 64 20 00 01 05 0F 00 00 00 00 F7  (set_param)
2026-10-06 04:59:24.807  RX  F0 52 00 6E 64 20 01 01 05 0F 00 00 00 00 F7
2026-10-06 04:59:24.809  TX  F0 52 00 6E 64 20 00 00 02 55 00 00 00 00 F7  (set_param)
2026-10-06 04:59:24.815  RX  F0 52 00 6E 64 20 01 00 02 55 00 00 00 00 F7
2026-10-06 04:59:24.858  TX  F0 52 00 6E 64 20 00 01 05 00 00 00 00 00 F7  (set_param)
2026-10-06 04:59:24.863  RX  F0 52 00 6E 64 20 01 01 05 00 00 00 00 00 F7
2026-10-06 04:59:24.869  TX  F0 52 00 6E 64 20 00 00 02 64 00 00 00 00 F7  (set_param)
2026-10-06 04:59:24.876  RX  F0 52 00 6E 64 20 01 00 02 64 00 00 00 00 F7
2026-10-06 04:59:27.211  --  12 gesendet, 12 bestätigt, 0 ohne Ack, Latenz CC→Ack Median 15.6 ms / Max 27.9 ms
2026-10-06 04:59:46.059  TX  F0 52 00 6E 64 20 00 01 05 56 00 00 00 00 F7  (set_param)
2026-10-06 04:59:46.069  TX  F0 52 00 6E 64 20 00 00 02 48 00 00 00 00 F7  (set_param)
2026-10-06 04:59:46.092  RX  F0 52 00 6E 64 20 01 01 05 56 00 00 00 00 F7
2026-10-06 04:59:46.095  RX  F0 52 00 6E 64 20 01 00 02 48 00 00 00 00 F7
2026-10-06 04:59:46.119  TX  F0 52 00 6E 64 20 00 01 05 5B 00 00 00 00 F7  (set_param)
2026-10-06 04:59:46.130  RX  F0 52 00 6E 64 20 01 01 05 5B 00 00 00 00 F7
2026-10-06 04:59:46.130  TX  F0 52 00 6E 64 20 00 00 02 2E 00 00 00 00 F7  (set_param)
2026-10-06 04:59:46.139  RX  F0 52 00 6E 64 20 01 00 02 2E 00 00 00 00 F7
2026-10-06 04:59:46.180  TX  F0 52 00 6E 64 20 00 01 05 5E 00 00 00 00 F7  (set_param)
2026-10-06 04:59:46.190  RX  F0 52 00 6E 64 20 01 01 05 5E 00 00 00 00 F7
2026-10-06 04:59:46.190  TX  F0 52 00 6E 64 20 00 00 02 1C 00 00 00 00 F7  (set_param)
2026-10-06 04:59:46.198  RX  F0 52 00 6E 64 20 01 00 02 1C 00 00 00 00 F7
2026-10-06 04:59:46.239  TX  F0 52 00 6E 64 20 00 01 05 60 00 00 00 00 F7  (set_param)
2026-10-06 04:59:46.247  RX  F0 52 00 6E 64 20 01 01 05 60 00 00 00 00 F7
2026-10-06 04:59:46.250  TX  F0 52 00 6E 64 20 00 00 02 15 00 00 00 00 F7  (set_param)
2026-10-06 04:59:46.257  RX  F0 52 00 6E 64 20 01 00 02 15 00 00 00 00 F7
2026-10-06 04:59:46.300  TX  F0 52 00 6E 64 20 00 01 05 61 00 00 00 00 F7  (set_param)
2026-10-06 04:59:46.308  RX  F0 52 00 6E 64 20 01 01 05 61 00 00 00 00 F7
2026-10-06 04:59:46.311  TX  F0 52 00 6E 64 20 00 00 02 11 00 00 00 00 F7  (set_param)
2026-10-06 04:59:46.318  RX  F0 52 00 6E 64 20 01 00 02 11 00 00 00 00 F7
2026-10-06 04:59:46.359  TX  F0 52 00 6E 64 20 00 00 02 0D 00 00 00 00 F7  (set_param)
2026-10-06 04:59:46.363  RX  F0 52 00 6E 64 20 01 00 02 0D 00 00 00 00 F7
2026-10-06 04:59:46.419  TX  F0 52 00 6E 64 20 00 01 05 62 00 00 00 00 F7  (set_param)
2026-10-06 04:59:46.427  RX  F0 52 00 6E 64 20 01 01 05 62 00 00 00 00 F7
2026-10-06 04:59:46.429  TX  F0 52 00 6E 64 20 00 00 02 0A 00 00 00 00 F7  (set_param)
2026-10-06 04:59:46.437  RX  F0 52 00 6E 64 20 01 00 02 0A 00 00 00 00 F7
2026-10-06 04:59:46.486  TX  F0 52 00 6E 64 20 00 01 05 63 00 00 00 00 F7  (set_param)
2026-10-06 04:59:46.495  RX  F0 52 00 6E 64 20 01 01 05 63 00 00 00 00 F7
2026-10-06 04:59:46.496  TX  F0 52 00 6E 64 20 00 00 02 05 00 00 00 00 F7  (set_param)
2026-10-06 04:59:46.505  RX  F0 52 00 6E 64 20 01 00 02 05 00 00 00 00 F7
2026-10-06 04:59:46.551  TX  F0 52 00 6E 64 20 00 01 05 64 00 00 00 00 F7  (set_param)
2026-10-06 04:59:46.559  RX  F0 52 00 6E 64 20 01 01 05 64 00 00 00 00 F7
2026-10-06 04:59:46.562  TX  F0 52 00 6E 64 20 00 00 02 00 00 00 00 00 F7  (set_param)
2026-10-06 04:59:46.570  RX  F0 52 00 6E 64 20 01 00 02 00 00 00 00 00 F7
2026-10-06 04:59:47.213  --  17 gesendet, 17 bestätigt, 0 ohne Ack, Latenz CC→Ack Median 17.6 ms / Max 35.6 ms
2026-10-06 04:59:47.319  TX  F0 52 00 6E 64 20 00 01 05 63 00 00 00 00 F7  (set_param)
2026-10-06 04:59:47.327  RX  F0 52 00 6E 64 20 01 01 05 63 00 00 00 00 F7
2026-10-06 04:59:47.330  TX  F0 52 00 6E 64 20 00 00 02 06 00 00 00 00 F7  (set_param)
2026-10-06 04:59:47.338  RX  F0 52 00 6E 64 20 01 00 02 06 00 00 00 00 F7
2026-10-06 04:59:47.379  TX  F0 52 00 6E 64 20 00 01 05 61 00 00 00 00 F7  (set_param)
2026-10-06 04:59:47.389  RX  F0 52 00 6E 64 20 01 01 05 61 00 00 00 00 F7
2026-10-06 04:59:47.389  TX  F0 52 00 6E 64 20 00 00 02 10 00 00 00 00 F7  (set_param)
2026-10-06 04:59:47.397  RX  F0 52 00 6E 64 20 01 00 02 10 00 00 00 00 F7
2026-10-06 04:59:47.440  TX  F0 52 00 6E 64 20 00 01 05 5F 00 00 00 00 F7  (set_param)
2026-10-06 04:59:47.450  RX  F0 52 00 6E 64 20 01 01 05 5F 00 00 00 00 F7
2026-10-06 04:59:47.450  TX  F0 52 00 6E 64 20 00 00 02 18 00 00 00 00 F7  (set_param)
2026-10-06 04:59:47.458  RX  F0 52 00 6E 64 20 01 00 02 18 00 00 00 00 F7
2026-10-06 04:59:47.499  TX  F0 52 00 6E 64 20 00 01 05 5E 00 00 00 00 F7  (set_param)
2026-10-06 04:59:47.506  RX  F0 52 00 6E 64 20 01 01 05 5E 00 00 00 00 F7
2026-10-06 04:59:47.510  TX  F0 52 00 6E 64 20 00 00 02 1C 00 00 00 00 F7  (set_param)
2026-10-06 04:59:47.517  RX  F0 52 00 6E 64 20 01 00 02 1C 00 00 00 00 F7
2026-10-06 04:59:47.559  TX  F0 52 00 6E 64 20 00 01 05 5D 00 00 00 00 F7  (set_param)
2026-10-06 04:59:47.566  RX  F0 52 00 6E 64 20 01 01 05 5D 00 00 00 00 F7
2026-10-06 04:59:47.570  TX  F0 52 00 6E 64 20 00 00 02 21 00 00 00 00 F7  (set_param)
2026-10-06 04:59:47.577  RX  F0 52 00 6E 64 20 01 00 02 21 00 00 00 00 F7
2026-10-06 04:59:47.620  TX  F0 52 00 6E 64 20 00 01 05 5B 00 00 00 00 F7  (set_param)
2026-10-06 04:59:47.628  RX  F0 52 00 6E 64 20 01 01 05 5B 00 00 00 00 F7
2026-10-06 04:59:47.631  TX  F0 52 00 6E 64 20 00 00 02 2B 00 00 00 00 F7  (set_param)
2026-10-06 04:59:47.638  RX  F0 52 00 6E 64 20 01 00 02 2B 00 00 00 00 F7
2026-10-06 04:59:47.679  TX  F0 52 00 6E 64 20 00 01 05 59 00 00 00 00 F7  (set_param)
2026-10-06 04:59:47.687  RX  F0 52 00 6E 64 20 01 01 05 59 00 00 00 00 F7
2026-10-06 04:59:47.689  TX  F0 52 00 6E 64 20 00 00 02 38 00 00 00 00 F7  (set_param)
2026-10-06 04:59:47.697  RX  F0 52 00 6E 64 20 01 00 02 38 00 00 00 00 F7
2026-10-06 04:59:47.739  TX  F0 52 00 6E 64 20 00 01 05 57 00 00 00 00 F7  (set_param)
2026-10-06 04:59:47.746  RX  F0 52 00 6E 64 20 01 01 05 57 00 00 00 00 F7
2026-10-06 04:59:47.751  TX  F0 52 00 6E 64 20 00 00 02 41 00 00 00 00 F7  (set_param)
2026-10-06 04:59:47.758  RX  F0 52 00 6E 64 20 01 00 02 41 00 00 00 00 F7
2026-10-06 04:59:47.800  TX  F0 52 00 6E 64 20 00 01 05 56 00 00 00 00 F7  (set_param)
2026-10-06 04:59:47.806  RX  F0 52 00 6E 64 20 01 01 05 56 00 00 00 00 F7
2026-10-06 04:59:47.810  TX  F0 52 00 6E 64 20 00 00 02 47 00 00 00 00 F7  (set_param)
2026-10-06 04:59:47.818  RX  F0 52 00 6E 64 20 01 00 02 47 00 00 00 00 F7
2026-10-06 04:59:47.859  TX  F0 52 00 6E 64 20 00 01 05 55 00 00 00 00 F7  (set_param)
2026-10-06 04:59:47.865  RX  F0 52 00 6E 64 20 01 01 05 55 00 00 00 00 F7
2026-10-06 04:59:47.869  TX  F0 52 00 6E 64 20 00 00 02 4D 00 00 00 00 F7  (set_param)
2026-10-06 04:59:47.878  RX  F0 52 00 6E 64 20 01 00 02 4D 00 00 00 00 F7
2026-10-06 04:59:47.919  TX  F0 52 00 6E 64 20 00 01 05 53 00 00 00 00 F7  (set_param)
2026-10-06 04:59:47.925  RX  F0 52 00 6E 64 20 01 01 05 53 00 00 00 00 F7
2026-10-06 04:59:47.929  TX  F0 52 00 6E 64 20 00 00 02 54 00 00 00 00 F7  (set_param)
2026-10-06 04:59:47.937  RX  F0 52 00 6E 64 20 01 00 02 54 00 00 00 00 F7
2026-10-06 04:59:47.979  TX  F0 52 00 6E 64 20 00 01 05 52 00 00 00 00 F7  (set_param)
2026-10-06 04:59:47.985  RX  F0 52 00 6E 64 20 01 01 05 52 00 00 00 00 F7
2026-10-06 04:59:47.990  TX  F0 52 00 6E 64 20 00 00 02 5C 00 00 00 00 F7  (set_param)
2026-10-06 04:59:47.998  RX  F0 52 00 6E 64 20 01 00 02 5C 00 00 00 00 F7
2026-10-06 04:59:48.040  TX  F0 52 00 6E 64 20 00 01 05 51 00 00 00 00 F7  (set_param)
2026-10-06 04:59:48.045  RX  F0 52 00 6E 64 20 01 01 05 51 00 00 00 00 F7
2026-10-06 04:59:48.051  TX  F0 52 00 6E 64 20 00 00 02 61 00 00 00 00 F7  (set_param)
2026-10-06 04:59:48.058  RX  F0 52 00 6E 64 20 01 00 02 61 00 00 00 00 F7
2026-10-06 04:59:48.105  TX  F0 52 00 6E 64 20 00 01 05 50 00 00 00 00 F7  (set_param)
2026-10-06 04:59:48.112  RX  F0 52 00 6E 64 20 01 01 05 50 00 00 00 00 F7
2026-10-06 04:59:48.116  TX  F0 52 00 6E 64 20 00 00 02 64 00 00 00 00 F7  (set_param)
2026-10-06 04:59:48.124  RX  F0 52 00 6E 64 20 01 00 02 64 00 00 00 00 F7
2026-10-06 04:59:50.793  TX  F0 52 00 6E 64 20 00 01 05 52 00 00 00 00 F7  (set_param)
2026-10-06 04:59:50.799  RX  F0 52 00 6E 64 20 01 01 05 52 00 00 00 00 F7
2026-10-06 04:59:50.803  TX  F0 52 00 6E 64 20 00 00 02 58 00 00 00 00 F7  (set_param)
2026-10-06 04:59:50.812  RX  F0 52 00 6E 64 20 01 00 02 58 00 00 00 00 F7
2026-10-06 04:59:50.854  TX  F0 52 00 6E 64 20 00 01 05 55 00 00 00 00 F7  (set_param)
2026-10-06 04:59:50.860  RX  F0 52 00 6E 64 20 01 01 05 55 00 00 00 00 F7
2026-10-06 04:59:50.864  TX  F0 52 00 6E 64 20 00 00 02 4C 00 00 00 00 F7  (set_param)
2026-10-06 04:59:50.872  RX  F0 52 00 6E 64 20 01 00 02 4C 00 00 00 00 F7
2026-10-06 04:59:50.913  TX  F0 52 00 6E 64 20 00 01 05 57 00 00 00 00 F7  (set_param)
2026-10-06 04:59:50.919  RX  F0 52 00 6E 64 20 01 01 05 57 00 00 00 00 F7
2026-10-06 04:59:50.924  TX  F0 52 00 6E 64 20 00 00 02 40 00 00 00 00 F7  (set_param)
2026-10-06 04:59:50.932  RX  F0 52 00 6E 64 20 01 00 02 40 00 00 00 00 F7
2026-10-06 04:59:50.973  TX  F0 52 00 6E 64 20 00 01 05 5A 00 00 00 00 F7  (set_param)
2026-10-06 04:59:50.981  RX  F0 52 00 6E 64 20 01 01 05 5A 00 00 00 00 F7
2026-10-06 04:59:50.985  TX  F0 52 00 6E 64 20 00 00 02 33 00 00 00 00 F7  (set_param)
2026-10-06 04:59:50.992  RX  F0 52 00 6E 64 20 01 00 02 33 00 00 00 00 F7
2026-10-06 04:59:51.034  TX  F0 52 00 6E 64 20 00 01 05 5C 00 00 00 00 F7  (set_param)
2026-10-06 04:59:51.043  RX  F0 52 00 6E 64 20 01 01 05 5C 00 00 00 00 F7
2026-10-06 04:59:51.045  TX  F0 52 00 6E 64 20 00 00 02 27 00 00 00 00 F7  (set_param)
2026-10-06 04:59:51.052  RX  F0 52 00 6E 64 20 01 00 02 27 00 00 00 00 F7
2026-10-06 04:59:51.093  TX  F0 52 00 6E 64 20 00 01 05 5F 00 00 00 00 F7  (set_param)
2026-10-06 04:59:51.104  RX  F0 52 00 6E 64 20 01 01 05 5F 00 00 00 00 F7
2026-10-06 04:59:51.104  TX  F0 52 00 6E 64 20 00 00 02 1A 00 00 00 00 F7  (set_param)
2026-10-06 04:59:51.112  RX  F0 52 00 6E 64 20 01 00 02 1A 00 00 00 00 F7
2026-10-06 04:59:51.154  TX  F0 52 00 6E 64 20 00 01 05 61 00 00 00 00 F7  (set_param)
2026-10-06 04:59:51.163  RX  F0 52 00 6E 64 20 01 01 05 61 00 00 00 00 F7
2026-10-06 04:59:51.164  TX  F0 52 00 6E 64 20 00 00 02 0F 00 00 00 00 F7  (set_param)
2026-10-06 04:59:51.172  RX  F0 52 00 6E 64 20 01 00 02 0F 00 00 00 00 F7
2026-10-06 04:59:51.213  TX  F0 52 00 6E 64 20 00 01 05 63 00 00 00 00 F7  (set_param)
2026-10-06 04:59:51.223  RX  F0 52 00 6E 64 20 01 01 05 63 00 00 00 00 F7
2026-10-06 04:59:51.224  TX  F0 52 00 6E 64 20 00 00 02 06 00 00 00 00 F7  (set_param)
2026-10-06 04:59:51.232  RX  F0 52 00 6E 64 20 01 00 02 06 00 00 00 00 F7
2026-10-06 04:59:51.273  TX  F0 52 00 6E 64 20 00 01 05 64 00 00 00 00 F7  (set_param)
2026-10-06 04:59:51.280  RX  F0 52 00 6E 64 20 01 01 05 64 00 00 00 00 F7
2026-10-06 04:59:51.283  TX  F0 52 00 6E 64 20 00 00 02 00 00 00 00 00 F7  (set_param)
2026-10-06 04:59:51.292  RX  F0 52 00 6E 64 20 01 00 02 00 00 00 00 00 F7
2026-10-06 04:59:52.213  --  46 gesendet, 46 bestätigt, 0 ohne Ack, Latenz CC→Ack Median 14.5 ms / Max 19.4 ms
2026-10-06 04:59:54.414  TX  F0 52 00 6E 64 20 00 01 05 62 00 00 00 00 F7  (set_param)
2026-10-06 04:59:54.425  RX  F0 52 00 6E 64 20 01 01 05 62 00 00 00 00 F7
2026-10-06 04:59:54.425  TX  F0 52 00 6E 64 20 00 00 02 0B 00 00 00 00 F7  (set_param)
2026-10-06 04:59:54.433  RX  F0 52 00 6E 64 20 01 00 02 0B 00 00 00 00 F7
2026-10-06 04:59:54.454  TX  F0 52 00 6E 64 20 00 01 05 5E 00 00 00 00 F7  (set_param)
2026-10-06 04:59:54.464  TX  F0 52 00 6E 64 20 00 00 02 1C 00 00 00 00 F7  (set_param)
2026-10-06 04:59:54.466  RX  F0 52 00 6E 64 20 01 01 05 5E 00 00 00 00 F7
2026-10-06 04:59:54.484  RX  F0 52 00 6E 64 20 01 00 02 1C 00 00 00 00 F7
2026-10-06 04:59:54.494  TX  F0 52 00 6E 64 20 00 01 05 5C 00 00 00 00 F7  (set_param)
2026-10-06 04:59:54.503  RX  F0 52 00 6E 64 20 01 01 05 5C 00 00 00 00 F7
2026-10-06 04:59:54.504  TX  F0 52 00 6E 64 20 00 00 02 29 00 00 00 00 F7  (set_param)
2026-10-06 04:59:54.512  RX  F0 52 00 6E 64 20 01 00 02 29 00 00 00 00 F7
2026-10-06 04:59:54.534  TX  F0 52 00 6E 64 20 00 01 05 5A 00 00 00 00 F7  (set_param)
2026-10-06 04:59:54.539  RX  F0 52 00 6E 64 20 01 01 05 5A 00 00 00 00 F7
2026-10-06 04:59:54.545  TX  F0 52 00 6E 64 20 00 00 02 33 00 00 00 00 F7  (set_param)
2026-10-06 04:59:54.558  RX  F0 52 00 6E 64 20 01 00 02 33 00 00 00 00 F7
2026-10-06 04:59:54.574  TX  F0 52 00 6E 64 20 00 01 05 58 00 00 00 00 F7  (set_param)
2026-10-06 04:59:54.580  RX  F0 52 00 6E 64 20 01 01 05 58 00 00 00 00 F7
2026-10-06 04:59:54.585  TX  F0 52 00 6E 64 20 00 00 02 3B 00 00 00 00 F7  (set_param)
2026-10-06 04:59:54.588  RX  F0 52 00 6E 64 20 01 00 02 3B 00 00 00 00 F7
2026-10-06 04:59:54.614  TX  F0 52 00 6E 64 20 00 01 05 56 00 00 00 00 F7  (set_param)
2026-10-06 04:59:54.620  RX  F0 52 00 6E 64 20 01 01 05 56 00 00 00 00 F7
2026-10-06 04:59:54.625  TX  F0 52 00 6E 64 20 00 00 02 47 00 00 00 00 F7  (set_param)
2026-10-06 04:59:54.631  RX  F0 52 00 6E 64 20 01 00 02 47 00 00 00 00 F7
2026-10-06 04:59:54.657  TX  F0 52 00 6E 64 20 00 01 05 53 00 00 00 00 F7  (set_param)
2026-10-06 04:59:54.662  RX  F0 52 00 6E 64 20 01 01 05 53 00 00 00 00 F7
2026-10-06 04:59:54.667  TX  F0 52 00 6E 64 20 00 00 02 57 00 00 00 00 F7  (set_param)
2026-10-06 04:59:54.673  RX  F0 52 00 6E 64 20 01 00 02 57 00 00 00 00 F7
2026-10-06 04:59:54.698  TX  F0 52 00 6E 64 20 00 01 05 50 00 00 00 00 F7  (set_param)
2026-10-06 04:59:54.703  RX  F0 52 00 6E 64 20 01 01 05 50 00 00 00 00 F7
2026-10-06 04:59:54.709  TX  F0 52 00 6E 64 20 00 00 02 64 00 00 00 00 F7  (set_param)
2026-10-06 04:59:54.715  RX  F0 52 00 6E 64 20 01 00 02 64 00 00 00 00 F7
2026-10-06 04:59:57.214  --  16 gesendet, 16 bestätigt, 0 ohne Ack, Latenz CC→Ack Median 12.8 ms / Max 29.4 ms
2026-10-06 05:00:56.695  TX  F0 52 00 6E 64 20 00 01 05 52 00 00 00 00 F7  (set_param)
2026-10-06 05:00:56.702  RX  F0 52 00 6E 64 20 01 01 05 52 00 00 00 00 F7
2026-10-06 05:00:56.706  TX  F0 52 00 6E 64 20 00 00 02 58 00 00 00 00 F7  (set_param)
2026-10-06 05:00:56.714  RX  F0 52 00 6E 64 20 01 00 02 58 00 00 00 00 F7
2026-10-06 05:00:56.734  TX  F0 52 00 6E 64 20 00 01 05 56 00 00 00 00 F7  (set_param)
2026-10-06 05:00:56.740  RX  F0 52 00 6E 64 20 01 01 05 56 00 00 00 00 F7
2026-10-06 05:00:56.744  TX  F0 52 00 6E 64 20 00 00 02 46 00 00 00 00 F7  (set_param)
2026-10-06 05:00:56.748  RX  F0 52 00 6E 64 20 01 00 02 46 00 00 00 00 F7
2026-10-06 05:00:56.775  TX  F0 52 00 6E 64 20 00 01 05 59 00 00 00 00 F7  (set_param)
2026-10-06 05:00:56.781  RX  F0 52 00 6E 64 20 01 01 05 59 00 00 00 00 F7
2026-10-06 05:00:56.786  TX  F0 52 00 6E 64 20 00 00 02 35 00 00 00 00 F7  (set_param)
2026-10-06 05:00:56.789  RX  F0 52 00 6E 64 20 01 00 02 35 00 00 00 00 F7
2026-10-06 05:00:56.815  TX  F0 52 00 6E 64 20 00 01 05 5C 00 00 00 00 F7  (set_param)
2026-10-06 05:00:56.823  RX  F0 52 00 6E 64 20 01 01 05 5C 00 00 00 00 F7
2026-10-06 05:00:56.825  TX  F0 52 00 6E 64 20 00 00 02 27 00 00 00 00 F7  (set_param)
2026-10-06 05:00:56.831  RX  F0 52 00 6E 64 20 01 00 02 27 00 00 00 00 F7
2026-10-06 05:00:56.855  TX  F0 52 00 6E 64 20 00 01 05 5F 00 00 00 00 F7  (set_param)
2026-10-06 05:00:56.862  RX  F0 52 00 6E 64 20 01 01 05 5F 00 00 00 00 F7
2026-10-06 05:00:56.865  TX  F0 52 00 6E 64 20 00 00 02 19 00 00 00 00 F7  (set_param)
2026-10-06 05:00:56.880  RX  F0 52 00 6E 64 20 01 00 02 19 00 00 00 00 F7
2026-10-06 05:00:56.894  TX  F0 52 00 6E 64 20 00 01 05 61 00 00 00 00 F7  (set_param)
2026-10-06 05:00:56.903  RX  F0 52 00 6E 64 20 01 01 05 61 00 00 00 00 F7
2026-10-06 05:00:56.905  TX  F0 52 00 6E 64 20 00 00 02 0D 00 00 00 00 F7  (set_param)
2026-10-06 05:00:56.909  RX  F0 52 00 6E 64 20 01 00 02 0D 00 00 00 00 F7
2026-10-06 05:00:56.934  TX  F0 52 00 6E 64 20 00 01 05 64 00 00 00 00 F7  (set_param)
2026-10-06 05:00:56.946  TX  F0 52 00 6E 64 20 00 00 02 02 00 00 00 00 F7  (set_param)
2026-10-06 05:00:56.948  RX  F0 52 00 6E 64 20 01 01 05 64 00 00 00 00 F7
2026-10-06 05:00:56.953  RX  F0 52 00 6E 64 20 01 00 02 02 00 00 00 00 F7
2026-10-06 05:00:56.975  TX  F0 52 00 6E 64 20 00 00 02 00 00 00 00 00 F7  (set_param)
2026-10-06 05:00:56.978  RX  F0 52 00 6E 64 20 01 00 02 00 00 00 00 00 F7
2026-10-06 05:00:57.222  --  15 gesendet, 15 bestätigt, 0 ohne Ack, Latenz CC→Ack Median 13.1 ms / Max 25.3 ms
2026-10-06 05:00:57.367  TX  F0 52 00 6E 64 20 00 01 05 62 00 00 00 00 F7  (set_param)
2026-10-06 05:00:57.377  TX  F0 52 00 6E 64 20 00 00 02 0A 00 00 00 00 F7  (set_param)
2026-10-06 05:00:57.378  RX  F0 52 00 6E 64 20 01 01 05 62 00 00 00 00 F7
2026-10-06 05:00:57.386  RX  F0 52 00 6E 64 20 01 00 02 0A 00 00 00 00 F7
2026-10-06 05:00:57.407  TX  F0 52 00 6E 64 20 00 01 05 5F 00 00 00 00 F7  (set_param)
2026-10-06 05:00:57.418  RX  F0 52 00 6E 64 20 01 01 05 5F 00 00 00 00 F7
2026-10-06 05:00:57.418  TX  F0 52 00 6E 64 20 00 00 02 18 00 00 00 00 F7  (set_param)
2026-10-06 05:00:57.435  RX  F0 52 00 6E 64 20 01 00 02 18 00 00 00 00 F7
2026-10-06 05:00:57.447  TX  F0 52 00 6E 64 20 00 01 05 5C 00 00 00 00 F7  (set_param)
2026-10-06 05:00:57.456  RX  F0 52 00 6E 64 20 01 01 05 5C 00 00 00 00 F7
2026-10-06 05:00:57.458  TX  F0 52 00 6E 64 20 00 00 02 2A 00 00 00 00 F7  (set_param)
2026-10-06 05:00:57.464  RX  F0 52 00 6E 64 20 01 00 02 2A 00 00 00 00 F7
2026-10-06 05:00:57.486  TX  F0 52 00 6E 64 20 00 01 05 58 00 00 00 00 F7  (set_param)
2026-10-06 05:00:57.494  RX  F0 52 00 6E 64 20 01 01 05 58 00 00 00 00 F7
2026-10-06 05:00:57.497  TX  F0 52 00 6E 64 20 00 00 02 3B 00 00 00 00 F7  (set_param)
2026-10-06 05:00:57.512  RX  F0 52 00 6E 64 20 01 00 02 3B 00 00 00 00 F7
2026-10-06 05:00:57.529  TX  F0 52 00 6E 64 20 00 01 05 55 00 00 00 00 F7  (set_param)
2026-10-06 05:00:57.536  RX  F0 52 00 6E 64 20 01 01 05 55 00 00 00 00 F7
2026-10-06 05:00:57.540  TX  F0 52 00 6E 64 20 00 00 02 4C 00 00 00 00 F7  (set_param)
2026-10-06 05:00:57.544  RX  F0 52 00 6E 64 20 01 00 02 4C 00 00 00 00 F7
2026-10-06 05:00:57.568  TX  F0 52 00 6E 64 20 00 01 05 52 00 00 00 00 F7  (set_param)
2026-10-06 05:00:57.574  RX  F0 52 00 6E 64 20 01 01 05 52 00 00 00 00 F7
2026-10-06 05:00:57.579  TX  F0 52 00 6E 64 20 00 00 02 5B 00 00 00 00 F7  (set_param)
2026-10-06 05:00:57.586  RX  F0 52 00 6E 64 20 01 00 02 5B 00 00 00 00 F7
2026-10-06 05:00:57.609  TX  F0 52 00 6E 64 20 00 01 05 50 00 00 00 00 F7  (set_param)
2026-10-06 05:00:57.612  RX  F0 52 00 6E 64 20 01 01 05 50 00 00 00 00 F7
2026-10-06 05:00:57.619  TX  F0 52 00 6E 64 20 00 00 02 64 00 00 00 00 F7  (set_param)
2026-10-06 05:00:57.629  RX  F0 52 00 6E 64 20 01 00 02 64 00 00 00 00 F7
2026-10-06 05:01:02.222  --  14 gesendet, 14 bestätigt, 0 ohne Ack, Latenz CC→Ack Median 13.3 ms / Max 27.5 ms
2026-10-06 05:01:10.397  RX  F0 52 00 6E 64 12 00 50 06 04 50 54 43 46 44 00 00 00 00 02 00 00 00 02 00 00 00 00 00 00 08 00 00 00 00 00 00 00 00 55 53 00 45 52 2D 30 30 32 20 00 20 40 20 00 0B 20 00 00 00 0A 54 58 4A 31 00 00 00 00 00 54 58 45 31 00 00 00 00 00 45 44 54 02 42 30 00 00 00 01 40 0D 00 16 19 10 01 0C 10 40 41 05 40 05 00 00 00 00 00 00 00 00 00 00 00 06 00 41 00 00 14 6C 08 00 00 07 40 01 00 00 00 00 00 00 00 00 00 00 00 00 00 00 00 00 50 52 4D 00 32 20 00 00 00 00 00 00 00 00 00 00 00 00 00 40 00 2C 00 00 00 00 00 00 00 00 00 00 00 00 00 00 00 00 00 00 00 00 00 40 00 07 4E 41 4D 45 20 00 00 00 00 55 53 45 52 00 2D 30 30 32 20 20 20 00 20 20 20 20 20 20 20 00 20 20 20 20 20 20 20 00 20 20 20 00 00 00 00 00 00 00 00 00 00 00 00 00 00 00 00 00 00 00 00 00 00 00 00 00 00 00 00 00 00 00 00 00 00 00 00 00 00 00 00 00 00 00 00 00 00 00 00 00 00 00 00 00 00 00 00 00 00 00 00 00 00 00 00 00 00 00 00 00 00 00 00 00 00 00 00 00 00 00 00 00 00 00 00 00 00 00 00 00 00 00 00 00 00 00 00 00 00 00 00 00 00 00 00 00 00 00 00 00 00 00 00 00 00 00 00 00 00 00 00 00 00 00 00 00 00 00 00 00 00 00 00 00 00 00 00 00 00 00 00 00 00 00 00 00 00 00 00 00 00 00 00 00 00 00 00 00 00 00 00 00 00 00 00 00 00 00 00 00 00 00 00 00 00 00 00 00 00 00 00 00 00 00 00 00 00 00 00 00 00 00 00 00 00 00 00 00 00 00 00 00 00 00 00 00 00 00 00 00 00 00 00 00 00 00 00 00 00 00 00 00 00 00 00 00 00 00 00 00 00 00 00 00 00 00 00 00 00 00 00 00 00 00 00 00 00 00 00 00 00 00 00 00 00 00 00 00 00 00 00 00 00 00 00 00 00 00 00 00 00 00 00 00 00 00 00 00 00 00 00 00 00 00 00 00 00 00 00 00 00 00 00 00 00 00 00 00 00 00 00 00 00 00 00 00 00 00 00 00 00 00 00 00 00 00 00 00 00 00 00 00 00 00 00 00 00 00 00 00 00 00 00 00 00 00 00 00 00 00 00 00 00 00 00 00 00 00 00 00 00 00 00 00 00 00 00 00 00 00 00 00 00 00 00 00 00 00 00 00 00 00 00 00 00 00 00 00 00 00 00 00 00 00 00 00 00 00 00 00 00 00 00 00 00 00 00 00 00 00 00 00 00 00 00 00 00 00 00 00 00 00 00 00 00 00 00 00 00 00 00 00 00 00 00 00 00 00 00 00 00 00 00 00 00 00 00 00 00 00 00 00 00 00 00 00 00 00 00 00 00 00 00 00 00 00 00 00 00 00 00 00 00 00 00 00 00 00 00 00 00 00 00 00 00 00 00 00 00 00 00 00 00 00 00 00 00 00 00 00 00 00 00 00 00 00 00 00 00 00 00 00 00 00 00 00 00 00 00 00 00 00 00 00 00 00 00 00 00 00 00 00 00 00 00 00 00 00 00 00 00 00 00 00 00 00 00 00 00 00 00 00 00 00 00 00 00 00 00 00 00 00 00 00 00 00 00 00 00 00 00 00 00 00 00 00 00 00 00 00 00 00 00 00 00 00 00 00 00 00 00 00 00 00 00 00 00 00 00 00 00 00 00 00 00 00 00 00 00 00 00 00 00 00 00 00 00 00 00 00 00 00 00 00 00 00 00 00 00 00 00 00 00 00 00 00 00 00 00 00 00 00 00 00 00 00 00 00 00 00 00 00 00 00 00 00 00 00 00 00 00 00 00 00 00 00 00 00 00 00 00 00 00 00 00 00 00 00 00 00 00 00 00 00 00 00 00 00 00 00 00 00 00 00 00 00 00 00 00 00 00 00 00 00 00 00 00 00 00 00 00 00 00 00 00 00 00 00 00 00 00 00 00 00 00 00 00 00 00 00 00 00 00 00 00 00 00 00 00 00 00 00 00 00 00 00 00 00 00 00 00 00 00 00 00 00 00 00 00 00 00 76 3A 04 1C 08 F7
2026-10-06 05:01:11.536  RX  F0 52 00 6E 64 12 00 50 06 04 50 54 43 46 44 00 00 00 00 02 00 00 00 02 00 00 00 00 00 00 08 00 00 00 00 00 00 00 00 55 53 00 45 52 2D 30 30 32 20 00 20 40 20 00 0B 20 00 00 00 0A 54 58 4A 31 00 00 00 00 00 54 58 45 31 00 00 00 00 00 45 44 54 02 42 30 00 00 00 01 40 0D 00 16 19 10 01 0C 10 40 41 05 40 05 00 00 00 00 00 00 00 00 00 00 00 06 00 41 00 00 14 6C 08 00 00 07 40 01 00 00 00 00 00 00 00 00 00 00 00 00 00 00 00 00 50 52 4D 00 32 20 00 00 00 00 00 00 00 00 00 00 00 00 00 40 00 2C 00 00 00 00 00 00 00 00 00 00 00 00 00 00 00 00 00 00 00 00 00 40 00 07 4E 41 4D 45 20 00 00 00 00 55 53 45 52 00 2D 30 30 32 20 20 20 00 20 20 20 20 20 20 20 00 20 20 20 20 20 20 20 00 20 20 20 00 00 00 00 00 00 00 00 00 00 00 00 00 00 00 00 00 00 00 00 00 00 00 00 00 00 00 00 00 00 00 00 00 00 00 00 00 00 00 00 00 00 00 00 00 00 00 00 00 00 00 00 00 00 00 00 00 00 00 00 00 00 00 00 00 00 00 00 00 00 00 00 00 00 00 00 00 00 00 00 00 00 00 00 00 00 00 00 00 00 00 00 00 00 00 00 00 00 00 00 00 00 00 00 00 00 00 00 00 00 00 00 00 00 00 00 00 00 00 00 00 00 00 00 00 00 00 00 00 00 00 00 00 00 00 00 00 00 00 00 00 00 00 00 00 00 00 00 00 00 00 00 00 00 00 00 00 00 00 00 00 00 00 00 00 00 00 00 00 00 00 00 00 00 00 00 00 00 00 00 00 00 00 00 00 00 00 00 00 00 00 00 00 00 00 00 00 00 00 00 00 00 00 00 00 00 00 00 00 00 00 00 00 00 00 00 00 00 00 00 00 00 00 00 00 00 00 00 00 00 00 00 00 00 00 00 00 00 00 00 00 00 00 00 00 00 00 00 00 00 00 00 00 00 00 00 00 00 00 00 00 00 00 00 00 00 00 00 00 00 00 00 00 00 00 00 00 00 00 00 00 00 00 00 00 00 00 00 00 00 00 00 00 00 00 00 00 00 00 00 00 00 00 00 00 00 00 00 00 00 00 00 00 00 00 00 00 00 00 00 00 00 00 00 00 00 00 00 00 00 00 00 00 00 00 00 00 00 00 00 00 00 00 00 00 00 00 00 00 00 00 00 00 00 00 00 00 00 00 00 00 00 00 00 00 00 00 00 00 00 00 00 00 00 00 00 00 00 00 00 00 00 00 00 00 00 00 00 00 00 00 00 00 00 00 00 00 00 00 00 00 00 00 00 00 00 00 00 00 00 00 00 00 00 00 00 00 00 00 00 00 00 00 00 00 00 00 00 00 00 00 00 00 00 00 00 00 00 00 00 00 00 00 00 00 00 00 00 00 00 00 00 00 00 00 00 00 00 00 00 00 00 00 00 00 00 00 00 00 00 00 00 00 00 00 00 00 00 00 00 00 00 00 00 00 00 00 00 00 00 00 00 00 00 00 00 00 00 00 00 00 00 00 00 00 00 00 00 00 00 00 00 00 00 00 00 00 00 00 00 00 00 00 00 00 00 00 00 00 00 00 00 00 00 00 00 00 00 00 00 00 00 00 00 00 00 00 00 00 00 00 00 00 00 00 00 00 00 00 00 00 00 00 00 00 00 00 00 00 00 00 00 00 00 00 00 00 00 00 00 00 00 00 00 00 00 00 00 00 00 00 00 00 00 00 00 00 00 00 00 00 00 00 00 00 00 00 00 00 00 00 00 00 00 00 00 00 00 00 00 00 00 00 00 00 00 00 00 00 00 00 00 00 00 00 00 00 00 00 00 00 00 00 00 00 00 00 00 00 00 00 00 00 00 00 00 00 00 00 00 00 00 00 00 00 00 00 00 00 00 00 00 00 00 00 00 00 00 00 00 00 00 00 00 00 00 00 00 00 00 00 00 00 00 00 00 00 00 00 00 00 00 00 00 00 00 00 00 00 00 00 00 00 00 00 00 00 00 00 00 00 00 00 00 00 00 00 00 00 00 00 00 00 00 00 00 00 00 00 00 00 00 00 00 00 00 00 00 00 00 76 3A 04 1C 08 F7
2026-10-06 05:01:13.473  RX  F0 52 00 6E 64 12 00 50 06 04 50 54 43 46 44 00 00 00 00 02 00 00 00 02 00 00 00 00 00 00 08 00 00 00 00 00 00 00 00 55 53 00 45 52 2D 30 30 32 20 00 20 40 20 00 0B 20 00 00 00 0A 54 58 4A 31 00 00 00 00 00 54 58 45 31 00 00 00 00 00 45 44 54 02 42 30 00 00 00 01 40 0D 00 16 19 10 01 0C 10 40 41 05 40 05 00 00 00 00 00 00 00 00 00 00 00 06 00 41 00 00 14 6C 08 00 00 07 40 01 00 00 00 00 00 00 00 00 00 00 00 00 00 00 00 00 50 52 4D 00 32 20 00 00 00 00 00 00 00 00 00 00 00 00 00 40 00 2C 00 00 00 00 00 00 00 00 00 00 00 00 00 00 00 00 00 00 00 00 00 40 00 07 4E 41 4D 45 20 00 00 00 00 55 53 45 52 00 2D 30 30 32 20 20 20 00 20 20 20 20 20 20 20 00 20 20 20 20 20 20 20 00 20 20 20 00 00 00 00 00 00 00 00 00 00 00 00 00 00 00 00 00 00 00 00 00 00 00 00 00 00 00 00 00 00 00 00 00 00 00 00 00 00 00 00 00 00 00 00 00 00 00 00 00 00 00 00 00 00 00 00 00 00 00 00 00 00 00 00 00 00 00 00 00 00 00 00 00 00 00 00 00 00 00 00 00 00 00 00 00 00 00 00 00 00 00 00 00 00 00 00 00 00 00 00 00 00 00 00 00 00 00 00 00 00 00 00 00 00 00 00 00 00 00 00 00 00 00 00 00 00 00 00 00 00 00 00 00 00 00 00 00 00 00 00 00 00 00 00 00 00 00 00 00 00 00 00 00 00 00 00 00 00 00 00 00 00 00 00 00 00 00 00 00 00 00 00 00 00 00 00 00 00 00 00 00 00 00 00 00 00 00 00 00 00 00 00 00 00 00 00 00 00 00 00 00 00 00 00 00 00 00 00 00 00 00 00 00 00 00 00 00 00 00 00 00 00 00 00 00 00 00 00 00 00 00 00 00 00 00 00 00 00 00 00 00 00 00 00 00 00 00 00 00 00 00 00 00 00 00 00 00 00 00 00 00 00 00 00 00 00 00 00 00 00 00 00 00 00 00 00 00 00 00 00 00 00 00 00 00 00 00 00 00 00 00 00 00 00 00 00 00 00 00 00 00 00 00 00 00 00 00 00 00 00 00 00 00 00 00 00 00 00 00 00 00 00 00 00 00 00 00 00 00 00 00 00 00 00 00 00 00 00 00 00 00 00 00 00 00 00 00 00 00 00 00 00 00 00 00 00 00 00 00 00 00 00 00 00 00 00 00 00 00 00 00 00 00 00 00 00 00 00 00 00 00 00 00 00 00 00 00 00 00 00 00 00 00 00 00 00 00 00 00 00 00 00 00 00 00 00 00 00 00 00 00 00 00 00 00 00 00 00 00 00 00 00 00 00 00 00 00 00 00 00 00 00 00 00 00 00 00 00 00 00 00 00 00 00 00 00 00 00 00 00 00 00 00 00 00 00 00 00 00 00 00 00 00 00 00 00 00 00 00 00 00 00 00 00 00 00 00 00 00 00 00 00 00 00 00 00 00 00 00 00 00 00 00 00 00 00 00 00 00 00 00 00 00 00 00 00 00 00 00 00 00 00 00 00 00 00 00 00 00 00 00 00 00 00 00 00 00 00 00 00 00 00 00 00 00 00 00 00 00 00 00 00 00 00 00 00 00 00 00 00 00 00 00 00 00 00 00 00 00 00 00 00 00 00 00 00 00 00 00 00 00 00 00 00 00 00 00 00 00 00 00 00 00 00 00 00 00 00 00 00 00 00 00 00 00 00 00 00 00 00 00 00 00 00 00 00 00 00 00 00 00 00 00 00 00 00 00 00 00 00 00 00 00 00 00 00 00 00 00 00 00 00 00 00 00 00 00 00 00 00 00 00 00 00 00 00 00 00 00 00 00 00 00 00 00 00 00 00 00 00 00 00 00 00 00 00 00 00 00 00 00 00 00 00 00 00 00 00 00 00 00 00 00 00 00 00 00 00 00 00 00 00 00 00 00 00 00 00 00 00 00 00 00 00 00 00 00 00 00 00 00 00 00 00 00 00 00 00 00 00 00 00 00 00 00 00 00 00 00 00 00 00 00 00 00 00 00 00 00 00 00 00 00 00 00 00 00 00 00 00 76 3A 04 1C 08 F7
2026-10-06 05:01:13.798  RX  F0 52 00 6E 64 12 00 50 06 04 50 54 43 46 44 00 00 00 00 02 00 00 00 02 00 00 00 00 00 00 08 00 00 00 00 00 00 00 00 55 53 00 45 52 2D 30 30 32 20 00 20 40 20 00 0B 20 00 00 00 0B 54 58 4A 31 00 00 00 00 00 54 58 45 31 00 00 00 00 00 45 44 54 02 42 30 00 00 00 01 40 0D 00 16 19 10 01 0C 10 40 41 05 40 05 00 00 00 00 00 00 00 00 00 00 00 00 00 41 00 00 16 01 24 50 40 01 70 00 00 00 00 00 00 00 00 00 00 00 00 00 00 00 00 00 50 52 4D 00 32 20 00 00 00 00 00 00 00 00 00 00 00 00 00 40 00 2C 00 00 00 00 00 00 00 00 00 00 00 00 00 00 00 00 00 00 00 00 00 40 00 07 4E 41 4D 45 20 00 00 00 00 55 53 45 52 00 2D 30 30 32 20 20 20 00 20 20 20 20 20 20 20 00 20 20 20 20 20 20 20 00 20 20 20 00 00 00 00 00 00 00 00 00 00 00 00 00 00 00 00 00 00 00 00 00 00 00 00 00 00 00 00 00 00 00 00 00 00 00 00 00 00 00 00 00 00 00 00 00 00 00 00 00 00 00 00 00 00 00 00 00 00 00 00 00 00 00 00 00 00 00 00 00 00 00 00 00 00 00 00 00 00 00 00 00 00 00 00 00 00 00 00 00 00 00 00 00 00 00 00 00 00 00 00 00 00 00 00 00 00 00 00 00 00 00 00 00 00 00 00 00 00 00 00 00 00 00 00 00 00 00 00 00 00 00 00 00 00 00 00 00 00 00 00 00 00 00 00 00 00 00 00 00 00 00 00 00 00 00 00 00 00 00 00 00 00 00 00 00 00 00 00 00 00 00 00 00 00 00 00 00 00 00 00 00 00 00 00 00 00 00 00 00 00 00 00 00 00 00 00 00 00 00 00 00 00 00 00 00 00 00 00 00 00 00 00 00 00 00 00 00 00 00 00 00 00 00 00 00 00 00 00 00 00 00 00 00 00 00 00 00 00 00 00 00 00 00 00 00 00 00 00 00 00 00 00 00 00 00 00 00 00 00 00 00 00 00 00 00 00 00 00 00 00 00 00 00 00 00 00 00 00 00 00 00 00 00 00 00 00 00 00 00 00 00 00 00 00 00 00 00 00 00 00 00 00 00 00 00 00 00 00 00 00 00 00 00 00 00 00 00 00 00 00 00 00 00 00 00 00 00 00 00 00 00 00 00 00 00 00 00 00 00 00 00 00 00 00 00 00 00 00 00 00 00 00 00 00 00 00 00 00 00 00 00 00 00 00 00 00 00 00 00 00 00 00 00 00 00 00 00 00 00 00 00 00 00 00 00 00 00 00 00 00 00 00 00 00 00 00 00 00 00 00 00 00 00 00 00 00 00 00 00 00 00 00 00 00 00 00 00 00 00 00 00 00 00 00 00 00 00 00 00 00 00 00 00 00 00 00 00 00 00 00 00 00 00 00 00 00 00 00 00 00 00 00 00 00 00 00 00 00 00 00 00 00 00 00 00 00 00 00 00 00 00 00 00 00 00 00 00 00 00 00 00 00 00 00 00 00 00 00 00 00 00 00 00 00 00 00 00 00 00 00 00 00 00 00 00 00 00 00 00 00 00 00 00 00 00 00 00 00 00 00 00 00 00 00 00 00 00 00 00 00 00 00 00 00 00 00 00 00 00 00 00 00 00 00 00 00 00 00 00 00 00 00 00 00 00 00 00 00 00 00 00 00 00 00 00 00 00 00 00 00 00 00 00 00 00 00 00 00 00 00 00 00 00 00 00 00 00 00 00 00 00 00 00 00 00 00 00 00 00 00 00 00 00 00 00 00 00 00 00 00 00 00 00 00 00 00 00 00 00 00 00 00 00 00 00 00 00 00 00 00 00 00 00 00 00 00 00 00 00 00 00 00 00 00 00 00 00 00 00 00 00 00 00 00 00 00 00 00 00 00 00 00 00 00 00 00 00 00 00 00 00 00 00 00 00 00 00 00 00 00 00 00 00 00 00 00 00 00 00 00 00 00 00 00 00 00 00 00 00 00 00 00 00 00 00 00 00 00 00 00 00 00 00 00 00 00 00 00 00 00 00 00 00 00 00 00 00 00 00 00 00 00 00 00 00 00 00 00 00 00 00 00 00 00 00 00 00 00 00 00 10 34 22 3E 03 F7
2026-10-06 05:01:15.067  RX  F0 52 00 6E 64 12 00 50 06 04 50 54 43 46 44 00 00 00 00 02 00 00 00 02 00 00 00 00 00 00 08 00 00 00 00 00 00 00 00 55 53 00 45 52 2D 30 30 32 20 00 20 40 20 00 0B 30 00 00 00 0B 54 58 4A 31 00 00 00 00 00 54 58 45 31 00 00 00 00 00 45 44 54 02 42 30 00 00 00 01 40 0D 00 16 19 10 01 0C 10 40 41 05 40 05 00 00 00 00 00 00 00 00 00 00 00 00 00 61 00 00 16 00 4C 40 00 0C 00 00 00 00 00 00 00 00 00 00 00 00 00 00 00 00 00 00 50 52 4D 00 32 20 00 00 00 00 00 00 00 00 00 00 00 00 00 40 00 2C 00 00 00 00 00 00 00 00 00 00 00 00 00 00 00 00 00 00 00 00 00 40 00 07 4E 41 4D 45 20 00 00 00 00 55 53 45 52 00 2D 30 30 32 20 20 20 00 20 20 20 20 20 20 20 00 20 20 20 20 20 20 20 00 20 20 20 00 00 00 00 00 00 00 00 00 00 00 00 00 00 00 00 00 00 00 00 00 00 00 00 00 00 00 00 00 00 00 00 00 00 00 00 00 00 00 00 00 00 00 00 00 00 00 00 00 00 00 00 00 00 00 00 00 00 00 00 00 00 00 00 00 00 00 00 00 00 00 00 00 00 00 00 00 00 00 00 00 00 00 00 00 00 00 00 00 00 00 00 00 00 00 00 00 00 00 00 00 00 00 00 00 00 00 00 00 00 00 00 00 00 00 00 00 00 00 00 00 00 00 00 00 00 00 00 00 00 00 00 00 00 00 00 00 00 00 00 00 00 00 00 00 00 00 00 00 00 00 00 00 00 00 00 00 00 00 00 00 00 00 00 00 00 00 00 00 00 00 00 00 00 00 00 00 00 00 00 00 00 00 00 00 00 00 00 00 00 00 00 00 00 00 00 00 00 00 00 00 00 00 00 00 00 00 00 00 00 00 00 00 00 00 00 00 00 00 00 00 00 00 00 00 00 00 00 00 00 00 00 00 00 00 00 00 00 00 00 00 00 00 00 00 00 00 00 00 00 00 00 00 00 00 00 00 00 00 00 00 00 00 00 00 00 00 00 00 00 00 00 00 00 00 00 00 00 00 00 00 00 00 00 00 00 00 00 00 00 00 00 00 00 00 00 00 00 00 00 00 00 00 00 00 00 00 00 00 00 00 00 00 00 00 00 00 00 00 00 00 00 00 00 00 00 00 00 00 00 00 00 00 00 00 00 00 00 00 00 00 00 00 00 00 00 00 00 00 00 00 00 00 00 00 00 00 00 00 00 00 00 00 00 00 00 00 00 00 00 00 00 00 00 00 00 00 00 00 00 00 00 00 00 00 00 00 00 00 00 00 00 00 00 00 00 00 00 00 00 00 00 00 00 00 00 00 00 00 00 00 00 00 00 00 00 00 00 00 00 00 00 00 00 00 00 00 00 00 00 00 00 00 00 00 00 00 00 00 00 00 00 00 00 00 00 00 00 00 00 00 00 00 00 00 00 00 00 00 00 00 00 00 00 00 00 00 00 00 00 00 00 00 00 00 00 00 00 00 00 00 00 00 00 00 00 00 00 00 00 00 00 00 00 00 00 00 00 00 00 00 00 00 00 00 00 00 00 00 00 00 00 00 00 00 00 00 00 00 00 00 00 00 00 00 00 00 00 00 00 00 00 00 00 00 00 00 00 00 00 00 00 00 00 00 00 00 00 00 00 00 00 00 00 00 00 00 00 00 00 00 00 00 00 00 00 00 00 00 00 00 00 00 00 00 00 00 00 00 00 00 00 00 00 00 00 00 00 00 00 00 00 00 00 00 00 00 00 00 00 00 00 00 00 00 00 00 00 00 00 00 00 00 00 00 00 00 00 00 00 00 00 00 00 00 00 00 00 00 00 00 00 00 00 00 00 00 00 00 00 00 00 00 00 00 00 00 00 00 00 00 00 00 00 00 00 00 00 00 00 00 00 00 00 00 00 00 00 00 00 00 00 00 00 00 00 00 00 00 00 00 00 00 00 00 00 00 00 00 00 00 00 00 00 00 00 00 00 00 00 00 00 00 00 00 00 00 00 00 00 00 00 00 00 00 00 00 00 00 00 00 00 00 00 00 00 00 00 00 00 00 00 00 00 00 00 00 00 00 00 00 00 00 00 00 00 00 00 00 00 06 64 36 72 0F F7
2026-10-06 05:01:15.739  RX  F0 52 00 6E 64 12 00 50 06 04 50 54 43 46 44 00 00 00 00 02 00 00 00 02 00 00 00 00 00 00 08 00 00 00 00 00 00 00 00 55 53 00 45 52 2D 30 30 32 20 00 20 40 20 00 0B 50 00 00 00 0B 54 58 4A 31 00 00 00 00 00 54 58 45 31 00 00 00 00 00 45 44 54 02 42 30 00 00 00 01 40 0D 00 16 19 10 01 0C 10 40 41 05 40 05 00 00 00 00 00 00 00 00 00 00 00 20 00 21 00 00 16 0C 24 40 00 0B 00 00 00 00 00 00 00 00 00 00 00 00 00 00 00 00 00 00 50 52 4D 00 32 20 00 00 00 00 00 00 00 00 00 00 00 00 00 40 00 2C 00 00 00 00 00 00 00 00 00 00 00 00 00 00 00 00 00 00 00 00 00 40 00 07 4E 41 4D 45 20 00 00 00 00 55 53 45 52 00 2D 30 30 32 20 20 20 00 20 20 20 20 20 20 20 00 20 20 20 20 20 20 20 00 20 20 20 00 00 00 00 00 00 00 00 00 00 00 00 00 00 00 00 00 00 00 00 00 00 00 00 00 00 00 00 00 00 00 00 00 00 00 00 00 00 00 00 00 00 00 00 00 00 00 00 00 00 00 00 00 00 00 00 00 00 00 00 00 00 00 00 00 00 00 00 00 00 00 00 00 00 00 00 00 00 00 00 00 00 00 00 00 00 00 00 00 00 00 00 00 00 00 00 00 00 00 00 00 00 00 00 00 00 00 00 00 00 00 00 00 00 00 00 00 00 00 00 00 00 00 00 00 00 00 00 00 00 00 00 00 00 00 00 00 00 00 00 00 00 00 00 00 00 00 00 00 00 00 00 00 00 00 00 00 00 00 00 00 00 00 00 00 00 00 00 00 00 00 00 00 00 00 00 00 00 00 00 00 00 00 00 00 00 00 00 00 00 00 00 00 00 00 00 00 00 00 00 00 00 00 00 00 00 00 00 00 00 00 00 00 00 00 00 00 00 00 00 00 00 00 00 00 00 00 00 00 00 00 00 00 00 00 00 00 00 00 00 00 00 00 00 00 00 00 00 00 00 00 00 00 00 00 00 00 00 00 00 00 00 00 00 00 00 00 00 00 00 00 00 00 00 00 00 00 00 00 00 00 00 00 00 00 00 00 00 00 00 00 00 00 00 00 00 00 00 00 00 00 00 00 00 00 00 00 00 00 00 00 00 00 00 00 00 00 00 00 00 00 00 00 00 00 00 00 00 00 00 00 00 00 00 00 00 00 00 00 00 00 00 00 00 00 00 00 00 00 00 00 00 00 00 00 00 00 00 00 00 00 00 00 00 00 00 00 00 00 00 00 00 00 00 00 00 00 00 00 00 00 00 00 00 00 00 00 00 00 00 00 00 00 00 00 00 00 00 00 00 00 00 00 00 00 00 00 00 00 00 00 00 00 00 00 00 00 00 00 00 00 00 00 00 00 00 00 00 00 00 00 00 00 00 00 00 00 00 00 00 00 00 00 00 00 00 00 00 00 00 00 00 00 00 00 00 00 00 00 00 00 00 00 00 00 00 00 00 00 00 00 00 00 00 00 00 00 00 00 00 00 00 00 00 00 00 00 00 00 00 00 00 00 00 00 00 00 00 00 00 00 00 00 00 00 00 00 00 00 00 00 00 00 00 00 00 00 00 00 00 00 00 00 00 00 00 00 00 00 00 00 00 00 00 00 00 00 00 00 00 00 00 00 00 00 00 00 00 00 00 00 00 00 00 00 00 00 00 00 00 00 00 00 00 00 00 00 00 00 00 00 00 00 00 00 00 00 00 00 00 00 00 00 00 00 00 00 00 00 00 00 00 00 00 00 00 00 00 00 00 00 00 00 00 00 00 00 00 00 00 00 00 00 00 00 00 00 00 00 00 00 00 00 00 00 00 00 00 00 00 00 00 00 00 00 00 00 00 00 00 00 00 00 00 00 00 00 00 00 00 00 00 00 00 00 00 00 00 00 00 00 00 00 00 00 00 00 00 00 00 00 00 00 00 00 00 00 00 00 00 00 00 00 00 00 00 00 00 00 00 00 00 00 00 00 00 00 00 00 00 00 00 00 00 00 00 00 00 00 00 00 00 00 00 00 00 00 00 00 00 00 00 00 00 00 00 00 00 00 00 00 00 00 00 00 00 00 00 00 00 00 00 00 00 00 00 00 00 00 00 6C 0A 62 0C 0E F7
2026-10-06 05:01:16.411  RX  F0 52 00 6E 64 12 00 50 06 04 50 54 43 46 44 00 00 00 00 02 00 00 00 02 00 00 00 00 00 00 08 00 00 00 00 00 00 00 00 55 53 00 45 52 2D 30 30 32 20 00 20 40 20 00 0B 60 00 00 00 0B 54 58 4A 31 00 00 00 00 00 54 58 45 31 00 00 00 00 00 45 44 54 02 42 30 00 00 00 01 40 0D 00 16 19 10 01 0C 10 40 41 05 40 05 00 00 00 00 00 00 00 00 00 00 00 20 00 41 00 00 16 0C 24 10 40 01 38 00 00 00 00 00 00 00 00 00 00 00 00 00 00 00 00 00 50 52 4D 00 32 20 00 00 00 00 00 00 00 00 00 00 00 00 00 40 00 2C 00 00 00 00 00 00 00 00 00 00 00 00 00 00 00 00 00 00 00 00 00 40 00 07 4E 41 4D 45 20 00 00 00 00 55 53 45 52 00 2D 30 30 32 20 20 20 00 20 20 20 20 20 20 20 00 20 20 20 20 20 20 20 00 20 20 20 00 00 00 00 00 00 00 00 00 00 00 00 00 00 00 00 00 00 00 00 00 00 00 00 00 00 00 00 00 00 00 00 00 00 00 00 00 00 00 00 00 00 00 00 00 00 00 00 00 00 00 00 00 00 00 00 00 00 00 00 00 00 00 00 00 00 00 00 00 00 00 00 00 00 00 00 00 00 00 00 00 00 00 00 00 00 00 00 00 00 00 00 00 00 00 00 00 00 00 00 00 00 00 00 00 00 00 00 00 00 00 00 00 00 00 00 00 00 00 00 00 00 00 00 00 00 00 00 00 00 00 00 00 00 00 00 00 00 00 00 00 00 00 00 00 00 00 00 00 00 00 00 00 00 00 00 00 00 00 00 00 00 00 00 00 00 00 00 00 00 00 00 00 00 00 00 00 00 00 00 00 00 00 00 00 00 00 00 00 00 00 00 00 00 00 00 00 00 00 00 00 00 00 00 00 00 00 00 00 00 00 00 00 00 00 00 00 00 00 00 00 00 00 00 00 00 00 00 00 00 00 00 00 00 00 00 00 00 00 00 00 00 00 00 00 00 00 00 00 00 00 00 00 00 00 00 00 00 00 00 00 00 00 00 00 00 00 00 00 00 00 00 00 00 00 00 00 00 00 00 00 00 00 00 00 00 00 00 00 00 00 00 00 00 00 00 00 00 00 00 00 00 00 00 00 00 00 00 00 00 00 00 00 00 00 00 00 00 00 00 00 00 00 00 00 00 00 00 00 00 00 00 00 00 00 00 00 00 00 00 00 00 00 00 00 00 00 00 00 00 00 00 00 00 00 00 00 00 00 00 00 00 00 00 00 00 00 00 00 00 00 00 00 00 00 00 00 00 00 00 00 00 00 00 00 00 00 00 00 00 00 00 00 00 00 00 00 00 00 00 00 00 00 00 00 00 00 00 00 00 00 00 00 00 00 00 00 00 00 00 00 00 00 00 00 00 00 00 00 00 00 00 00 00 00 00 00 00 00 00 00 00 00 00 00 00 00 00 00 00 00 00 00 00 00 00 00 00 00 00 00 00 00 00 00 00 00 00 00 00 00 00 00 00 00 00 00 00 00 00 00 00 00 00 00 00 00 00 00 00 00 00 00 00 00 00 00 00 00 00 00 00 00 00 00 00 00 00 00 00 00 00 00 00 00 00 00 00 00 00 00 00 00 00 00 00 00 00 00 00 00 00 00 00 00 00 00 00 00 00 00 00 00 00 00 00 00 00 00 00 00 00 00 00 00 00 00 00 00 00 00 00 00 00 00 00 00 00 00 00 00 00 00 00 00 00 00 00 00 00 00 00 00 00 00 00 00 00 00 00 00 00 00 00 00 00 00 00 00 00 00 00 00 00 00 00 00 00 00 00 00 00 00 00 00 00 00 00 00 00 00 00 00 00 00 00 00 00 00 00 00 00 00 00 00 00 00 00 00 00 00 00 00 00 00 00 00 00 00 00 00 00 00 00 00 00 00 00 00 00 00 00 00 00 00 00 00 00 00 00 00 00 00 00 00 00 00 00 00 00 00 00 00 00 00 00 00 00 00 00 00 00 00 00 00 00 00 00 00 00 00 00 00 00 00 00 00 00 00 00 00 00 00 00 00 00 00 00 00 00 00 00 00 00 00 00 00 00 00 00 00 00 00 00 00 00 00 00 00 00 00 00 00 00 00 00 00 00 00 00 56 13 6B 5E 00 F7
2026-10-06 05:01:22.006  RX  F0 52 00 6E 64 12 00 50 06 04 50 54 43 46 44 00 00 00 00 02 00 00 00 02 00 00 00 00 00 00 08 00 00 00 00 00 00 00 00 55 53 00 45 52 2D 30 30 32 20 02 20 40 20 00 0B 00 00 00 00 0B 54 58 4A 31 00 00 00 00 00 54 58 45 31 00 00 00 00 00 45 44 54 02 42 30 00 00 00 01 40 0D 00 16 19 10 01 0C 10 40 41 05 40 05 00 00 00 00 00 00 00 00 00 00 00 04 00 01 01 00 56 04 14 00 00 0F 00 00 00 00 00 00 00 00 00 00 00 00 00 00 00 00 00 00 50 52 4D 00 32 20 00 00 00 00 00 00 00 00 00 00 00 00 00 40 00 2C 00 00 00 00 00 00 00 00 00 00 00 00 00 00 00 00 00 00 00 00 00 40 00 07 4E 41 4D 45 20 00 00 00 00 55 53 45 52 00 2D 30 30 32 20 20 20 00 20 20 20 20 20 20 20 00 20 20 20 20 20 20 20 00 20 20 20 00 00 00 00 00 00 00 00 00 00 00 00 00 00 00 00 00 00 00 00 00 00 00 00 00 00 00 00 00 00 00 00 00 00 00 00 00 00 00 00 00 00 00 00 00 00 00 00 00 00 00 00 00 00 00 00 00 00 00 00 00 00 00 00 00 00 00 00 00 00 00 00 00 00 00 00 00 00 00 00 00 00 00 00 00 00 00 00 00 00 00 00 00 00 00 00 00 00 00 00 00 00 00 00 00 00 00 00 00 00 00 00 00 00 00 00 00 00 00 00 00 00 00 00 00 00 00 00 00 00 00 00 00 00 00 00 00 00 00 00 00 00 00 00 00 00 00 00 00 00 00 00 00 00 00 00 00 00 00 00 00 00 00 00 00 00 00 00 00 00 00 00 00 00 00 00 00 00 00 00 00 00 00 00 00 00 00 00 00 00 00 00 00 00 00 00 00 00 00 00 00 00 00 00 00 00 00 00 00 00 00 00 00 00 00 00 00 00 00 00 00 00 00 00 00 00 00 00 00 00 00 00 00 00 00 00 00 00 00 00 00 00 00 00 00 00 00 00 00 00 00 00 00 00 00 00 00 00 00 00 00 00 00 00 00 00 00 00 00 00 00 00 00 00 00 00 00 00 00 00 00 00 00 00 00 00 00 00 00 00 00 00 00 00 00 00 00 00 00 00 00 00 00 00 00 00 00 00 00 00 00 00 00 00 00 00 00 00 00 00 00 00 00 00 00 00 00 00 00 00 00 00 00 00 00 00 00 00 00 00 00 00 00 00 00 00 00 00 00 00 00 00 00 00 00 00 00 00 00 00 00 00 00 00 00 00 00 00 00 00 00 00 00 00 00 00 00 00 00 00 00 00 00 00 00 00 00 00 00 00 00 00 00 00 00 00 00 00 00 00 00 00 00 00 00 00 00 00 00 00 00 00 00 00 00 00 00 00 00 00 00 00 00 00 00 00 00 00 00 00 00 00 00 00 00 00 00 00 00 00 00 00 00 00 00 00 00 00 00 00 00 00 00 00 00 00 00 00 00 00 00 00 00 00 00 00 00 00 00 00 00 00 00 00 00 00 00 00 00 00 00 00 00 00 00 00 00 00 00 00 00 00 00 00 00 00 00 00 00 00 00 00 00 00 00 00 00 00 00 00 00 00 00 00 00 00 00 00 00 00 00 00 00 00 00 00 00 00 00 00 00 00 00 00 00 00 00 00 00 00 00 00 00 00 00 00 00 00 00 00 00 00 00 00 00 00 00 00 00 00 00 00 00 00 00 00 00 00 00 00 00 00 00 00 00 00 00 00 00 00 00 00 00 00 00 00 00 00 00 00 00 00 00 00 00 00 00 00 00 00 00 00 00 00 00 00 00 00 00 00 00 00 00 00 00 00 00 00 00 00 00 00 00 00 00 00 00 00 00 00 00 00 00 00 00 00 00 00 00 00 00 00 00 00 00 00 00 00 00 00 00 00 00 00 00 00 00 00 00 00 00 00 00 00 00 00 00 00 00 00 00 00 00 00 00 00 00 00 00 00 00 00 00 00 00 00 00 00 00 00 00 00 00 00 00 00 00 00 00 00 00 00 00 00 00 00 00 00 00 00 00 00 00 00 00 00 00 00 00 00 00 00 00 00 00 00 00 00 00 00 00 00 00 00 00 00 00 00 00 00 00 00 00 00 00 00 00 00 00 00 38 79 54 45 02 F7
2026-10-06 05:01:23.038  RX  F0 52 00 6E 64 12 00 50 06 04 50 54 43 46 44 00 00 00 00 02 00 00 00 02 00 00 00 00 00 00 08 00 00 00 00 00 00 00 00 55 53 00 45 52 2D 30 30 32 20 00 20 40 20 00 0B 60 00 00 00 0B 54 58 4A 31 00 00 00 00 00 54 58 45 31 00 00 00 00 00 45 44 54 02 42 30 00 00 00 01 40 0D 00 16 19 10 01 0C 10 40 41 05 40 05 00 00 00 00 00 00 00 00 00 00 00 20 00 41 00 00 16 0C 24 10 40 01 38 00 00 00 00 00 00 00 00 00 00 00 00 00 00 00 00 00 50 52 4D 00 32 20 00 00 00 00 00 00 00 00 00 00 00 00 00 40 00 2C 00 00 00 00 00 00 00 00 00 00 00 00 00 00 00 00 00 00 00 00 00 40 00 07 4E 41 4D 45 20 00 00 00 00 55 53 45 52 00 2D 30 30 32 20 20 20 00 20 20 20 20 20 20 20 00 20 20 20 20 20 20 20 00 20 20 20 00 00 00 00 00 00 00 00 00 00 00 00 00 00 00 00 00 00 00 00 00 00 00 00 00 00 00 00 00 00 00 00 00 00 00 00 00 00 00 00 00 00 00 00 00 00 00 00 00 00 00 00 00 00 00 00 00 00 00 00 00 00 00 00 00 00 00 00 00 00 00 00 00 00 00 00 00 00 00 00 00 00 00 00 00 00 00 00 00 00 00 00 00 00 00 00 00 00 00 00 00 00 00 00 00 00 00 00 00 00 00 00 00 00 00 00 00 00 00 00 00 00 00 00 00 00 00 00 00 00 00 00 00 00 00 00 00 00 00 00 00 00 00 00 00 00 00 00 00 00 00 00 00 00 00 00 00 00 00 00 00 00 00 00 00 00 00 00 00 00 00 00 00 00 00 00 00 00 00 00 00 00 00 00 00 00 00 00 00 00 00 00 00 00 00 00 00 00 00 00 00 00 00 00 00 00 00 00 00 00 00 00 00 00 00 00 00 00 00 00 00 00 00 00 00 00 00 00 00 00 00 00 00 00 00 00 00 00 00 00 00 00 00 00 00 00 00 00 00 00 00 00 00 00 00 00 00 00 00 00 00 00 00 00 00 00 00 00 00 00 00 00 00 00 00 00 00 00 00 00 00 00 00 00 00 00 00 00 00 00 00 00 00 00 00 00 00 00 00 00 00 00 00 00 00 00 00 00 00 00 00 00 00 00 00 00 00 00 00 00 00 00 00 00 00 00 00 00 00 00 00 00 00 00 00 00 00 00 00 00 00 00 00 00 00 00 00 00 00 00 00 00 00 00 00 00 00 00 00 00 00 00 00 00 00 00 00 00 00 00 00 00 00 00 00 00 00 00 00 00 00 00 00 00 00 00 00 00 00 00 00 00 00 00 00 00 00 00 00 00 00 00 00 00 00 00 00 00 00 00 00 00 00 00 00 00 00 00 00 00 00 00 00 00 00 00 00 00 00 00 00 00 00 00 00 00 00 00 00 00 00 00 00 00 00 00 00 00 00 00 00 00 00 00 00 00 00 00 00 00 00 00 00 00 00 00 00 00 00 00 00 00 00 00 00 00 00 00 00 00 00 00 00 00 00 00 00 00 00 00 00 00 00 00 00 00 00 00 00 00 00 00 00 00 00 00 00 00 00 00 00 00 00 00 00 00 00 00 00 00 00 00 00 00 00 00 00 00 00 00 00 00 00 00 00 00 00 00 00 00 00 00 00 00 00 00 00 00 00 00 00 00 00 00 00 00 00 00 00 00 00 00 00 00 00 00 00 00 00 00 00 00 00 00 00 00 00 00 00 00 00 00 00 00 00 00 00 00 00 00 00 00 00 00 00 00 00 00 00 00 00 00 00 00 00 00 00 00 00 00 00 00 00 00 00 00 00 00 00 00 00 00 00 00 00 00 00 00 00 00 00 00 00 00 00 00 00 00 00 00 00 00 00 00 00 00 00 00 00 00 00 00 00 00 00 00 00 00 00 00 00 00 00 00 00 00 00 00 00 00 00 00 00 00 00 00 00 00 00 00 00 00 00 00 00 00 00 00 00 00 00 00 00 00 00 00 00 00 00 00 00 00 00 00 00 00 00 00 00 00 00 00 00 00 00 00 00 00 00 00 00 00 00 00 00 00 00 00 00 00 00 00 00 00 00 00 00 00 00 00 00 00 00 00 00 00 00 00 00 00 56 13 6B 5E 00 F7
2026-10-06 05:01:24.252  RX  F0 52 00 6E 64 12 00 50 06 04 50 54 43 46 44 00 00 00 00 02 00 00 00 02 00 00 00 00 00 00 08 00 00 00 00 00 00 00 00 55 53 00 45 52 2D 30 30 32 20 00 20 40 20 00 0B 60 00 00 00 0B 54 58 4A 31 00 00 00 00 00 54 58 45 31 00 00 00 00 00 45 44 54 02 42 30 00 00 00 01 40 0D 00 16 19 10 01 0C 10 40 41 05 40 05 00 00 00 00 00 00 00 00 00 00 00 20 00 41 00 00 16 0C 24 10 40 01 38 00 00 00 00 00 00 00 00 00 00 00 00 00 00 00 00 00 50 52 4D 00 32 20 00 00 00 00 00 00 00 00 00 00 00 00 00 40 00 2C 00 00 00 00 00 00 00 00 00 00 00 00 00 00 00 00 00 00 00 00 00 40 00 07 4E 41 4D 45 20 00 00 00 00 55 53 45 52 00 2D 30 30 32 20 20 20 00 20 20 20 20 20 20 20 00 20 20 20 20 20 20 20 00 20 20 20 00 00 00 00 00 00 00 00 00 00 00 00 00 00 00 00 00 00 00 00 00 00 00 00 00 00 00 00 00 00 00 00 00 00 00 00 00 00 00 00 00 00 00 00 00 00 00 00 00 00 00 00 00 00 00 00 00 00 00 00 00 00 00 00 00 00 00 00 00 00 00 00 00 00 00 00 00 00 00 00 00 00 00 00 00 00 00 00 00 00 00 00 00 00 00 00 00 00 00 00 00 00 00 00 00 00 00 00 00 00 00 00 00 00 00 00 00 00 00 00 00 00 00 00 00 00 00 00 00 00 00 00 00 00 00 00 00 00 00 00 00 00 00 00 00 00 00 00 00 00 00 00 00 00 00 00 00 00 00 00 00 00 00 00 00 00 00 00 00 00 00 00 00 00 00 00 00 00 00 00 00 00 00 00 00 00 00 00 00 00 00 00 00 00 00 00 00 00 00 00 00 00 00 00 00 00 00 00 00 00 00 00 00 00 00 00 00 00 00 00 00 00 00 00 00 00 00 00 00 00 00 00 00 00 00 00 00 00 00 00 00 00 00 00 00 00 00 00 00 00 00 00 00 00 00 00 00 00 00 00 00 00 00 00 00 00 00 00 00 00 00 00 00 00 00 00 00 00 00 00 00 00 00 00 00 00 00 00 00 00 00 00 00 00 00 00 00 00 00 00 00 00 00 00 00 00 00 00 00 00 00 00 00 00 00 00 00 00 00 00 00 00 00 00 00 00 00 00 00 00 00 00 00 00 00 00 00 00 00 00 00 00 00 00 00 00 00 00 00 00 00 00 00 00 00 00 00 00 00 00 00 00 00 00 00 00 00 00 00 00 00 00 00 00 00 00 00 00 00 00 00 00 00 00 00 00 00 00 00 00 00 00 00 00 00 00 00 00 00 00 00 00 00 00 00 00 00 00 00 00 00 00 00 00 00 00 00 00 00 00 00 00 00 00 00 00 00 00 00 00 00 00 00 00 00 00 00 00 00 00 00 00 00 00 00 00 00 00 00 00 00 00 00 00 00 00 00 00 00 00 00 00 00 00 00 00 00 00 00 00 00 00 00 00 00 00 00 00 00 00 00 00 00 00 00 00 00 00 00 00 00 00 00 00 00 00 00 00 00 00 00 00 00 00 00 00 00 00 00 00 00 00 00 00 00 00 00 00 00 00 00 00 00 00 00 00 00 00 00 00 00 00 00 00 00 00 00 00 00 00 00 00 00 00 00 00 00 00 00 00 00 00 00 00 00 00 00 00 00 00 00 00 00 00 00 00 00 00 00 00 00 00 00 00 00 00 00 00 00 00 00 00 00 00 00 00 00 00 00 00 00 00 00 00 00 00 00 00 00 00 00 00 00 00 00 00 00 00 00 00 00 00 00 00 00 00 00 00 00 00 00 00 00 00 00 00 00 00 00 00 00 00 00 00 00 00 00 00 00 00 00 00 00 00 00 00 00 00 00 00 00 00 00 00 00 00 00 00 00 00 00 00 00 00 00 00 00 00 00 00 00 00 00 00 00 00 00 00 00 00 00 00 00 00 00 00 00 00 00 00 00 00 00 00 00 00 00 00 00 00 00 00 00 00 00 00 00 00 00 00 00 00 00 00 00 00 00 00 00 00 00 00 00 00 00 00 00 00 00 00 00 00 00 00 00 00 00 00 00 00 00 00 00 00 00 00 00 00 00 00 56 13 6B 5E 00 F7
2026-10-06 05:01:29.715  TX  F0 52 00 6E 64 20 00 01 05 55 00 00 00 00 F7  (set_param)
2026-10-06 05:01:29.726  TX  F0 52 00 6E 64 20 00 00 02 4B 00 00 00 00 F7  (set_param)
2026-10-06 05:01:29.742  RX  F0 52 00 6E 64 20 01 01 05 55 00 00 00 00 F7
2026-10-06 05:01:29.751  RX  F0 52 00 6E 64 20 01 00 02 4B 00 00 00 00 F7
2026-10-06 05:01:29.776  TX  F0 52 00 6E 64 20 00 01 05 5B 00 00 00 00 F7  (set_param)
2026-10-06 05:01:29.786  TX  F0 52 00 6E 64 20 00 00 02 2F 00 00 00 00 F7  (set_param)
2026-10-06 05:01:29.810  RX  F0 52 00 6E 64 20 01 01 05 5B 00 00 00 00 F7
2026-10-06 05:01:29.818  RX  F0 52 00 6E 64 20 01 00 02 2F 00 00 00 00 F7
2026-10-06 05:01:29.836  TX  F0 52 00 6E 64 20 00 01 05 5F 00 00 00 00 F7  (set_param)
2026-10-06 05:01:29.847  TX  F0 52 00 6E 64 20 00 00 02 1A 00 00 00 00 F7  (set_param)
2026-10-06 05:01:29.876  RX  F0 52 00 6E 64 20 01 01 05 5F 00 00 00 00 F7
2026-10-06 05:01:29.876  RX  F0 52 00 6E 64 20 01 00 02 1A 00 00 00 00 F7
2026-10-06 05:01:29.896  TX  F0 52 00 6E 64 20 00 01 05 62 00 00 00 00 F7  (set_param)
2026-10-06 05:01:29.907  TX  F0 52 00 6E 64 20 00 00 02 0C 00 00 00 00 F7  (set_param)
2026-10-06 05:01:29.925  RX  F0 52 00 6E 64 20 01 01 05 62 00 00 00 00 F7
2026-10-06 05:01:29.933  RX  F0 52 00 6E 64 20 01 00 02 0C 00 00 00 00 F7
2026-10-06 05:01:29.955  TX  F0 52 00 6E 64 20 00 01 05 63 00 00 00 00 F7  (set_param)
2026-10-06 05:01:29.966  TX  F0 52 00 6E 64 20 00 00 02 04 00 00 00 00 F7  (set_param)
2026-10-06 05:01:29.991  RX  F0 52 00 6E 64 20 01 01 05 63 00 00 00 00 F7
2026-10-06 05:01:30.000  RX  F0 52 00 6E 64 20 01 00 02 04 00 00 00 00 F7
2026-10-06 05:01:30.015  TX  F0 52 00 6E 64 20 00 01 05 64 00 00 00 00 F7  (set_param)
2026-10-06 05:01:30.027  TX  F0 52 00 6E 64 20 00 00 02 00 00 00 00 00 F7  (set_param)
2026-10-06 05:01:30.058  RX  F0 52 00 6E 64 20 01 01 05 64 00 00 00 00 F7
2026-10-06 05:01:30.059  RX  F0 52 00 6E 64 20 01 00 02 00 00 00 00 00 F7
2026-10-06 05:01:32.225  --  12 gesendet, 12 bestätigt, 0 ohne Ack, Latenz CC→Ack Median 38.7 ms / Max 44.8 ms
2026-10-06 05:01:38.064  TX  F0 52 00 6E 64 20 00 01 05 61 00 00 00 00 F7  (set_param)
2026-10-06 05:01:38.075  TX  F0 52 00 6E 64 20 00 00 02 0D 00 00 00 00 F7  (set_param)
2026-10-06 05:01:38.094  RX  F0 52 00 6E 64 20 01 01 05 61 00 00 00 00 F7
2026-10-06 05:01:38.104  RX  F0 52 00 6E 64 20 01 00 02 0D 00 00 00 00 F7
2026-10-06 05:01:38.124  TX  F0 52 00 6E 64 20 00 01 05 5E 00 00 00 00 F7  (set_param)
2026-10-06 05:01:38.135  TX  F0 52 00 6E 64 20 00 00 02 1F 00 00 00 00 F7  (set_param)
2026-10-06 05:01:38.164  RX  F0 52 00 6E 64 20 01 01 05 5E 00 00 00 00 F7
2026-10-06 05:01:38.164  RX  F0 52 00 6E 64 20 01 00 02 1F 00 00 00 00 F7
2026-10-06 05:01:38.184  TX  F0 52 00 6E 64 20 00 01 05 5A 00 00 00 00 F7  (set_param)
2026-10-06 05:01:38.195  TX  F0 52 00 6E 64 20 00 00 02 34 00 00 00 00 F7  (set_param)
2026-10-06 05:01:38.213  RX  F0 52 00 6E 64 20 01 01 05 5A 00 00 00 00 F7
2026-10-06 05:01:38.222  RX  F0 52 00 6E 64 20 01 00 02 34 00 00 00 00 F7
2026-10-06 05:01:38.245  TX  F0 52 00 6E 64 20 00 01 05 55 00 00 00 00 F7  (set_param)
2026-10-06 05:01:38.256  TX  F0 52 00 6E 64 20 00 00 02 49 00 00 00 00 F7  (set_param)
2026-10-06 05:01:38.283  RX  F0 52 00 6E 64 20 01 01 05 55 00 00 00 00 F7
2026-10-06 05:01:38.294  RX  F0 52 00 6E 64 20 01 00 02 49 00 00 00 00 F7
2026-10-06 05:01:38.305  TX  F0 52 00 6E 64 20 00 01 05 52 00 00 00 00 F7  (set_param)
2026-10-06 05:01:38.316  TX  F0 52 00 6E 64 20 00 00 02 5B 00 00 00 00 F7  (set_param)
2026-10-06 05:01:38.355  RX  F0 52 00 6E 64 20 01 01 05 52 00 00 00 00 F7
2026-10-06 05:01:38.356  RX  F0 52 00 6E 64 20 01 00 02 5B 00 00 00 00 F7
2026-10-06 05:01:38.364  TX  F0 52 00 6E 64 20 00 01 05 50 00 00 00 00 F7  (set_param)
2026-10-06 05:01:38.375  TX  F0 52 00 6E 64 20 00 00 02 64 00 00 00 00 F7  (set_param)
2026-10-06 05:01:38.404  RX  F0 52 00 6E 64 20 01 01 05 50 00 00 00 00 F7
2026-10-06 05:01:38.404  RX  F0 52 00 6E 64 20 01 00 02 64 00 00 00 00 F7
2026-10-06 05:01:42.227  --  12 gesendet, 12 bestätigt, 0 ohne Ack, Latenz CC→Ack Median 39.6 ms / Max 50.3 ms
2026-10-06 05:01:55.669  RX  F0 52 00 6E 64 20 00 64 01 00 00 00 00 00 F7
2026-10-06 05:02:02.389  RX  F0 52 00 6E 64 20 00 00 06 16 00 00 00 00 F7
2026-10-06 05:02:02.645  RX  F0 52 00 6E 64 20 00 00 06 15 00 00 00 00 F7
2026-10-06 05:02:02.790  RX  F0 52 00 6E 64 20 00 00 06 14 00 00 00 00 F7
2026-10-06 05:02:02.965  RX  F0 52 00 6E 64 20 00 00 06 13 00 00 00 00 F7
2026-10-06 05:02:03.014  RX  F0 52 00 6E 64 20 00 00 06 11 00 00 00 00 F7
2026-10-06 05:02:03.269  RX  F0 52 00 6E 64 20 00 00 06 10 00 00 00 00 F7
2026-10-06 05:02:03.478  RX  F0 52 00 6E 64 20 00 00 06 0F 00 00 00 00 F7
2026-10-06 05:02:03.701  RX  F0 52 00 6E 64 20 00 00 06 0E 00 00 00 00 F7
2026-10-06 05:02:03.749  RX  F0 52 00 6E 64 20 00 00 06 0C 00 00 00 00 F7
2026-10-06 05:02:03.974  RX  F0 52 00 6E 64 20 00 00 06 0B 00 00 00 00 F7
2026-10-06 05:02:06.676  RX  F0 52 00 6E 64 20 00 64 01 01 00 00 00 00 F7
2026-10-06 05:02:10.205  RX  F0 52 00 6E 64 20 00 64 01 00 00 00 00 00 F7
2026-10-06 05:02:10.696  RX  F0 52 00 6E 64 20 00 64 01 01 00 00 00 00 F7
2026-10-06 05:02:17.916  RX  F0 52 00 6E 64 20 00 01 03 0A 00 00 00 00 F7
2026-10-06 05:02:17.964  RX  F0 52 00 6E 64 20 00 01 03 0B 00 00 00 00 F7
2026-10-06 05:02:17.995  RX  F0 52 00 6E 64 20 00 01 03 0C 00 00 00 00 F7
2026-10-06 05:02:18.045  RX  F0 52 00 6E 64 20 00 01 03 0D 00 00 00 00 F7
2026-10-06 05:02:18.076  RX  F0 52 00 6E 64 20 00 01 03 0E 00 00 00 00 F7
2026-10-06 05:02:18.109  RX  F0 52 00 6E 64 20 00 01 03 0F 00 00 00 00 F7
2026-10-06 05:02:18.172  RX  F0 52 00 6E 64 20 00 01 03 10 00 00 00 00 F7
2026-10-06 05:02:18.236  RX  F0 52 00 6E 64 20 00 01 03 11 00 00 00 00 F7
2026-10-06 05:02:18.284  RX  F0 52 00 6E 64 20 00 01 03 12 00 00 00 00 F7
2026-10-06 05:02:18.347  RX  F0 52 00 6E 64 20 00 01 03 13 00 00 00 00 F7
2026-10-06 05:02:21.260  RX  F0 52 00 6E 64 20 00 01 03 14 00 00 00 00 F7
2026-10-06 05:02:21.292  RX  F0 52 00 6E 64 20 00 01 03 15 00 00 00 00 F7
2026-10-06 05:02:21.324  RX  F0 52 00 6E 64 20 00 01 03 16 00 00 00 00 F7
2026-10-06 05:02:21.356  RX  F0 52 00 6E 64 20 00 01 03 17 00 00 00 00 F7
2026-10-06 05:02:21.404  RX  F0 52 00 6E 64 20 00 01 03 18 00 00 00 00 F7
2026-10-06 05:02:21.420  RX  F0 52 00 6E 64 20 00 01 03 19 00 00 00 00 F7
2026-10-06 05:02:21.456  RX  F0 52 00 6E 64 20 00 01 03 1A 00 00 00 00 F7
2026-10-06 05:02:21.484  RX  F0 52 00 6E 64 20 00 01 03 1B 00 00 00 00 F7
2026-10-06 05:02:21.789  RX  F0 52 00 6E 64 20 00 01 03 1C 00 00 00 00 F7
2026-10-06 05:02:21.820  RX  F0 52 00 6E 64 20 00 01 03 1D 00 00 00 00 F7
2026-10-06 05:02:29.424  RX  F0 52 00 6E 64 20 00 64 01 00 00 00 00 00 F7
2026-10-06 05:02:33.032  RX  F0 52 00 6E 64 20 00 00 06 0C 00 00 00 00 F7
2026-10-06 05:02:33.304  RX  F0 52 00 6E 64 20 00 00 06 0D 00 00 00 00 F7
2026-10-06 05:02:33.960  RX  F0 52 00 6E 64 20 00 00 06 0E 00 00 00 00 F7
2026-10-06 05:02:35.176  RX  F0 52 00 6E 64 20 00 00 06 0F 00 00 00 00 F7
2026-10-06 05:02:35.944  RX  F0 52 00 6E 64 20 00 00 06 10 00 00 00 00 F7
2026-10-06 05:02:36.376  RX  F0 52 00 6E 64 20 00 00 06 11 00 00 00 00 F7
2026-10-06 05:02:44.513  TX  F0 52 00 6E 64 20 00 01 05 57 00 00 00 00 F7  (set_param)
2026-10-06 05:02:44.524  TX  F0 52 00 6E 64 20 00 00 02 41 00 00 00 00 F7  (set_param)
2026-10-06 05:02:44.536  RX  F0 52 00 6E 64 20 01 01 05 57 00 00 00 00 F7
2026-10-06 05:02:44.540  RX  F0 52 00 6E 64 20 01 00 02 41 00 00 00 00 F7
2026-10-06 05:02:44.574  TX  F0 52 00 6E 64 20 00 01 05 60 00 00 00 00 F7  (set_param)
2026-10-06 05:02:44.584  TX  F0 52 00 6E 64 20 00 00 02 13 00 00 00 00 F7  (set_param)
2026-10-06 05:02:44.596  RX  F0 52 00 6E 64 20 01 01 05 60 00 00 00 00 F7
2026-10-06 05:02:44.599  RX  F0 52 00 6E 64 20 01 00 02 13 00 00 00 00 F7
2026-10-06 05:02:44.634  TX  F0 52 00 6E 64 20 00 01 05 64 00 00 00 00 F7  (set_param)
2026-10-06 05:02:44.645  TX  F0 52 00 6E 64 20 00 00 02 00 00 00 00 00 F7  (set_param)
2026-10-06 05:02:44.658  RX  F0 52 00 6E 64 20 01 01 05 64 00 00 00 00 F7
2026-10-06 05:02:44.661  RX  F0 52 00 6E 64 20 01 00 02 00 00 00 00 00 F7
2026-10-06 05:02:45.042  TX  F0 52 00 6E 64 20 00 01 05 61 00 00 00 00 F7  (set_param)
2026-10-06 05:02:45.052  TX  F0 52 00 6E 64 20 00 00 02 0F 00 00 00 00 F7  (set_param)
2026-10-06 05:02:45.065  RX  F0 52 00 6E 64 20 01 01 05 61 00 00 00 00 F7
2026-10-06 05:02:45.069  RX  F0 52 00 6E 64 20 01 00 02 0F 00 00 00 00 F7
2026-10-06 05:02:45.101  TX  F0 52 00 6E 64 20 00 01 05 5D 00 00 00 00 F7  (set_param)
2026-10-06 05:02:45.112  TX  F0 52 00 6E 64 20 00 00 02 22 00 00 00 00 F7  (set_param)
2026-10-06 05:02:45.125  RX  F0 52 00 6E 64 20 01 01 05 5D 00 00 00 00 F7
2026-10-06 05:02:45.128  RX  F0 52 00 6E 64 20 01 00 02 22 00 00 00 00 F7
2026-10-06 05:02:45.161  TX  F0 52 00 6E 64 20 00 01 05 58 00 00 00 00 F7  (set_param)
2026-10-06 05:02:45.173  TX  F0 52 00 6E 64 20 00 00 02 3C 00 00 00 00 F7  (set_param)
2026-10-06 05:02:45.184  RX  F0 52 00 6E 64 20 01 01 05 58 00 00 00 00 F7
2026-10-06 05:02:45.189  RX  F0 52 00 6E 64 20 01 00 02 3C 00 00 00 00 F7
2026-10-06 05:02:45.222  TX  F0 52 00 6E 64 20 00 01 05 51 00 00 00 00 F7  (set_param)
2026-10-06 05:02:45.232  TX  F0 52 00 6E 64 20 00 00 02 5E 00 00 00 00 F7  (set_param)
2026-10-06 05:02:45.244  RX  F0 52 00 6E 64 20 01 01 05 51 00 00 00 00 F7
2026-10-06 05:02:45.248  RX  F0 52 00 6E 64 20 01 00 02 5E 00 00 00 00 F7
2026-10-06 05:02:45.282  TX  F0 52 00 6E 64 20 00 01 05 50 00 00 00 00 F7  (set_param)
2026-10-06 05:02:45.293  TX  F0 52 00 6E 64 20 00 00 02 64 00 00 00 00 F7  (set_param)
2026-10-06 05:02:45.305  RX  F0 52 00 6E 64 20 01 01 05 50 00 00 00 00 F7
2026-10-06 05:02:45.308  RX  F0 52 00 6E 64 20 01 00 02 64 00 00 00 00 F7
2026-10-06 05:02:47.235  --  16 gesendet, 16 bestätigt, 0 ohne Ack, Latenz CC→Ack Median 24.7 ms / Max 28.0 ms
2026-10-06 05:03:34.135  TX  F0 52 00 6E 64 20 00 01 05 59 00 00 00 00 F7  (set_param)
2026-10-06 05:03:34.146  TX  F0 52 00 6E 64 20 00 00 02 39 00 00 00 00 F7  (set_param)
2026-10-06 05:03:34.158  RX  F0 52 00 6E 64 20 01 01 05 59 00 00 00 00 F7
2026-10-06 05:03:34.161  RX  F0 52 00 6E 64 20 01 00 02 39 00 00 00 00 F7
2026-10-06 05:03:34.196  TX  F0 52 00 6E 64 20 00 01 05 63 00 00 00 00 F7  (set_param)
2026-10-06 05:03:34.206  TX  F0 52 00 6E 64 20 00 00 02 07 00 00 00 00 F7  (set_param)
2026-10-06 05:03:34.219  RX  F0 52 00 6E 64 20 01 01 05 63 00 00 00 00 F7
2026-10-06 05:03:34.223  RX  F0 52 00 6E 64 20 01 00 02 07 00 00 00 00 F7
2026-10-06 05:03:34.255  TX  F0 52 00 6E 64 20 00 01 05 64 00 00 00 00 F7  (set_param)
2026-10-06 05:03:34.266  TX  F0 52 00 6E 64 20 00 00 02 00 00 00 00 00 F7  (set_param)
2026-10-06 05:03:34.278  RX  F0 52 00 6E 64 20 01 01 05 64 00 00 00 00 F7
2026-10-06 05:03:34.282  RX  F0 52 00 6E 64 20 01 00 02 00 00 00 00 00 F7
2026-10-06 05:03:34.585  TX  F0 52 00 6E 64 20 00 01 05 62 00 00 00 00 F7  (set_param)
2026-10-06 05:03:34.596  TX  F0 52 00 6E 64 20 00 00 02 0A 00 00 00 00 F7  (set_param)
2026-10-06 05:03:34.609  RX  F0 52 00 6E 64 20 01 01 05 62 00 00 00 00 F7
2026-10-06 05:03:34.612  RX  F0 52 00 6E 64 20 01 00 02 0A 00 00 00 00 F7
2026-10-06 05:03:34.646  TX  F0 52 00 6E 64 20 00 01 05 5E 00 00 00 00 F7  (set_param)
2026-10-06 05:03:34.657  TX  F0 52 00 6E 64 20 00 00 02 1C 00 00 00 00 F7  (set_param)
2026-10-06 05:03:34.668  RX  F0 52 00 6E 64 20 01 01 05 5E 00 00 00 00 F7
2026-10-06 05:03:34.672  RX  F0 52 00 6E 64 20 01 00 02 1C 00 00 00 00 F7
2026-10-06 05:03:34.706  TX  F0 52 00 6E 64 20 00 01 05 5C 00 00 00 00 F7  (set_param)
2026-10-06 05:03:34.716  TX  F0 52 00 6E 64 20 00 00 02 2A 00 00 00 00 F7  (set_param)
2026-10-06 05:03:34.728  RX  F0 52 00 6E 64 20 01 01 05 5C 00 00 00 00 F7
2026-10-06 05:03:34.732  RX  F0 52 00 6E 64 20 01 00 02 2A 00 00 00 00 F7
2026-10-06 05:03:34.766  TX  F0 52 00 6E 64 20 00 01 05 59 00 00 00 00 F7  (set_param)
2026-10-06 05:03:34.776  TX  F0 52 00 6E 64 20 00 00 02 38 00 00 00 00 F7  (set_param)
2026-10-06 05:03:34.789  RX  F0 52 00 6E 64 20 01 01 05 59 00 00 00 00 F7
2026-10-06 05:03:34.791  RX  F0 52 00 6E 64 20 01 00 02 38 00 00 00 00 F7
2026-10-06 05:03:34.825  TX  F0 52 00 6E 64 20 00 01 05 56 00 00 00 00 F7  (set_param)
2026-10-06 05:03:34.836  TX  F0 52 00 6E 64 20 00 00 02 48 00 00 00 00 F7  (set_param)
2026-10-06 05:03:34.848  RX  F0 52 00 6E 64 20 01 01 05 56 00 00 00 00 F7
2026-10-06 05:03:34.853  RX  F0 52 00 6E 64 20 01 00 02 48 00 00 00 00 F7
2026-10-06 05:03:34.886  TX  F0 52 00 6E 64 20 00 01 05 52 00 00 00 00 F7  (set_param)
2026-10-06 05:03:34.896  TX  F0 52 00 6E 64 20 00 00 02 58 00 00 00 00 F7  (set_param)
2026-10-06 05:03:34.907  RX  F0 52 00 6E 64 20 01 01 05 52 00 00 00 00 F7
2026-10-06 05:03:34.911  RX  F0 52 00 6E 64 20 01 00 02 58 00 00 00 00 F7
2026-10-06 05:03:34.946  TX  F0 52 00 6E 64 20 00 01 05 50 00 00 00 00 F7  (set_param)
2026-10-06 05:03:34.956  TX  F0 52 00 6E 64 20 00 00 02 62 00 00 00 00 F7  (set_param)
2026-10-06 05:03:34.969  RX  F0 52 00 6E 64 20 01 01 05 50 00 00 00 00 F7
2026-10-06 05:03:34.973  RX  F0 52 00 6E 64 20 01 00 02 62 00 00 00 00 F7
2026-10-06 05:03:35.006  TX  F0 52 00 6E 64 20 00 00 02 64 00 00 00 00 F7  (set_param)
2026-10-06 05:03:35.011  RX  F0 52 00 6E 64 20 01 00 02 64 00 00 00 00 F7
2026-10-06 05:03:37.241  --  21 gesendet, 21 bestätigt, 0 ohne Ack, Latenz CC→Ack Median 23.9 ms / Max 27.6 ms
2026-10-06 05:03:38.720  TX  F0 52 00 6E 64 20 00 01 05 57 00 00 00 00 F7  (set_param)
2026-10-06 05:03:38.731  TX  F0 52 00 6E 64 20 00 00 02 3F 00 00 00 00 F7  (set_param)
2026-10-06 05:03:38.743  RX  F0 52 00 6E 64 20 01 01 05 57 00 00 00 00 F7
2026-10-06 05:03:38.747  RX  F0 52 00 6E 64 20 01 00 02 3F 00 00 00 00 F7
2026-10-06 05:03:38.780  TX  F0 52 00 6E 64 20 00 01 05 62 00 00 00 00 F7  (set_param)
2026-10-06 05:03:38.791  TX  F0 52 00 6E 64 20 00 00 02 0C 00 00 00 00 F7  (set_param)
2026-10-06 05:03:38.803  RX  F0 52 00 6E 64 20 01 01 05 62 00 00 00 00 F7
2026-10-06 05:03:38.807  RX  F0 52 00 6E 64 20 01 00 02 0C 00 00 00 00 F7
2026-10-06 05:03:38.840  TX  F0 52 00 6E 64 20 00 01 05 64 00 00 00 00 F7  (set_param)
2026-10-06 05:03:38.851  TX  F0 52 00 6E 64 20 00 00 02 00 00 00 00 00 F7  (set_param)
2026-10-06 05:03:38.864  RX  F0 52 00 6E 64 20 01 01 05 64 00 00 00 00 F7
2026-10-06 05:03:38.867  RX  F0 52 00 6E 64 20 01 00 02 00 00 00 00 00 F7
2026-10-06 05:03:39.111  TX  F0 52 00 6E 64 20 00 01 05 61 00 00 00 00 F7  (set_param)
2026-10-06 05:03:39.121  TX  F0 52 00 6E 64 20 00 00 02 11 00 00 00 00 F7  (set_param)
2026-10-06 05:03:39.134  RX  F0 52 00 6E 64 20 01 01 05 61 00 00 00 00 F7
2026-10-06 05:03:39.138  RX  F0 52 00 6E 64 20 01 00 02 11 00 00 00 00 F7
2026-10-06 05:03:39.166  TX  F0 52 00 6E 64 20 00 01 05 5C 00 00 00 00 F7  (set_param)
2026-10-06 05:03:39.177  TX  F0 52 00 6E 64 20 00 00 02 28 00 00 00 00 F7  (set_param)
2026-10-06 05:03:39.189  RX  F0 52 00 6E 64 20 01 01 05 5C 00 00 00 00 F7
2026-10-06 05:03:39.193  RX  F0 52 00 6E 64 20 01 00 02 28 00 00 00 00 F7
2026-10-06 05:03:39.224  TX  F0 52 00 6E 64 20 00 01 05 59 00 00 00 00 F7  (set_param)
2026-10-06 05:03:39.234  TX  F0 52 00 6E 64 20 00 00 02 36 00 00 00 00 F7  (set_param)
2026-10-06 05:03:39.246  RX  F0 52 00 6E 64 20 01 01 05 59 00 00 00 00 F7
2026-10-06 05:03:39.250  RX  F0 52 00 6E 64 20 01 00 02 36 00 00 00 00 F7
2026-10-06 05:03:39.287  TX  F0 52 00 6E 64 20 00 01 05 57 00 00 00 00 F7  (set_param)
2026-10-06 05:03:39.298  TX  F0 52 00 6E 64 20 00 00 02 41 00 00 00 00 F7  (set_param)
2026-10-06 05:03:39.310  RX  F0 52 00 6E 64 20 01 01 05 57 00 00 00 00 F7
2026-10-06 05:03:39.314  RX  F0 52 00 6E 64 20 01 00 02 41 00 00 00 00 F7
2026-10-06 05:03:39.344  TX  F0 52 00 6E 64 20 00 01 05 53 00 00 00 00 F7  (set_param)
2026-10-06 05:03:39.355  TX  F0 52 00 6E 64 20 00 00 02 55 00 00 00 00 F7  (set_param)
2026-10-06 05:03:39.367  RX  F0 52 00 6E 64 20 01 01 05 53 00 00 00 00 F7
2026-10-06 05:03:39.371  RX  F0 52 00 6E 64 20 01 00 02 55 00 00 00 00 F7
2026-10-06 05:03:39.392  TX  F0 52 00 6E 64 20 00 01 05 50 00 00 00 00 F7  (set_param)
2026-10-06 05:03:39.403  TX  F0 52 00 6E 64 20 00 00 02 64 00 00 00 00 F7  (set_param)
2026-10-06 05:03:39.420  RX  F0 52 00 6E 64 20 01 01 05 50 00 00 00 00 F7
2026-10-06 05:03:39.424  RX  F0 52 00 6E 64 20 01 00 02 64 00 00 00 00 F7
2026-10-06 05:03:42.241  --  18 gesendet, 18 bestätigt, 0 ohne Ack, Latenz CC→Ack Median 26.4 ms / Max 32.5 ms
2026-10-06 05:03:43.190  RX  F0 52 00 6E 64 20 00 64 01 01 00 00 00 00 F7
2026-10-06 05:03:46.158  RX  F0 52 00 6E 64 12 00 50 06 04 50 54 43 46 44 00 00 00 00 02 00 00 00 02 00 00 00 00 00 00 08 00 00 00 00 00 00 00 00 55 53 00 45 52 2D 30 30 32 20 00 20 40 20 00 0B 60 00 00 00 0B 54 58 4A 31 00 00 00 00 00 54 58 45 31 00 00 00 00 00 45 44 54 02 42 30 00 00 00 01 40 0D 00 16 19 10 01 0C 10 00 41 04 40 05 00 00 00 00 00 00 00 00 00 00 00 20 00 41 00 00 16 0C 74 00 40 01 40 01 00 00 00 00 00 00 00 00 00 00 00 00 00 00 00 00 50 52 4D 00 32 20 00 00 00 00 00 00 00 00 00 00 00 00 00 40 00 2C 00 00 00 00 00 00 00 00 00 00 00 00 00 00 00 00 00 00 00 00 00 40 00 07 4E 41 4D 45 20 00 00 00 00 55 53 45 52 00 2D 30 30 32 20 20 20 00 20 20 20 20 20 20 20 00 20 20 20 20 20 20 20 00 20 20 20 00 00 00 00 00 00 00 00 00 00 00 00 00 00 00 00 00 00 00 00 00 00 00 00 00 00 00 00 00 00 00 00 00 00 00 00 00 00 00 00 00 00 00 00 00 00 00 00 00 00 00 00 00 00 00 00 00 00 00 00 00 00 00 00 00 00 00 00 00 00 00 00 00 00 00 00 00 00 00 00 00 00 00 00 00 00 00 00 00 00 00 00 00 00 00 00 00 00 00 00 00 00 00 00 00 00 00 00 00 00 00 00 00 00 00 00 00 00 00 00 00 00 00 00 00 00 00 00 00 00 00 00 00 00 00 00 00 00 00 00 00 00 00 00 00 00 00 00 00 00 00 00 00 00 00 00 00 00 00 00 00 00 00 00 00 00 00 00 00 00 00 00 00 00 00 00 00 00 00 00 00 00 00 00 00 00 00 00 00 00 00 00 00 00 00 00 00 00 00 00 00 00 00 00 00 00 00 00 00 00 00 00 00 00 00 00 00 00 00 00 00 00 00 00 00 00 00 00 00 00 00 00 00 00 00 00 00 00 00 00 00 00 00 00 00 00 00 00 00 00 00 00 00 00 00 00 00 00 00 00 00 00 00 00 00 00 00 00 00 00 00 00 00 00 00 00 00 00 00 00 00 00 00 00 00 00 00 00 00 00 00 00 00 00 00 00 00 00 00 00 00 00 00 00 00 00 00 00 00 00 00 00 00 00 00 00 00 00 00 00 00 00 00 00 00 00 00 00 00 00 00 00 00 00 00 00 00 00 00 00 00 00 00 00 00 00 00 00 00 00 00 00 00 00 00 00 00 00 00 00 00 00 00 00 00 00 00 00 00 00 00 00 00 00 00 00 00 00 00 00 00 00 00 00 00 00 00 00 00 00 00 00 00 00 00 00 00 00 00 00 00 00 00 00 00 00 00 00 00 00 00 00 00 00 00 00 00 00 00 00 00 00 00 00 00 00 00 00 00 00 00 00 00 00 00 00 00 00 00 00 00 00 00 00 00 00 00 00 00 00 00 00 00 00 00 00 00 00 00 00 00 00 00 00 00 00 00 00 00 00 00 00 00 00 00 00 00 00 00 00 00 00 00 00 00 00 00 00 00 00 00 00 00 00 00 00 00 00 00 00 00 00 00 00 00 00 00 00 00 00 00 00 00 00 00 00 00 00 00 00 00 00 00 00 00 00 00 00 00 00 00 00 00 00 00 00 00 00 00 00 00 00 00 00 00 00 00 00 00 00 00 00 00 00 00 00 00 00 00 00 00 00 00 00 00 00 00 00 00 00 00 00 00 00 00 00 00 00 00 00 00 00 00 00 00 00 00 00 00 00 00 00 00 00 00 00 00 00 00 00 00 00 00 00 00 00 00 00 00 00 00 00 00 00 00 00 00 00 00 00 00 00 00 00 00 00 00 00 00 00 00 00 00 00 00 00 00 00 00 00 00 00 00 00 00 00 00 00 00 00 00 00 00 00 00 00 00 00 00 00 00 00 00 00 00 00 00 00 00 00 00 00 00 00 00 00 00 00 00 00 00 00 00 00 00 00 00 00 00 00 00 00 00 00 00 00 00 00 00 00 00 00 00 00 00 00 00 00 00 00 00 00 00 00 00 00 00 00 00 00 00 00 00 00 00 00 00 00 00 00 00 00 00 00 00 00 00 00 00 00 00 00 00 00 00 00 00 00 00 00 41 31 11 1E 09 F7
2026-10-06 05:03:46.659  RX  F0 52 00 6E 64 12 00 50 06 04 50 54 43 46 44 00 00 00 00 02 00 00 00 02 00 00 00 00 00 00 08 00 00 00 00 00 00 00 00 55 53 00 45 52 2D 30 30 32 20 00 20 40 20 00 0B 50 00 00 00 0B 54 58 4A 31 00 00 00 00 00 54 58 45 31 00 00 00 00 00 45 44 54 02 42 30 00 00 00 01 40 0D 00 16 19 10 01 0C 10 00 41 04 40 05 00 00 00 00 00 00 00 00 00 00 00 20 00 21 00 00 16 0C 24 40 00 0B 00 00 00 00 00 00 00 00 00 00 00 00 00 00 00 00 00 00 50 52 4D 00 32 20 00 00 00 00 00 00 00 00 00 00 00 00 00 40 00 2C 00 00 00 00 00 00 00 00 00 00 00 00 00 00 00 00 00 00 00 00 00 40 00 07 4E 41 4D 45 20 00 00 00 00 55 53 45 52 00 2D 30 30 32 20 20 20 00 20 20 20 20 20 20 20 00 20 20 20 20 20 20 20 00 20 20 20 00 00 00 00 00 00 00 00 00 00 00 00 00 00 00 00 00 00 00 00 00 00 00 00 00 00 00 00 00 00 00 00 00 00 00 00 00 00 00 00 00 00 00 00 00 00 00 00 00 00 00 00 00 00 00 00 00 00 00 00 00 00 00 00 00 00 00 00 00 00 00 00 00 00 00 00 00 00 00 00 00 00 00 00 00 00 00 00 00 00 00 00 00 00 00 00 00 00 00 00 00 00 00 00 00 00 00 00 00 00 00 00 00 00 00 00 00 00 00 00 00 00 00 00 00 00 00 00 00 00 00 00 00 00 00 00 00 00 00 00 00 00 00 00 00 00 00 00 00 00 00 00 00 00 00 00 00 00 00 00 00 00 00 00 00 00 00 00 00 00 00 00 00 00 00 00 00 00 00 00 00 00 00 00 00 00 00 00 00 00 00 00 00 00 00 00 00 00 00 00 00 00 00 00 00 00 00 00 00 00 00 00 00 00 00 00 00 00 00 00 00 00 00 00 00 00 00 00 00 00 00 00 00 00 00 00 00 00 00 00 00 00 00 00 00 00 00 00 00 00 00 00 00 00 00 00 00 00 00 00 00 00 00 00 00 00 00 00 00 00 00 00 00 00 00 00 00 00 00 00 00 00 00 00 00 00 00 00 00 00 00 00 00 00 00 00 00 00 00 00 00 00 00 00 00 00 00 00 00 00 00 00 00 00 00 00 00 00 00 00 00 00 00 00 00 00 00 00 00 00 00 00 00 00 00 00 00 00 00 00 00 00 00 00 00 00 00 00 00 00 00 00 00 00 00 00 00 00 00 00 00 00 00 00 00 00 00 00 00 00 00 00 00 00 00 00 00 00 00 00 00 00 00 00 00 00 00 00 00 00 00 00 00 00 00 00 00 00 00 00 00 00 00 00 00 00 00 00 00 00 00 00 00 00 00 00 00 00 00 00 00 00 00 00 00 00 00 00 00 00 00 00 00 00 00 00 00 00 00 00 00 00 00 00 00 00 00 00 00 00 00 00 00 00 00 00 00 00 00 00 00 00 00 00 00 00 00 00 00 00 00 00 00 00 00 00 00 00 00 00 00 00 00 00 00 00 00 00 00 00 00 00 00 00 00 00 00 00 00 00 00 00 00 00 00 00 00 00 00 00 00 00 00 00 00 00 00 00 00 00 00 00 00 00 00 00 00 00 00 00 00 00 00 00 00 00 00 00 00 00 00 00 00 00 00 00 00 00 00 00 00 00 00 00 00 00 00 00 00 00 00 00 00 00 00 00 00 00 00 00 00 00 00 00 00 00 00 00 00 00 00 00 00 00 00 00 00 00 00 00 00 00 00 00 00 00 00 00 00 00 00 00 00 00 00 00 00 00 00 00 00 00 00 00 00 00 00 00 00 00 00 00 00 00 00 00 00 00 00 00 00 00 00 00 00 00 00 00 00 00 00 00 00 00 00 00 00 00 00 00 00 00 00 00 00 00 00 00 00 00 00 00 00 00 00 00 00 00 00 00 00 00 00 00 00 00 00 00 00 00 00 00 00 00 00 00 00 00 00 00 00 00 00 00 00 00 00 00 00 00 00 00 00 00 00 00 00 00 00 00 00 00 00 00 00 00 00 00 00 00 00 00 00 00 00 00 00 00 00 00 00 00 00 00 00 00 00 00 00 00 00 00 00 00 00 00 00 00 00 00 1B 08 50 2E 0A F7
2026-10-06 05:03:47.300  RX  F0 52 00 6E 64 12 00 50 06 04 50 54 43 46 44 00 00 00 00 02 00 00 00 02 00 00 00 00 00 00 08 00 00 00 00 00 00 00 00 55 53 00 45 52 2D 30 30 32 20 00 20 40 20 00 0B 30 00 00 00 0B 54 58 4A 31 00 00 00 00 00 54 58 45 31 00 00 00 00 00 45 44 54 02 42 30 00 00 00 01 40 0D 00 16 19 10 01 0C 10 00 41 04 40 05 00 00 00 00 00 00 00 00 00 00 00 00 00 61 00 00 16 00 4C 40 00 0C 00 00 00 00 00 00 00 00 00 00 00 00 00 00 00 00 00 00 50 52 4D 00 32 20 00 00 00 00 00 00 00 00 00 00 00 00 00 40 00 2C 00 00 00 00 00 00 00 00 00 00 00 00 00 00 00 00 00 00 00 00 00 40 00 07 4E 41 4D 45 20 00 00 00 00 55 53 45 52 00 2D 30 30 32 20 20 20 00 20 20 20 20 20 20 20 00 20 20 20 20 20 20 20 00 20 20 20 00 00 00 00 00 00 00 00 00 00 00 00 00 00 00 00 00 00 00 00 00 00 00 00 00 00 00 00 00 00 00 00 00 00 00 00 00 00 00 00 00 00 00 00 00 00 00 00 00 00 00 00 00 00 00 00 00 00 00 00 00 00 00 00 00 00 00 00 00 00 00 00 00 00 00 00 00 00 00 00 00 00 00 00 00 00 00 00 00 00 00 00 00 00 00 00 00 00 00 00 00 00 00 00 00 00 00 00 00 00 00 00 00 00 00 00 00 00 00 00 00 00 00 00 00 00 00 00 00 00 00 00 00 00 00 00 00 00 00 00 00 00 00 00 00 00 00 00 00 00 00 00 00 00 00 00 00 00 00 00 00 00 00 00 00 00 00 00 00 00 00 00 00 00 00 00 00 00 00 00 00 00 00 00 00 00 00 00 00 00 00 00 00 00 00 00 00 00 00 00 00 00 00 00 00 00 00 00 00 00 00 00 00 00 00 00 00 00 00 00 00 00 00 00 00 00 00 00 00 00 00 00 00 00 00 00 00 00 00 00 00 00 00 00 00 00 00 00 00 00 00 00 00 00 00 00 00 00 00 00 00 00 00 00 00 00 00 00 00 00 00 00 00 00 00 00 00 00 00 00 00 00 00 00 00 00 00 00 00 00 00 00 00 00 00 00 00 00 00 00 00 00 00 00 00 00 00 00 00 00 00 00 00 00 00 00 00 00 00 00 00 00 00 00 00 00 00 00 00 00 00 00 00 00 00 00 00 00 00 00 00 00 00 00 00 00 00 00 00 00 00 00 00 00 00 00 00 00 00 00 00 00 00 00 00 00 00 00 00 00 00 00 00 00 00 00 00 00 00 00 00 00 00 00 00 00 00 00 00 00 00 00 00 00 00 00 00 00 00 00 00 00 00 00 00 00 00 00 00 00 00 00 00 00 00 00 00 00 00 00 00 00 00 00 00 00 00 00 00 00 00 00 00 00 00 00 00 00 00 00 00 00 00 00 00 00 00 00 00 00 00 00 00 00 00 00 00 00 00 00 00 00 00 00 00 00 00 00 00 00 00 00 00 00 00 00 00 00 00 00 00 00 00 00 00 00 00 00 00 00 00 00 00 00 00 00 00 00 00 00 00 00 00 00 00 00 00 00 00 00 00 00 00 00 00 00 00 00 00 00 00 00 00 00 00 00 00 00 00 00 00 00 00 00 00 00 00 00 00 00 00 00 00 00 00 00 00 00 00 00 00 00 00 00 00 00 00 00 00 00 00 00 00 00 00 00 00 00 00 00 00 00 00 00 00 00 00 00 00 00 00 00 00 00 00 00 00 00 00 00 00 00 00 00 00 00 00 00 00 00 00 00 00 00 00 00 00 00 00 00 00 00 00 00 00 00 00 00 00 00 00 00 00 00 00 00 00 00 00 00 00 00 00 00 00 00 00 00 00 00 00 00 00 00 00 00 00 00 00 00 00 00 00 00 00 00 00 00 00 00 00 00 00 00 00 00 00 00 00 00 00 00 00 00 00 00 00 00 00 00 00 00 00 00 00 00 00 00 00 00 00 00 00 00 00 00 00 00 00 00 00 00 00 00 00 00 00 00 00 00 00 00 00 00 00 00 00 00 00 00 00 00 00 00 00 00 00 00 00 00 00 00 00 00 00 00 00 00 00 00 00 00 00 00 00 00 00 00 00 00 71 66 04 50 0B F7
2026-10-06 05:03:47.823  RX  F0 52 00 6E 64 12 00 50 06 04 50 54 43 46 44 00 00 00 00 02 00 00 00 02 00 00 00 00 00 00 08 00 00 00 00 00 00 00 00 55 53 00 45 52 2D 30 30 32 20 00 20 40 20 00 0B 50 00 00 00 0B 54 58 4A 31 00 00 00 00 00 54 58 45 31 00 00 00 00 00 45 44 54 02 42 30 00 00 00 01 40 0D 00 16 19 10 01 0C 10 00 41 04 40 05 00 00 00 00 00 00 00 00 00 00 00 20 00 21 00 00 16 0C 24 40 00 0B 00 00 00 00 00 00 00 00 00 00 00 00 00 00 00 00 00 00 50 52 4D 00 32 20 00 00 00 00 00 00 00 00 00 00 00 00 00 40 00 2C 00 00 00 00 00 00 00 00 00 00 00 00 00 00 00 00 00 00 00 00 00 40 00 07 4E 41 4D 45 20 00 00 00 00 55 53 45 52 00 2D 30 30 32 20 20 20 00 20 20 20 20 20 20 20 00 20 20 20 20 20 20 20 00 20 20 20 00 00 00 00 00 00 00 00 00 00 00 00 00 00 00 00 00 00 00 00 00 00 00 00 00 00 00 00 00 00 00 00 00 00 00 00 00 00 00 00 00 00 00 00 00 00 00 00 00 00 00 00 00 00 00 00 00 00 00 00 00 00 00 00 00 00 00 00 00 00 00 00 00 00 00 00 00 00 00 00 00 00 00 00 00 00 00 00 00 00 00 00 00 00 00 00 00 00 00 00 00 00 00 00 00 00 00 00 00 00 00 00 00 00 00 00 00 00 00 00 00 00 00 00 00 00 00 00 00 00 00 00 00 00 00 00 00 00 00 00 00 00 00 00 00 00 00 00 00 00 00 00 00 00 00 00 00 00 00 00 00 00 00 00 00 00 00 00 00 00 00 00 00 00 00 00 00 00 00 00 00 00 00 00 00 00 00 00 00 00 00 00 00 00 00 00 00 00 00 00 00 00 00 00 00 00 00 00 00 00 00 00 00 00 00 00 00 00 00 00 00 00 00 00 00 00 00 00 00 00 00 00 00 00 00 00 00 00 00 00 00 00 00 00 00 00 00 00 00 00 00 00 00 00 00 00 00 00 00 00 00 00 00 00 00 00 00 00 00 00 00 00 00 00 00 00 00 00 00 00 00 00 00 00 00 00 00 00 00 00 00 00 00 00 00 00 00 00 00 00 00 00 00 00 00 00 00 00 00 00 00 00 00 00 00 00 00 00 00 00 00 00 00 00 00 00 00 00 00 00 00 00 00 00 00 00 00 00 00 00 00 00 00 00 00 00 00 00 00 00 00 00 00 00 00 00 00 00 00 00 00 00 00 00 00 00 00 00 00 00 00 00 00 00 00 00 00 00 00 00 00 00 00 00 00 00 00 00 00 00 00 00 00 00 00 00 00 00 00 00 00 00 00 00 00 00 00 00 00 00 00 00 00 00 00 00 00 00 00 00 00 00 00 00 00 00 00 00 00 00 00 00 00 00 00 00 00 00 00 00 00 00 00 00 00 00 00 00 00 00 00 00 00 00 00 00 00 00 00 00 00 00 00 00 00 00 00 00 00 00 00 00 00 00 00 00 00 00 00 00 00 00 00 00 00 00 00 00 00 00 00 00 00 00 00 00 00 00 00 00 00 00 00 00 00 00 00 00 00 00 00 00 00 00 00 00 00 00 00 00 00 00 00 00 00 00 00 00 00 00 00 00 00 00 00 00 00 00 00 00 00 00 00 00 00 00 00 00 00 00 00 00 00 00 00 00 00 00 00 00 00 00 00 00 00 00 00 00 00 00 00 00 00 00 00 00 00 00 00 00 00 00 00 00 00 00 00 00 00 00 00 00 00 00 00 00 00 00 00 00 00 00 00 00 00 00 00 00 00 00 00 00 00 00 00 00 00 00 00 00 00 00 00 00 00 00 00 00 00 00 00 00 00 00 00 00 00 00 00 00 00 00 00 00 00 00 00 00 00 00 00 00 00 00 00 00 00 00 00 00 00 00 00 00 00 00 00 00 00 00 00 00 00 00 00 00 00 00 00 00 00 00 00 00 00 00 00 00 00 00 00 00 00 00 00 00 00 00 00 00 00 00 00 00 00 00 00 00 00 00 00 00 00 00 00 00 00 00 00 00 00 00 00 00 00 00 00 00 00 00 00 00 00 00 00 00 00 00 00 00 00 00 00 00 00 00 00 00 00 00 1B 08 50 2E 0A F7
2026-10-06 05:03:48.100  RX  F0 52 00 6E 64 12 00 50 06 04 50 54 43 46 44 00 00 00 00 02 00 00 00 02 00 00 00 00 00 00 08 00 00 00 00 00 00 00 00 55 53 00 45 52 2D 30 30 32 20 00 20 40 20 00 0B 60 00 00 00 0B 54 58 4A 31 00 00 00 00 00 54 58 45 31 00 00 00 00 00 45 44 54 02 42 30 00 00 00 01 40 0D 00 16 19 10 01 0C 10 00 41 04 40 05 00 00 00 00 00 00 00 00 00 00 00 20 00 41 00 00 16 0C 74 00 40 01 40 01 00 00 00 00 00 00 00 00 00 00 00 00 00 00 00 00 50 52 4D 00 32 20 00 00 00 00 00 00 00 00 00 00 00 00 00 40 00 2C 00 00 00 00 00 00 00 00 00 00 00 00 00 00 00 00 00 00 00 00 00 40 00 07 4E 41 4D 45 20 00 00 00 00 55 53 45 52 00 2D 30 30 32 20 20 20 00 20 20 20 20 20 20 20 00 20 20 20 20 20 20 20 00 20 20 20 00 00 00 00 00 00 00 00 00 00 00 00 00 00 00 00 00 00 00 00 00 00 00 00 00 00 00 00 00 00 00 00 00 00 00 00 00 00 00 00 00 00 00 00 00 00 00 00 00 00 00 00 00 00 00 00 00 00 00 00 00 00 00 00 00 00 00 00 00 00 00 00 00 00 00 00 00 00 00 00 00 00 00 00 00 00 00 00 00 00 00 00 00 00 00 00 00 00 00 00 00 00 00 00 00 00 00 00 00 00 00 00 00 00 00 00 00 00 00 00 00 00 00 00 00 00 00 00 00 00 00 00 00 00 00 00 00 00 00 00 00 00 00 00 00 00 00 00 00 00 00 00 00 00 00 00 00 00 00 00 00 00 00 00 00 00 00 00 00 00 00 00 00 00 00 00 00 00 00 00 00 00 00 00 00 00 00 00 00 00 00 00 00 00 00 00 00 00 00 00 00 00 00 00 00 00 00 00 00 00 00 00 00 00 00 00 00 00 00 00 00 00 00 00 00 00 00 00 00 00 00 00 00 00 00 00 00 00 00 00 00 00 00 00 00 00 00 00 00 00 00 00 00 00 00 00 00 00 00 00 00 00 00 00 00 00 00 00 00 00 00 00 00 00 00 00 00 00 00 00 00 00 00 00 00 00 00 00 00 00 00 00 00 00 00 00 00 00 00 00 00 00 00 00 00 00 00 00 00 00 00 00 00 00 00 00 00 00 00 00 00 00 00 00 00 00 00 00 00 00 00 00 00 00 00 00 00 00 00 00 00 00 00 00 00 00 00 00 00 00 00 00 00 00 00 00 00 00 00 00 00 00 00 00 00 00 00 00 00 00 00 00 00 00 00 00 00 00 00 00 00 00 00 00 00 00 00 00 00 00 00 00 00 00 00 00 00 00 00 00 00 00 00 00 00 00 00 00 00 00 00 00 00 00 00 00 00 00 00 00 00 00 00 00 00 00 00 00 00 00 00 00 00 00 00 00 00 00 00 00 00 00 00 00 00 00 00 00 00 00 00 00 00 00 00 00 00 00 00 00 00 00 00 00 00 00 00 00 00 00 00 00 00 00 00 00 00 00 00 00 00 00 00 00 00 00 00 00 00 00 00 00 00 00 00 00 00 00 00 00 00 00 00 00 00 00 00 00 00 00 00 00 00 00 00 00 00 00 00 00 00 00 00 00 00 00 00 00 00 00 00 00 00 00 00 00 00 00 00 00 00 00 00 00 00 00 00 00 00 00 00 00 00 00 00 00 00 00 00 00 00 00 00 00 00 00 00 00 00 00 00 00 00 00 00 00 00 00 00 00 00 00 00 00 00 00 00 00 00 00 00 00 00 00 00 00 00 00 00 00 00 00 00 00 00 00 00 00 00 00 00 00 00 00 00 00 00 00 00 00 00 00 00 00 00 00 00 00 00 00 00 00 00 00 00 00 00 00 00 00 00 00 00 00 00 00 00 00 00 00 00 00 00 00 00 00 00 00 00 00 00 00 00 00 00 00 00 00 00 00 00 00 00 00 00 00 00 00 00 00 00 00 00 00 00 00 00 00 00 00 00 00 00 00 00 00 00 00 00 00 00 00 00 00 00 00 00 00 00 00 00 00 00 00 00 00 00 00 00 00 00 00 00 00 00 00 00 00 00 00 00 00 00 00 00 00 00 00 00 00 00 00 00 00 00 00 00 00 00 00 41 31 11 1E 09 F7
2026-10-06 05:03:48.321  RX  F0 52 00 6E 64 12 00 50 06 04 50 54 43 46 44 00 00 00 00 02 00 00 00 02 00 00 00 00 00 00 08 00 00 00 00 00 00 00 00 55 53 00 45 52 2D 30 30 32 20 02 20 40 20 00 0B 00 00 00 00 0B 54 58 4A 31 00 00 00 00 00 54 58 45 31 00 00 00 00 00 45 44 54 02 42 30 00 00 00 01 40 0D 00 16 19 10 01 0C 10 00 41 04 40 05 00 00 00 00 00 00 00 00 00 00 00 04 00 01 01 00 56 04 14 00 00 0F 00 00 00 00 00 00 00 00 00 00 00 00 00 00 00 00 00 00 50 52 4D 00 32 20 00 00 00 00 00 00 00 00 00 00 00 00 00 40 00 2C 00 00 00 00 00 00 00 00 00 00 00 00 00 00 00 00 00 00 00 00 00 40 00 07 4E 41 4D 45 20 00 00 00 00 55 53 45 52 00 2D 30 30 32 20 20 20 00 20 20 20 20 20 20 20 00 20 20 20 20 20 20 20 00 20 20 20 00 00 00 00 00 00 00 00 00 00 00 00 00 00 00 00 00 00 00 00 00 00 00 00 00 00 00 00 00 00 00 00 00 00 00 00 00 00 00 00 00 00 00 00 00 00 00 00 00 00 00 00 00 00 00 00 00 00 00 00 00 00 00 00 00 00 00 00 00 00 00 00 00 00 00 00 00 00 00 00 00 00 00 00 00 00 00 00 00 00 00 00 00 00 00 00 00 00 00 00 00 00 00 00 00 00 00 00 00 00 00 00 00 00 00 00 00 00 00 00 00 00 00 00 00 00 00 00 00 00 00 00 00 00 00 00 00 00 00 00 00 00 00 00 00 00 00 00 00 00 00 00 00 00 00 00 00 00 00 00 00 00 00 00 00 00 00 00 00 00 00 00 00 00 00 00 00 00 00 00 00 00 00 00 00 00 00 00 00 00 00 00 00 00 00 00 00 00 00 00 00 00 00 00 00 00 00 00 00 00 00 00 00 00 00 00 00 00 00 00 00 00 00 00 00 00 00 00 00 00 00 00 00 00 00 00 00 00 00 00 00 00 00 00 00 00 00 00 00 00 00 00 00 00 00 00 00 00 00 00 00 00 00 00 00 00 00 00 00 00 00 00 00 00 00 00 00 00 00 00 00 00 00 00 00 00 00 00 00 00 00 00 00 00 00 00 00 00 00 00 00 00 00 00 00 00 00 00 00 00 00 00 00 00 00 00 00 00 00 00 00 00 00 00 00 00 00 00 00 00 00 00 00 00 00 00 00 00 00 00 00 00 00 00 00 00 00 00 00 00 00 00 00 00 00 00 00 00 00 00 00 00 00 00 00 00 00 00 00 00 00 00 00 00 00 00 00 00 00 00 00 00 00 00 00 00 00 00 00 00 00 00 00 00 00 00 00 00 00 00 00 00 00 00 00 00 00 00 00 00 00 00 00 00 00 00 00 00 00 00 00 00 00 00 00 00 00 00 00 00 00 00 00 00 00 00 00 00 00 00 00 00 00 00 00 00 00 00 00 00 00 00 00 00 00 00 00 00 00 00 00 00 00 00 00 00 00 00 00 00 00 00 00 00 00 00 00 00 00 00 00 00 00 00 00 00 00 00 00 00 00 00 00 00 00 00 00 00 00 00 00 00 00 00 00 00 00 00 00 00 00 00 00 00 00 00 00 00 00 00 00 00 00 00 00 00 00 00 00 00 00 00 00 00 00 00 00 00 00 00 00 00 00 00 00 00 00 00 00 00 00 00 00 00 00 00 00 00 00 00 00 00 00 00 00 00 00 00 00 00 00 00 00 00 00 00 00 00 00 00 00 00 00 00 00 00 00 00 00 00 00 00 00 00 00 00 00 00 00 00 00 00 00 00 00 00 00 00 00 00 00 00 00 00 00 00 00 00 00 00 00 00 00 00 00 00 00 00 00 00 00 00 00 00 00 00 00 00 00 00 00 00 00 00 00 00 00 00 00 00 00 00 00 00 00 00 00 00 00 00 00 00 00 00 00 00 00 00 00 00 00 00 00 00 00 00 00 00 00 00 00 00 00 00 00 00 00 00 00 00 00 00 00 00 00 00 00 00 00 00 00 00 00 00 00 00 00 00 00 00 00 00 00 00 00 00 00 00 00 00 00 00 00 00 00 00 00 00 00 00 00 00 00 00 00 00 00 00 00 00 00 00 00 00 00 00 00 00 00 00 4F 7B 66 67 06 F7
2026-10-06 05:03:48.599  RX  F0 52 00 6E 64 12 00 50 06 04 50 54 43 46 44 00 00 00 00 02 00 00 00 02 00 00 00 00 00 00 08 00 00 00 00 00 00 00 00 55 53 00 45 52 2D 30 30 32 20 00 20 40 20 00 0B 20 20 00 00 0B 54 58 4A 31 00 00 00 00 00 54 58 45 31 00 00 00 00 00 45 44 54 02 42 30 00 00 00 01 40 0D 00 16 19 10 01 0C 10 00 41 04 40 05 00 00 00 00 00 00 00 00 00 00 00 05 00 41 40 00 16 0C 10 40 01 0C 40 41 00 00 00 00 00 00 00 00 00 00 00 00 00 00 00 00 50 52 4D 00 32 20 00 00 00 00 00 00 00 00 00 00 00 00 00 40 00 2C 00 00 00 00 00 00 00 00 00 00 00 00 00 00 00 00 00 00 00 00 00 40 00 07 4E 41 4D 45 20 00 00 00 00 55 53 45 52 00 2D 30 30 32 20 20 20 00 20 20 20 20 20 20 20 00 20 20 20 20 20 20 20 00 20 20 20 00 00 00 00 00 00 00 00 00 00 00 00 00 00 00 00 00 00 00 00 00 00 00 00 00 00 00 00 00 00 00 00 00 00 00 00 00 00 00 00 00 00 00 00 00 00 00 00 00 00 00 00 00 00 00 00 00 00 00 00 00 00 00 00 00 00 00 00 00 00 00 00 00 00 00 00 00 00 00 00 00 00 00 00 00 00 00 00 00 00 00 00 00 00 00 00 00 00 00 00 00 00 00 00 00 00 00 00 00 00 00 00 00 00 00 00 00 00 00 00 00 00 00 00 00 00 00 00 00 00 00 00 00 00 00 00 00 00 00 00 00 00 00 00 00 00 00 00 00 00 00 00 00 00 00 00 00 00 00 00 00 00 00 00 00 00 00 00 00 00 00 00 00 00 00 00 00 00 00 00 00 00 00 00 00 00 00 00 00 00 00 00 00 00 00 00 00 00 00 00 00 00 00 00 00 00 00 00 00 00 00 00 00 00 00 00 00 00 00 00 00 00 00 00 00 00 00 00 00 00 00 00 00 00 00 00 00 00 00 00 00 00 00 00 00 00 00 00 00 00 00 00 00 00 00 00 00 00 00 00 00 00 00 00 00 00 00 00 00 00 00 00 00 00 00 00 00 00 00 00 00 00 00 00 00 00 00 00 00 00 00 00 00 00 00 00 00 00 00 00 00 00 00 00 00 00 00 00 00 00 00 00 00 00 00 00 00 00 00 00 00 00 00 00 00 00 00 00 00 00 00 00 00 00 00 00 00 00 00 00 00 00 00 00 00 00 00 00 00 00 00 00 00 00 00 00 00 00 00 00 00 00 00 00 00 00 00 00 00 00 00 00 00 00 00 00 00 00 00 00 00 00 00 00 00 00 00 00 00 00 00 00 00 00 00 00 00 00 00 00 00 00 00 00 00 00 00 00 00 00 00 00 00 00 00 00 00 00 00 00 00 00 00 00 00 00 00 00 00 00 00 00 00 00 00 00 00 00 00 00 00 00 00 00 00 00 00 00 00 00 00 00 00 00 00 00 00 00 00 00 00 00 00 00 00 00 00 00 00 00 00 00 00 00 00 00 00 00 00 00 00 00 00 00 00 00 00 00 00 00 00 00 00 00 00 00 00 00 00 00 00 00 00 00 00 00 00 00 00 00 00 00 00 00 00 00 00 00 00 00 00 00 00 00 00 00 00 00 00 00 00 00 00 00 00 00 00 00 00 00 00 00 00 00 00 00 00 00 00 00 00 00 00 00 00 00 00 00 00 00 00 00 00 00 00 00 00 00 00 00 00 00 00 00 00 00 00 00 00 00 00 00 00 00 00 00 00 00 00 00 00 00 00 00 00 00 00 00 00 00 00 00 00 00 00 00 00 00 00 00 00 00 00 00 00 00 00 00 00 00 00 00 00 00 00 00 00 00 00 00 00 00 00 00 00 00 00 00 00 00 00 00 00 00 00 00 00 00 00 00 00 00 00 00 00 00 00 00 00 00 00 00 00 00 00 00 00 00 00 00 00 00 00 00 00 00 00 00 00 00 00 00 00 00 00 00 00 00 00 00 00 00 00 00 00 00 00 00 00 00 00 00 00 00 00 00 00 00 00 00 00 00 00 00 00 00 00 00 00 00 00 00 00 00 00 00 00 00 00 00 00 00 00 00 00 00 00 00 00 00 00 00 00 00 00 00 00 00 00 00 4C 27 72 7F 09 F7
2026-10-06 05:03:49.542  RX  F0 52 00 6E 64 12 00 50 06 04 50 54 43 46 44 00 00 00 00 02 00 00 00 02 00 00 00 00 00 00 08 00 00 00 00 00 00 00 00 55 53 00 45 52 2D 30 30 32 20 00 20 40 20 00 0B 40 20 00 00 0B 54 58 4A 31 00 00 00 00 00 54 58 45 31 00 00 00 00 00 45 44 54 02 42 30 00 00 00 01 40 0D 00 16 19 10 01 0C 10 00 41 04 40 05 00 00 00 00 00 00 00 00 00 00 00 25 00 01 40 00 16 0C 10 58 01 0C 10 41 05 40 05 00 00 00 00 00 00 00 00 00 00 00 00 00 50 52 4D 00 32 20 00 00 00 00 00 00 00 00 00 00 00 00 00 40 00 2C 00 00 00 00 00 00 00 00 00 00 00 00 00 00 00 00 00 00 00 00 00 40 00 07 4E 41 4D 45 20 00 00 00 00 55 53 45 52 00 2D 30 30 32 20 20 20 00 20 20 20 20 20 20 20 00 20 20 20 20 20 20 20 00 20 20 20 00 00 00 00 00 00 00 00 00 00 00 00 00 00 00 00 00 00 00 00 00 00 00 00 00 00 00 00 00 00 00 00 00 00 00 00 00 00 00 00 00 00 00 00 00 00 00 00 00 00 00 00 00 00 00 00 00 00 00 00 00 00 00 00 00 00 00 00 00 00 00 00 00 00 00 00 00 00 00 00 00 00 00 00 00 00 00 00 00 00 00 00 00 00 00 00 00 00 00 00 00 00 00 00 00 00 00 00 00 00 00 00 00 00 00 00 00 00 00 00 00 00 00 00 00 00 00 00 00 00 00 00 00 00 00 00 00 00 00 00 00 00 00 00 00 00 00 00 00 00 00 00 00 00 00 00 00 00 00 00 00 00 00 00 00 00 00 00 00 00 00 00 00 00 00 00 00 00 00 00 00 00 00 00 00 00 00 00 00 00 00 00 00 00 00 00 00 00 00 00 00 00 00 00 00 00 00 00 00 00 00 00 00 00 00 00 00 00 00 00 00 00 00 00 00 00 00 00 00 00 00 00 00 00 00 00 00 00 00 00 00 00 00 00 00 00 00 00 00 00 00 00 00 00 00 00 00 00 00 00 00 00 00 00 00 00 00 00 00 00 00 00 00 00 00 00 00 00 00 00 00 00 00 00 00 00 00 00 00 00 00 00 00 00 00 00 00 00 00 00 00 00 00 00 00 00 00 00 00 00 00 00 00 00 00 00 00 00 00 00 00 00 00 00 00 00 00 00 00 00 00 00 00 00 00 00 00 00 00 00 00 00 00 00 00 00 00 00 00 00 00 00 00 00 00 00 00 00 00 00 00 00 00 00 00 00 00 00 00 00 00 00 00 00 00 00 00 00 00 00 00 00 00 00 00 00 00 00 00 00 00 00 00 00 00 00 00 00 00 00 00 00 00 00 00 00 00 00 00 00 00 00 00 00 00 00 00 00 00 00 00 00 00 00 00 00 00 00 00 00 00 00 00 00 00 00 00 00 00 00 00 00 00 00 00 00 00 00 00 00 00 00 00 00 00 00 00 00 00 00 00 00 00 00 00 00 00 00 00 00 00 00 00 00 00 00 00 00 00 00 00 00 00 00 00 00 00 00 00 00 00 00 00 00 00 00 00 00 00 00 00 00 00 00 00 00 00 00 00 00 00 00 00 00 00 00 00 00 00 00 00 00 00 00 00 00 00 00 00 00 00 00 00 00 00 00 00 00 00 00 00 00 00 00 00 00 00 00 00 00 00 00 00 00 00 00 00 00 00 00 00 00 00 00 00 00 00 00 00 00 00 00 00 00 00 00 00 00 00 00 00 00 00 00 00 00 00 00 00 00 00 00 00 00 00 00 00 00 00 00 00 00 00 00 00 00 00 00 00 00 00 00 00 00 00 00 00 00 00 00 00 00 00 00 00 00 00 00 00 00 00 00 00 00 00 00 00 00 00 00 00 00 00 00 00 00 00 00 00 00 00 00 00 00 00 00 00 00 00 00 00 00 00 00 00 00 00 00 00 00 00 00 00 00 00 00 00 00 00 00 00 00 00 00 00 00 00 00 00 00 00 00 00 00 00 00 00 00 00 00 00 00 00 00 00 00 00 00 00 00 00 00 00 00 00 00 00 00 00 00 00 00 00 00 00 00 00 00 00 00 00 00 00 00 00 00 00 00 00 00 00 00 00 00 00 00 00 00 00 00 6D 4C 3A 50 07 F7
2026-10-06 05:03:50.307  RX  F0 52 00 6E 64 12 00 50 06 04 50 54 43 46 44 00 00 00 00 02 00 00 00 02 00 00 00 00 00 00 08 00 00 00 00 00 00 00 00 55 53 00 45 52 2D 30 30 32 20 00 20 40 20 00 0B 20 20 00 00 0B 54 58 4A 31 00 00 00 00 00 54 58 45 31 00 00 00 00 00 45 44 54 02 42 30 00 00 00 01 40 0D 00 16 19 10 01 0C 10 00 41 04 40 05 00 00 00 00 00 00 00 00 00 00 00 05 00 41 40 00 16 0C 10 40 01 0C 40 41 00 00 00 00 00 00 00 00 00 00 00 00 00 00 00 00 50 52 4D 00 32 20 00 00 00 00 00 00 00 00 00 00 00 00 00 40 00 2C 00 00 00 00 00 00 00 00 00 00 00 00 00 00 00 00 00 00 00 00 00 40 00 07 4E 41 4D 45 20 00 00 00 00 55 53 45 52 00 2D 30 30 32 20 20 20 00 20 20 20 20 20 20 20 00 20 20 20 20 20 20 20 00 20 20 20 00 00 00 00 00 00 00 00 00 00 00 00 00 00 00 00 00 00 00 00 00 00 00 00 00 00 00 00 00 00 00 00 00 00 00 00 00 00 00 00 00 00 00 00 00 00 00 00 00 00 00 00 00 00 00 00 00 00 00 00 00 00 00 00 00 00 00 00 00 00 00 00 00 00 00 00 00 00 00 00 00 00 00 00 00 00 00 00 00 00 00 00 00 00 00 00 00 00 00 00 00 00 00 00 00 00 00 00 00 00 00 00 00 00 00 00 00 00 00 00 00 00 00 00 00 00 00 00 00 00 00 00 00 00 00 00 00 00 00 00 00 00 00 00 00 00 00 00 00 00 00 00 00 00 00 00 00 00 00 00 00 00 00 00 00 00 00 00 00 00 00 00 00 00 00 00 00 00 00 00 00 00 00 00 00 00 00 00 00 00 00 00 00 00 00 00 00 00 00 00 00 00 00 00 00 00 00 00 00 00 00 00 00 00 00 00 00 00 00 00 00 00 00 00 00 00 00 00 00 00 00 00 00 00 00 00 00 00 00 00 00 00 00 00 00 00 00 00 00 00 00 00 00 00 00 00 00 00 00 00 00 00 00 00 00 00 00 00 00 00 00 00 00 00 00 00 00 00 00 00 00 00 00 00 00 00 00 00 00 00 00 00 00 00 00 00 00 00 00 00 00 00 00 00 00 00 00 00 00 00 00 00 00 00 00 00 00 00 00 00 00 00 00 00 00 00 00 00 00 00 00 00 00 00 00 00 00 00 00 00 00 00 00 00 00 00 00 00 00 00 00 00 00 00 00 00 00 00 00 00 00 00 00 00 00 00 00 00 00 00 00 00 00 00 00 00 00 00 00 00 00 00 00 00 00 00 00 00 00 00 00 00 00 00 00 00 00 00 00 00 00 00 00 00 00 00 00 00 00 00 00 00 00 00 00 00 00 00 00 00 00 00 00 00 00 00 00 00 00 00 00 00 00 00 00 00 00 00 00 00 00 00 00 00 00 00 00 00 00 00 00 00 00 00 00 00 00 00 00 00 00 00 00 00 00 00 00 00 00 00 00 00 00 00 00 00 00 00 00 00 00 00 00 00 00 00 00 00 00 00 00 00 00 00 00 00 00 00 00 00 00 00 00 00 00 00 00 00 00 00 00 00 00 00 00 00 00 00 00 00 00 00 00 00 00 00 00 00 00 00 00 00 00 00 00 00 00 00 00 00 00 00 00 00 00 00 00 00 00 00 00 00 00 00 00 00 00 00 00 00 00 00 00 00 00 00 00 00 00 00 00 00 00 00 00 00 00 00 00 00 00 00 00 00 00 00 00 00 00 00 00 00 00 00 00 00 00 00 00 00 00 00 00 00 00 00 00 00 00 00 00 00 00 00 00 00 00 00 00 00 00 00 00 00 00 00 00 00 00 00 00 00 00 00 00 00 00 00 00 00 00 00 00 00 00 00 00 00 00 00 00 00 00 00 00 00 00 00 00 00 00 00 00 00 00 00 00 00 00 00 00 00 00 00 00 00 00 00 00 00 00 00 00 00 00 00 00 00 00 00 00 00 00 00 00 00 00 00 00 00 00 00 00 00 00 00 00 00 00 00 00 00 00 00 00 00 00 00 00 00 00 00 00 00 00 00 00 00 00 00 00 00 00 00 00 00 00 00 00 00 00 00 00 00 00 00 00 00 00 00 4C 27 72 7F 09 F7
2026-10-06 05:03:52.978  RX  F0 52 00 6E 64 12 00 50 06 04 50 54 43 46 44 00 00 00 00 02 00 00 00 02 00 00 00 00 00 00 08 00 00 00 00 00 00 00 00 55 53 00 45 52 2D 30 30 32 20 00 20 40 20 00 0B 20 20 00 00 0B 54 58 4A 31 00 00 00 00 00 54 58 45 31 00 00 00 00 00 45 44 54 02 42 30 00 00 00 01 40 0D 00 16 19 10 01 0C 10 00 41 04 40 05 00 00 00 00 00 00 00 00 00 00 00 05 00 41 40 00 16 0C 10 40 01 0C 40 41 00 00 00 00 00 00 00 00 00 00 00 00 00 00 00 00 50 52 4D 00 32 20 00 00 00 00 00 00 00 00 00 00 00 00 00 40 00 2C 00 00 00 00 00 00 00 00 00 00 00 00 00 00 00 00 00 00 00 00 00 40 00 07 4E 41 4D 45 20 00 00 00 00 55 53 45 52 00 2D 30 30 32 20 20 20 00 20 20 20 20 20 20 20 00 20 20 20 20 20 20 20 00 20 20 20 00 00 00 00 00 00 00 00 00 00 00 00 00 00 00 00 00 00 00 00 00 00 00 00 00 00 00 00 00 00 00 00 00 00 00 00 00 00 00 00 00 00 00 00 00 00 00 00 00 00 00 00 00 00 00 00 00 00 00 00 00 00 00 00 00 00 00 00 00 00 00 00 00 00 00 00 00 00 00 00 00 00 00 00 00 00 00 00 00 00 00 00 00 00 00 00 00 00 00 00 00 00 00 00 00 00 00 00 00 00 00 00 00 00 00 00 00 00 00 00 00 00 00 00 00 00 00 00 00 00 00 00 00 00 00 00 00 00 00 00 00 00 00 00 00 00 00 00 00 00 00 00 00 00 00 00 00 00 00 00 00 00 00 00 00 00 00 00 00 00 00 00 00 00 00 00 00 00 00 00 00 00 00 00 00 00 00 00 00 00 00 00 00 00 00 00 00 00 00 00 00 00 00 00 00 00 00 00 00 00 00 00 00 00 00 00 00 00 00 00 00 00 00 00 00 00 00 00 00 00 00 00 00 00 00 00 00 00 00 00 00 00 00 00 00 00 00 00 00 00 00 00 00 00 00 00 00 00 00 00 00 00 00 00 00 00 00 00 00 00 00 00 00 00 00 00 00 00 00 00 00 00 00 00 00 00 00 00 00 00 00 00 00 00 00 00 00 00 00 00 00 00 00 00 00 00 00 00 00 00 00 00 00 00 00 00 00 00 00 00 00 00 00 00 00 00 00 00 00 00 00 00 00 00 00 00 00 00 00 00 00 00 00 00 00 00 00 00 00 00 00 00 00 00 00 00 00 00 00 00 00 00 00 00 00 00 00 00 00 00 00 00 00 00 00 00 00 00 00 00 00 00 00 00 00 00 00 00 00 00 00 00 00 00 00 00 00 00 00 00 00 00 00 00 00 00 00 00 00 00 00 00 00 00 00 00 00 00 00 00 00 00 00 00 00 00 00 00 00 00 00 00 00 00 00 00 00 00 00 00 00 00 00 00 00 00 00 00 00 00 00 00 00 00 00 00 00 00 00 00 00 00 00 00 00 00 00 00 00 00 00 00 00 00 00 00 00 00 00 00 00 00 00 00 00 00 00 00 00 00 00 00 00 00 00 00 00 00 00 00 00 00 00 00 00 00 00 00 00 00 00 00 00 00 00 00 00 00 00 00 00 00 00 00 00 00 00 00 00 00 00 00 00 00 00 00 00 00 00 00 00 00 00 00 00 00 00 00 00 00 00 00 00 00 00 00 00 00 00 00 00 00 00 00 00 00 00 00 00 00 00 00 00 00 00 00 00 00 00 00 00 00 00 00 00 00 00 00 00 00 00 00 00 00 00 00 00 00 00 00 00 00 00 00 00 00 00 00 00 00 00 00 00 00 00 00 00 00 00 00 00 00 00 00 00 00 00 00 00 00 00 00 00 00 00 00 00 00 00 00 00 00 00 00 00 00 00 00 00 00 00 00 00 00 00 00 00 00 00 00 00 00 00 00 00 00 00 00 00 00 00 00 00 00 00 00 00 00 00 00 00 00 00 00 00 00 00 00 00 00 00 00 00 00 00 00 00 00 00 00 00 00 00 00 00 00 00 00 00 00 00 00 00 00 00 00 00 00 00 00 00 00 00 00 00 00 00 00 00 00 00 00 00 00 00 00 00 00 00 00 00 00 00 00 00 00 00 00 00 00 4C 27 72 7F 09 F7
2026-10-06 05:04:20.463  RX  F0 52 00 6E 64 20 00 01 04 33 00 00 00 00 F7
2026-10-06 05:04:20.511  RX  F0 52 00 6E 64 20 00 01 04 35 00 00 00 00 F7
2026-10-06 05:04:20.686  RX  F0 52 00 6E 64 20 00 01 04 36 00 00 00 00 F7
2026-10-06 05:04:20.751  RX  F0 52 00 6E 64 20 00 01 04 37 00 00 00 00 F7
2026-10-06 05:04:20.878  RX  F0 52 00 6E 64 20 00 01 04 38 00 00 00 00 F7
2026-10-06 05:04:20.943  RX  F0 52 00 6E 64 20 00 01 04 39 00 00 00 00 F7
2026-10-06 05:04:21.054  RX  F0 52 00 6E 64 20 00 01 04 3A 00 00 00 00 F7
2026-10-06 05:04:21.151  RX  F0 52 00 6E 64 20 00 01 04 3B 00 00 00 00 F7
2026-10-06 05:04:21.215  RX  F0 52 00 6E 64 20 00 01 04 3C 00 00 00 00 F7
2026-10-06 05:04:21.249  RX  F0 52 00 6E 64 20 00 01 04 3D 00 00 00 00 F7
2026-10-06 05:04:21.271  RX  F0 52 00 6E 64 20 00 01 04 41 00 00 00 00 F7
2026-10-06 05:04:21.312  RX  F0 52 00 6E 64 20 00 01 04 42 00 00 00 00 F7
2026-10-06 05:04:21.391  RX  F0 52 00 6E 64 20 00 01 04 43 00 00 00 00 F7
2026-10-06 05:04:21.439  RX  F0 52 00 6E 64 20 00 01 04 45 00 00 00 00 F7
2026-10-06 05:04:21.473  RX  F0 52 00 6E 64 20 00 01 04 47 00 00 00 00 F7
2026-10-06 05:04:21.518  RX  F0 52 00 6E 64 20 00 01 04 48 00 00 00 00 F7
2026-10-06 05:04:21.567  RX  F0 52 00 6E 64 20 00 01 04 49 00 00 00 00 F7
2026-10-06 05:04:21.711  RX  F0 52 00 6E 64 20 00 01 04 4A 00 00 00 00 F7
2026-10-06 05:04:22.399  RX  F0 52 00 6E 64 20 00 01 04 4B 00 00 00 00 F7
2026-10-06 05:04:22.463  RX  F0 52 00 6E 64 20 00 01 04 4C 00 00 00 00 F7
2026-10-06 05:04:22.497  RX  F0 52 00 6E 64 20 00 01 04 4D 00 00 00 00 F7
2026-10-06 05:04:22.518  RX  F0 52 00 6E 64 20 00 01 04 51 00 00 00 00 F7
2026-10-06 05:04:22.548  RX  F0 52 00 6E 64 20 00 01 04 64 00 00 00 00 F7
2026-10-06 05:04:23.967  RX  F0 52 00 6E 64 20 00 01 04 63 00 00 00 00 F7
2026-10-06 05:04:24.095  RX  F0 52 00 6E 64 20 00 01 04 62 00 00 00 00 F7
2026-10-06 05:04:24.800  RX  F0 52 00 6E 64 20 00 01 04 61 00 00 00 00 F7
2026-10-06 05:04:24.895  RX  F0 52 00 6E 64 20 00 01 04 60 00 00 00 00 F7
2026-10-06 05:04:24.943  RX  F0 52 00 6E 64 20 00 01 04 5E 00 00 00 00 F7
2026-10-06 05:04:24.978  RX  F0 52 00 6E 64 20 00 01 04 5C 00 00 00 00 F7
2026-10-06 05:04:25.010  RX  F0 52 00 6E 64 20 00 01 04 5A 00 00 00 00 F7
2026-10-06 05:04:25.030  RX  F0 52 00 6E 64 20 00 01 04 54 00 00 00 00 F7
2026-10-06 05:04:25.063  RX  F0 52 00 6E 64 20 00 01 04 48 00 00 00 00 F7
2026-10-06 05:04:25.097  RX  F0 52 00 6E 64 20 00 01 04 00 00 00 00 00 F7
2026-10-06 05:04:27.919  RX  F0 52 00 6E 64 20 00 01 04 01 00 00 00 00 F7
2026-10-06 05:04:27.953  RX  F0 52 00 6E 64 20 00 01 04 04 00 00 00 00 F7
2026-10-06 05:04:28.014  RX  F0 52 00 6E 64 20 00 01 04 05 00 00 00 00 F7
2026-10-06 05:04:28.079  RX  F0 52 00 6E 64 20 00 01 04 06 00 00 00 00 F7
2026-10-06 05:04:28.143  RX  F0 52 00 6E 64 20 00 01 04 07 00 00 00 00 F7
2026-10-06 05:04:28.207  RX  F0 52 00 6E 64 20 00 01 04 08 00 00 00 00 F7
2026-10-06 05:04:28.399  RX  F0 52 00 6E 64 20 00 01 04 09 00 00 00 00 F7
2026-10-06 05:04:28.479  RX  F0 52 00 6E 64 20 00 01 04 0A 00 00 00 00 F7
2026-10-06 05:04:28.607  RX  F0 52 00 6E 64 20 00 01 04 0B 00 00 00 00 F7
2026-10-06 05:04:28.655  RX  F0 52 00 6E 64 20 00 01 04 0D 00 00 00 00 F7
2026-10-06 05:04:28.719  RX  F0 52 00 6E 64 20 00 01 04 0E 00 00 00 00 F7
2026-10-06 05:04:28.799  RX  F0 52 00 6E 64 20 00 01 04 0F 00 00 00 00 F7
2026-10-06 05:04:28.833  RX  F0 52 00 6E 64 20 00 01 04 12 00 00 00 00 F7
2026-10-06 05:04:28.878  RX  F0 52 00 6E 64 20 00 01 04 13 00 00 00 00 F7
2026-10-06 05:04:29.503  RX  F0 52 00 6E 64 20 00 01 04 12 00 00 00 00 F7
2026-10-06 05:04:29.550  RX  F0 52 00 6E 64 20 00 01 04 10 00 00 00 00 F7
2026-10-06 05:04:29.600  RX  F0 52 00 6E 64 20 00 01 04 0F 00 00 00 00 F7
2026-10-06 05:04:29.634  RX  F0 52 00 6E 64 20 00 01 04 0E 00 00 00 00 F7
2026-10-06 05:04:29.678  RX  F0 52 00 6E 64 20 00 01 04 0D 00 00 00 00 F7
2026-10-06 05:04:29.808  RX  F0 52 00 6E 64 20 00 01 04 0C 00 00 00 00 F7
2026-10-06 05:04:30.383  RX  F0 52 00 6E 64 20 00 01 04 0B 00 00 00 00 F7
2026-10-06 05:04:30.418  RX  F0 52 00 6E 64 20 00 01 04 08 00 00 00 00 F7
2026-10-06 05:04:30.463  RX  F0 52 00 6E 64 20 00 01 04 07 00 00 00 00 F7
2026-10-06 05:04:30.511  RX  F0 52 00 6E 64 20 00 01 04 06 00 00 00 00 F7
2026-10-06 05:04:30.559  RX  F0 52 00 6E 64 20 00 01 04 05 00 00 00 00 F7
2026-10-06 05:04:30.624  RX  F0 52 00 6E 64 20 00 01 04 04 00 00 00 00 F7
2026-10-06 05:04:30.927  RX  F0 52 00 6E 64 20 00 01 04 05 00 00 00 00 F7
2026-10-06 05:04:33.329  --  Gelernt für Preset 095: Effekt 2, Parameter 3, 0–100
2026-10-06 05:05:03.405  TX  F0 52 00 6E 64 20 00 01 05 53 00 00 00 00 F7  (set_param)
2026-10-06 05:05:03.415  TX  F0 52 00 6E 64 20 00 00 02 57 00 00 00 00 F7  (set_param)
2026-10-06 05:05:03.425  RX  F0 52 00 6E 64 20 01 01 05 53 00 00 00 00 F7
2026-10-06 05:05:03.460  RX  F0 52 00 6E 64 20 01 00 02 57 00 00 00 00 F7
2026-10-06 05:05:03.465  TX  F0 52 00 6E 64 20 00 01 05 56 00 00 00 00 F7  (set_param)
2026-10-06 05:05:03.475  TX  F0 52 00 6E 64 20 00 00 02 46 00 00 00 00 F7  (set_param)
2026-10-06 05:05:03.498  RX  F0 52 00 6E 64 20 01 01 05 56 00 00 00 00 F7
2026-10-06 05:05:03.501  RX  F0 52 00 6E 64 20 01 00 02 46 00 00 00 00 F7
2026-10-06 05:05:03.524  TX  F0 52 00 6E 64 20 00 01 05 59 00 00 00 00 F7  (set_param)
2026-10-06 05:05:03.534  TX  F0 52 00 6E 64 20 00 00 02 36 00 00 00 00 F7  (set_param)
2026-10-06 05:05:03.572  RX  F0 52 00 6E 64 20 01 01 05 59 00 00 00 00 F7
2026-10-06 05:05:03.575  RX  F0 52 00 6E 64 20 01 00 02 36 00 00 00 00 F7
2026-10-06 05:05:03.584  TX  F0 52 00 6E 64 20 00 01 05 5C 00 00 00 00 F7  (set_param)
2026-10-06 05:05:03.595  TX  F0 52 00 6E 64 20 00 00 02 28 00 00 00 00 F7  (set_param)
2026-10-06 05:05:03.613  RX  F0 52 00 6E 64 20 01 01 05 5C 00 00 00 00 F7
2026-10-06 05:05:03.616  RX  F0 52 00 6E 64 20 01 00 02 28 00 00 00 00 F7
2026-10-06 05:05:03.644  TX  F0 52 00 6E 64 20 00 01 05 5E 00 00 00 00 F7  (set_param)
2026-10-06 05:05:03.656  TX  F0 52 00 6E 64 20 00 00 02 1C 00 00 00 00 F7  (set_param)
2026-10-06 05:05:03.690  RX  F0 52 00 6E 64 20 01 01 05 5E 00 00 00 00 F7
2026-10-06 05:05:03.694  RX  F0 52 00 6E 64 20 01 00 02 1C 00 00 00 00 F7
2026-10-06 05:05:03.704  TX  F0 52 00 6E 64 20 00 01 05 60 00 00 00 00 F7  (set_param)
2026-10-06 05:05:03.715  TX  F0 52 00 6E 64 20 00 00 02 15 00 00 00 00 F7  (set_param)
2026-10-06 05:05:03.730  RX  F0 52 00 6E 64 20 01 01 05 60 00 00 00 00 F7
2026-10-06 05:05:03.733  RX  F0 52 00 6E 64 20 01 00 02 15 00 00 00 00 F7
2026-10-06 05:05:03.765  TX  F0 52 00 6E 64 20 00 01 05 61 00 00 00 00 F7  (set_param)
2026-10-06 05:05:03.775  TX  F0 52 00 6E 64 20 00 00 02 0E 00 00 00 00 F7  (set_param)
2026-10-06 05:05:03.806  RX  F0 52 00 6E 64 20 01 01 05 61 00 00 00 00 F7
2026-10-06 05:05:03.809  RX  F0 52 00 6E 64 20 01 00 02 0E 00 00 00 00 F7
2026-10-06 05:05:03.824  TX  F0 52 00 6E 64 20 00 01 05 62 00 00 00 00 F7  (set_param)
2026-10-06 05:05:03.834  TX  F0 52 00 6E 64 20 00 00 02 08 00 00 00 00 F7  (set_param)
2026-10-06 05:05:03.881  RX  F0 52 00 6E 64 20 01 01 05 62 00 00 00 00 F7
2026-10-06 05:05:03.884  RX  F0 52 00 6E 64 20 01 00 02 08 00 00 00 00 F7
2026-10-06 05:05:03.885  TX  F0 52 00 6E 64 20 00 01 05 64 00 00 00 00 F7  (set_param)
2026-10-06 05:05:03.895  TX  F0 52 00 6E 64 20 00 00 02 00 00 00 00 00 F7  (set_param)
2026-10-06 05:05:03.922  RX  F0 52 00 6E 64 20 01 01 05 64 00 00 00 00 F7
2026-10-06 05:05:03.925  RX  F0 52 00 6E 64 20 01 00 02 00 00 00 00 00 F7
2026-10-06 05:05:04.166  TX  F0 52 00 6E 64 20 00 01 05 62 00 00 00 00 F7  (set_param)
2026-10-06 05:05:04.176  TX  F0 52 00 6E 64 20 00 00 02 0A 00 00 00 00 F7  (set_param)
2026-10-06 05:05:04.186  RX  F0 52 00 6E 64 20 01 01 05 62 00 00 00 00 F7
2026-10-06 05:05:04.189  RX  F0 52 00 6E 64 20 01 00 02 0A 00 00 00 00 F7
2026-10-06 05:05:04.226  TX  F0 52 00 6E 64 20 00 01 05 5F 00 00 00 00 F7  (set_param)
2026-10-06 05:05:04.237  TX  F0 52 00 6E 64 20 00 00 02 19 00 00 00 00 F7  (set_param)
2026-10-06 05:05:04.266  RX  F0 52 00 6E 64 20 01 01 05 5F 00 00 00 00 F7
2026-10-06 05:05:04.266  RX  F0 52 00 6E 64 20 01 00 02 19 00 00 00 00 F7
2026-10-06 05:05:04.286  TX  F0 52 00 6E 64 20 00 01 05 5C 00 00 00 00 F7  (set_param)
2026-10-06 05:05:04.296  TX  F0 52 00 6E 64 20 00 00 02 29 00 00 00 00 F7  (set_param)
2026-10-06 05:05:04.334  RX  F0 52 00 6E 64 20 01 01 05 5C 00 00 00 00 F7
2026-10-06 05:05:04.337  RX  F0 52 00 6E 64 20 01 00 02 29 00 00 00 00 F7
2026-10-06 05:05:04.346  TX  F0 52 00 6E 64 20 00 01 05 5A 00 00 00 00 F7  (set_param)
2026-10-06 05:05:04.357  TX  F0 52 00 6E 64 20 00 00 02 32 00 00 00 00 F7  (set_param)
2026-10-06 05:05:04.373  RX  F0 52 00 6E 64 20 01 01 05 5A 00 00 00 00 F7
2026-10-06 05:05:04.376  RX  F0 52 00 6E 64 20 01 00 02 32 00 00 00 00 F7
2026-10-06 05:05:04.406  TX  F0 52 00 6E 64 20 00 01 05 59 00 00 00 00 F7  (set_param)
2026-10-06 05:05:04.417  TX  F0 52 00 6E 64 20 00 00 02 39 00 00 00 00 F7  (set_param)
2026-10-06 05:05:04.449  RX  F0 52 00 6E 64 20 01 01 05 59 00 00 00 00 F7
2026-10-06 05:05:04.452  RX  F0 52 00 6E 64 20 01 00 02 39 00 00 00 00 F7
2026-10-06 05:05:04.466  TX  F0 52 00 6E 64 20 00 01 05 57 00 00 00 00 F7  (set_param)
2026-10-06 05:05:04.477  TX  F0 52 00 6E 64 20 00 00 02 40 00 00 00 00 F7  (set_param)
2026-10-06 05:05:04.525  RX  F0 52 00 6E 64 20 01 01 05 57 00 00 00 00 F7
2026-10-06 05:05:04.527  RX  F0 52 00 6E 64 20 01 00 02 40 00 00 00 00 F7
2026-10-06 05:05:04.532  TX  F0 52 00 6E 64 20 00 01 05 56 00 00 00 00 F7  (set_param)
2026-10-06 05:05:04.542  TX  F0 52 00 6E 64 20 00 00 02 44 00 00 00 00 F7  (set_param)
2026-10-06 05:05:04.563  RX  F0 52 00 6E 64 20 01 01 05 56 00 00 00 00 F7
2026-10-06 05:05:04.566  RX  F0 52 00 6E 64 20 01 00 02 44 00 00 00 00 F7
2026-10-06 05:05:04.592  TX  F0 52 00 6E 64 20 00 01 05 55 00 00 00 00 F7  (set_param)
2026-10-06 05:05:04.603  TX  F0 52 00 6E 64 20 00 00 02 4A 00 00 00 00 F7  (set_param)
2026-10-06 05:05:04.640  RX  F0 52 00 6E 64 20 01 01 05 55 00 00 00 00 F7
2026-10-06 05:05:04.643  RX  F0 52 00 6E 64 20 01 00 02 4A 00 00 00 00 F7
2026-10-06 05:05:04.653  TX  F0 52 00 6E 64 20 00 01 05 54 00 00 00 00 F7  (set_param)
2026-10-06 05:05:04.668  TX  F0 52 00 6E 64 20 00 00 02 50 00 00 00 00 F7  (set_param)
2026-10-06 05:05:04.680  RX  F0 52 00 6E 64 20 01 01 05 54 00 00 00 00 F7
2026-10-06 05:05:04.683  RX  F0 52 00 6E 64 20 01 00 02 50 00 00 00 00 F7
2026-10-06 05:05:04.713  TX  F0 52 00 6E 64 20 00 01 05 53 00 00 00 00 F7  (set_param)
2026-10-06 05:05:04.724  TX  F0 52 00 6E 64 20 00 00 02 53 00 00 00 00 F7  (set_param)
2026-10-06 05:05:04.757  RX  F0 52 00 6E 64 20 01 01 05 53 00 00 00 00 F7
2026-10-06 05:05:04.760  RX  F0 52 00 6E 64 20 01 00 02 53 00 00 00 00 F7
2026-10-06 05:05:04.771  TX  F0 52 00 6E 64 20 00 01 05 52 00 00 00 00 F7  (set_param)
2026-10-06 05:05:04.782  TX  F0 52 00 6E 64 20 00 00 02 58 00 00 00 00 F7  (set_param)
2026-10-06 05:05:04.798  RX  F0 52 00 6E 64 20 01 01 05 52 00 00 00 00 F7
2026-10-06 05:05:04.801  RX  F0 52 00 6E 64 20 01 00 02 58 00 00 00 00 F7
2026-10-06 05:05:04.838  TX  F0 52 00 6E 64 20 00 01 05 51 00 00 00 00 F7  (set_param)
2026-10-06 05:05:04.849  TX  F0 52 00 6E 64 20 00 00 02 5E 00 00 00 00 F7  (set_param)
2026-10-06 05:05:04.875  RX  F0 52 00 6E 64 20 01 01 05 51 00 00 00 00 F7
2026-10-06 05:05:04.878  RX  F0 52 00 6E 64 20 01 00 02 5E 00 00 00 00 F7
2026-10-06 05:05:04.904  TX  F0 52 00 6E 64 20 00 01 05 50 00 00 00 00 F7  (set_param)
2026-10-06 05:05:04.914  TX  F0 52 00 6E 64 20 00 00 02 62 00 00 00 00 F7  (set_param)
2026-10-06 05:05:04.952  RX  F0 52 00 6E 64 20 01 01 05 50 00 00 00 00 F7
2026-10-06 05:05:04.955  RX  F0 52 00 6E 64 20 01 00 02 62 00 00 00 00 F7
2026-10-06 05:05:04.964  TX  F0 52 00 6E 64 20 00 00 02 64 00 00 00 00 F7  (set_param)
2026-10-06 05:05:04.991  RX  F0 52 00 6E 64 20 01 00 02 64 00 00 00 00 F7
2026-10-06 05:05:06.889  TX  F0 52 00 6E 64 20 00 01 05 51 00 00 00 00 F7  (set_param)
2026-10-06 05:05:06.900  TX  F0 52 00 6E 64 20 00 00 02 5E 00 00 00 00 F7  (set_param)
2026-10-06 05:05:06.910  RX  F0 52 00 6E 64 20 01 01 05 51 00 00 00 00 F7
2026-10-06 05:05:06.913  RX  F0 52 00 6E 64 20 01 00 02 5E 00 00 00 00 F7
2026-10-06 05:05:06.955  TX  F0 52 00 6E 64 20 00 01 05 52 00 00 00 00 F7  (set_param)
2026-10-06 05:05:06.967  TX  F0 52 00 6E 64 20 00 00 02 58 00 00 00 00 F7  (set_param)
2026-10-06 05:05:06.982  RX  F0 52 00 6E 64 20 01 01 05 52 00 00 00 00 F7
2026-10-06 05:05:06.985  RX  F0 52 00 6E 64 20 01 00 02 58 00 00 00 00 F7
2026-10-06 05:05:07.016  TX  F0 52 00 6E 64 20 00 01 05 54 00 00 00 00 F7  (set_param)
2026-10-06 05:05:07.027  TX  F0 52 00 6E 64 20 00 00 02 50 00 00 00 00 F7  (set_param)
2026-10-06 05:05:07.059  RX  F0 52 00 6E 64 20 01 01 05 54 00 00 00 00 F7
2026-10-06 05:05:07.062  RX  F0 52 00 6E 64 20 01 00 02 50 00 00 00 00 F7
2026-10-06 05:05:07.075  TX  F0 52 00 6E 64 20 00 01 05 56 00 00 00 00 F7  (set_param)
2026-10-06 05:05:07.086  TX  F0 52 00 6E 64 20 00 00 02 47 00 00 00 00 F7  (set_param)
2026-10-06 05:05:07.135  RX  F0 52 00 6E 64 20 01 01 05 56 00 00 00 00 F7
2026-10-06 05:05:07.137  RX  F0 52 00 6E 64 20 01 00 02 47 00 00 00 00 F7
2026-10-06 05:05:07.137  TX  F0 52 00 6E 64 20 00 01 05 58 00 00 00 00 F7  (set_param)
2026-10-06 05:05:07.147  TX  F0 52 00 6E 64 20 00 00 02 3D 00 00 00 00 F7  (set_param)
2026-10-06 05:05:07.173  RX  F0 52 00 6E 64 20 01 01 05 58 00 00 00 00 F7
2026-10-06 05:05:07.176  RX  F0 52 00 6E 64 20 01 00 02 3D 00 00 00 00 F7
2026-10-06 05:05:07.195  TX  F0 52 00 6E 64 20 00 01 05 5A 00 00 00 00 F7  (set_param)
2026-10-06 05:05:07.206  TX  F0 52 00 6E 64 20 00 00 02 33 00 00 00 00 F7  (set_param)
2026-10-06 05:05:07.217  --  57 gesendet, 55 bestätigt, 0 ohne Ack, Latenz CC→Ack Median 40.0 ms / Max 61.5 ms
2026-10-06 05:05:07.249  RX  F0 52 00 6E 64 20 01 01 05 5A 00 00 00 00 F7
2026-10-06 05:05:07.252  RX  F0 52 00 6E 64 20 01 00 02 33 00 00 00 00 F7
2026-10-06 05:05:07.256  TX  F0 52 00 6E 64 20 00 01 05 5C 00 00 00 00 F7  (set_param)
2026-10-06 05:05:07.266  TX  F0 52 00 6E 64 20 00 00 02 2A 00 00 00 00 F7  (set_param)
2026-10-06 05:05:07.288  RX  F0 52 00 6E 64 20 01 01 05 5C 00 00 00 00 F7
2026-10-06 05:05:07.290  RX  F0 52 00 6E 64 20 01 00 02 2A 00 00 00 00 F7
2026-10-06 05:05:07.314  TX  F0 52 00 6E 64 20 00 01 05 5E 00 00 00 00 F7  (set_param)
2026-10-06 05:05:07.324  TX  F0 52 00 6E 64 20 00 00 02 20 00 00 00 00 F7  (set_param)
2026-10-06 05:05:07.362  RX  F0 52 00 6E 64 20 01 01 05 5E 00 00 00 00 F7
2026-10-06 05:05:07.365  RX  F0 52 00 6E 64 20 01 00 02 20 00 00 00 00 F7
2026-10-06 05:05:07.374  TX  F0 52 00 6E 64 20 00 01 05 5F 00 00 00 00 F7  (set_param)
2026-10-06 05:05:07.384  TX  F0 52 00 6E 64 20 00 00 02 18 00 00 00 00 F7  (set_param)
2026-10-06 05:05:07.403  RX  F0 52 00 6E 64 20 01 01 05 5F 00 00 00 00 F7
2026-10-06 05:05:07.404  RX  F0 52 00 6E 64 20 01 00 02 18 00 00 00 00 F7
2026-10-06 05:05:07.433  TX  F0 52 00 6E 64 20 00 01 05 61 00 00 00 00 F7  (set_param)
2026-10-06 05:05:07.444  TX  F0 52 00 6E 64 20 00 00 02 0F 00 00 00 00 F7  (set_param)
2026-10-06 05:05:07.481  RX  F0 52 00 6E 64 20 01 01 05 61 00 00 00 00 F7
2026-10-06 05:05:07.484  RX  F0 52 00 6E 64 20 01 00 02 0F 00 00 00 00 F7
2026-10-06 05:05:07.500  TX  F0 52 00 6E 64 20 00 01 05 62 00 00 00 00 F7  (set_param)
2026-10-06 05:05:07.510  TX  F0 52 00 6E 64 20 00 00 02 09 00 00 00 00 F7  (set_param)
2026-10-06 05:05:07.556  RX  F0 52 00 6E 64 20 01 01 05 62 00 00 00 00 F7
2026-10-06 05:05:07.559  RX  F0 52 00 6E 64 20 01 00 02 09 00 00 00 00 F7
2026-10-06 05:05:07.562  TX  F0 52 00 6E 64 20 00 01 05 64 00 00 00 00 F7  (set_param)
2026-10-06 05:05:07.573  TX  F0 52 00 6E 64 20 00 00 02 02 00 00 00 00 F7  (set_param)
2026-10-06 05:05:07.594  RX  F0 52 00 6E 64 20 01 01 05 64 00 00 00 00 F7
2026-10-06 05:05:07.599  RX  F0 52 00 6E 64 20 01 00 02 02 00 00 00 00 F7
2026-10-06 05:05:07.622  TX  F0 52 00 6E 64 20 00 00 02 00 00 00 00 00 F7  (set_param)
2026-10-06 05:05:07.670  RX  F0 52 00 6E 64 20 01 00 02 00 00 00 00 00 F7
2026-10-06 05:05:12.216  --  13 gesendet, 15 bestätigt, 0 ohne Ack, Latenz CC→Ack Median 48.4 ms / Max 59.2 ms
2026-10-06 05:05:22.217  TX  F0 52 00 6E 64 20 00 01 04 63 00 00 00 00 F7  (set_param)
2026-10-06 05:05:22.228  TX  F0 52 00 6E 64 20 00 00 02 06 00 00 00 00 F7  (set_param)
2026-10-06 05:05:22.237  RX  F0 52 00 6E 64 20 01 01 04 63 00 00 00 00 F7
2026-10-06 05:05:22.265  TX  F0 52 00 6E 64 20 00 01 04 62 00 00 00 00 F7  (set_param)
2026-10-06 05:05:22.273  RX  F0 52 00 6E 64 20 01 00 02 06 00 00 00 00 F7
2026-10-06 05:05:22.276  TX  F0 52 00 6E 64 20 00 00 02 0C 00 00 00 00 F7  (set_param)
2026-10-06 05:05:22.307  TX  F0 52 00 6E 64 20 00 01 04 60 00 00 00 00 F7  (set_param)
2026-10-06 05:05:22.312  RX  F0 52 00 6E 64 20 01 01 04 62 00 00 00 00 F7
2026-10-06 05:05:22.315  RX  F0 52 00 6E 64 20 01 00 02 0C 00 00 00 00 F7
2026-10-06 05:05:22.317  TX  F0 52 00 6E 64 20 00 00 02 13 00 00 00 00 F7  (set_param)
2026-10-06 05:05:22.348  RX  F0 52 00 6E 64 20 01 01 04 60 00 00 00 00 F7
2026-10-06 05:05:22.350  TX  F0 52 00 6E 64 20 00 01 04 5F 00 00 00 00 F7  (set_param)
2026-10-06 05:05:22.353  RX  F0 52 00 6E 64 20 01 00 02 13 00 00 00 00 F7
2026-10-06 05:05:22.361  TX  F0 52 00 6E 64 20 00 00 02 1B 00 00 00 00 F7  (set_param)
2026-10-06 05:05:22.387  RX  F0 52 00 6E 64 20 01 01 04 5F 00 00 00 00 F7
2026-10-06 05:05:22.391  RX  F0 52 00 6E 64 20 01 00 02 1B 00 00 00 00 F7
2026-10-06 05:05:22.392  TX  F0 52 00 6E 64 20 00 01 04 5D 00 00 00 00 F7  (set_param)
2026-10-06 05:05:22.403  TX  F0 52 00 6E 64 20 00 00 02 23 00 00 00 00 F7  (set_param)
2026-10-06 05:05:22.426  RX  F0 52 00 6E 64 20 01 01 04 5D 00 00 00 00 F7
2026-10-06 05:05:22.429  RX  F0 52 00 6E 64 20 01 00 02 23 00 00 00 00 F7
2026-10-06 05:05:22.436  TX  F0 52 00 6E 64 20 00 01 04 5C 00 00 00 00 F7  (set_param)
2026-10-06 05:05:22.447  TX  F0 52 00 6E 64 20 00 00 02 2A 00 00 00 00 F7  (set_param)
2026-10-06 05:05:22.467  RX  F0 52 00 6E 64 20 01 01 04 5C 00 00 00 00 F7
2026-10-06 05:05:22.469  RX  F0 52 00 6E 64 20 01 00 02 2A 00 00 00 00 F7
2026-10-06 05:05:22.478  TX  F0 52 00 6E 64 20 00 01 04 5A 00 00 00 00 F7  (set_param)
2026-10-06 05:05:22.488  TX  F0 52 00 6E 64 20 00 00 02 32 00 00 00 00 F7  (set_param)
2026-10-06 05:05:22.506  RX  F0 52 00 6E 64 20 01 01 04 5A 00 00 00 00 F7
2026-10-06 05:05:22.510  RX  F0 52 00 6E 64 20 01 00 02 32 00 00 00 00 F7
2026-10-06 05:05:22.521  TX  F0 52 00 6E 64 20 00 01 04 58 00 00 00 00 F7  (set_param)
2026-10-06 05:05:22.531  TX  F0 52 00 6E 64 20 00 00 02 3A 00 00 00 00 F7  (set_param)
2026-10-06 05:05:22.546  RX  F0 52 00 6E 64 20 01 01 04 58 00 00 00 00 F7
2026-10-06 05:05:22.549  RX  F0 52 00 6E 64 20 01 00 02 3A 00 00 00 00 F7
2026-10-06 05:05:22.569  TX  F0 52 00 6E 64 20 00 01 04 57 00 00 00 00 F7  (set_param)
2026-10-06 05:05:22.579  TX  F0 52 00 6E 64 20 00 00 02 40 00 00 00 00 F7  (set_param)
2026-10-06 05:05:22.616  TX  F0 52 00 6E 64 20 00 01 04 56 00 00 00 00 F7  (set_param)
2026-10-06 05:05:22.626  RX  F0 52 00 6E 64 20 01 01 04 57 00 00 00 00 F7
2026-10-06 05:05:22.626  TX  F0 52 00 6E 64 20 00 00 02 44 00 00 00 00 F7  (set_param)
2026-10-06 05:05:22.629  RX  F0 52 00 6E 64 20 01 00 02 40 00 00 00 00 F7
2026-10-06 05:05:22.662  TX  F0 52 00 6E 64 20 00 00 02 46 00 00 00 00 F7  (set_param)
2026-10-06 05:05:22.664  RX  F0 52 00 6E 64 20 01 01 04 56 00 00 00 00 F7
2026-10-06 05:05:22.667  RX  F0 52 00 6E 64 20 01 00 02 44 00 00 00 00 F7
2026-10-06 05:05:22.702  RX  F0 52 00 6E 64 20 01 00 02 46 00 00 00 00 F7
2026-10-06 05:05:22.715  TX  F0 52 00 6E 64 20 00 01 04 55 00 00 00 00 F7  (set_param)
2026-10-06 05:05:22.725  TX  F0 52 00 6E 64 20 00 00 02 4A 00 00 00 00 F7  (set_param)
2026-10-06 05:05:22.742  RX  F0 52 00 6E 64 20 01 01 04 55 00 00 00 00 F7
2026-10-06 05:05:22.744  RX  F0 52 00 6E 64 20 01 00 02 4A 00 00 00 00 F7
2026-10-06 05:05:22.761  TX  F0 52 00 6E 64 20 00 01 04 54 00 00 00 00 F7  (set_param)
2026-10-06 05:05:22.771  TX  F0 52 00 6E 64 20 00 00 02 50 00 00 00 00 F7  (set_param)
2026-10-06 05:05:22.805  TX  F0 52 00 6E 64 20 00 01 04 53 00 00 00 00 F7  (set_param)
2026-10-06 05:05:22.815  TX  F0 52 00 6E 64 20 00 00 02 57 00 00 00 00 F7  (set_param)
2026-10-06 05:05:22.820  RX  F0 52 00 6E 64 20 01 01 04 54 00 00 00 00 F7
2026-10-06 05:05:22.822  RX  F0 52 00 6E 64 20 01 00 02 50 00 00 00 00 F7
2026-10-06 05:05:22.824  RX  F0 52 00 6E 64 20 01 01 04 53 00 00 00 00 F7
2026-10-06 05:05:22.846  TX  F0 52 00 6E 64 20 00 01 04 51 00 00 00 00 F7  (set_param)
2026-10-06 05:05:22.857  TX  F0 52 00 6E 64 20 00 00 02 5E 00 00 00 00 F7  (set_param)
2026-10-06 05:05:22.860  RX  F0 52 00 6E 64 20 01 00 02 57 00 00 00 00 F7
2026-10-06 05:05:22.863  RX  F0 52 00 6E 64 20 01 01 04 51 00 00 00 00 F7
2026-10-06 05:05:22.891  TX  F0 52 00 6E 64 20 00 01 04 50 00 00 00 00 F7  (set_param)
2026-10-06 05:05:22.899  RX  F0 52 00 6E 64 20 01 00 02 5E 00 00 00 00 F7
2026-10-06 05:05:22.901  TX  F0 52 00 6E 64 20 00 00 02 63 00 00 00 00 F7  (set_param)
2026-10-06 05:05:22.937  RX  F0 52 00 6E 64 20 01 01 04 50 00 00 00 00 F7
2026-10-06 05:05:22.940  RX  F0 52 00 6E 64 20 01 00 02 63 00 00 00 00 F7
2026-10-06 05:05:22.940  TX  F0 52 00 6E 64 20 00 00 02 64 00 00 00 00 F7  (set_param)
2026-10-06 05:05:22.976  RX  F0 52 00 6E 64 20 01 00 02 64 00 00 00 00 F7
2026-10-06 05:05:24.180  TX  F0 52 00 6E 64 20 00 00 02 62 00 00 00 00 F7  (set_param)
2026-10-06 05:05:24.200  RX  F0 52 00 6E 64 20 01 00 02 62 00 00 00 00 F7
2026-10-06 05:05:24.230  TX  F0 52 00 6E 64 20 00 01 04 51 00 00 00 00 F7  (set_param)
2026-10-06 05:05:24.241  TX  F0 52 00 6E 64 20 00 00 02 5E 00 00 00 00 F7  (set_param)
2026-10-06 05:05:24.242  RX  F0 52 00 6E 64 20 01 01 04 51 00 00 00 00 F7
2026-10-06 05:05:24.274  RX  F0 52 00 6E 64 20 01 00 02 5E 00 00 00 00 F7
2026-10-06 05:05:24.275  TX  F0 52 00 6E 64 20 00 01 04 52 00 00 00 00 F7  (set_param)
2026-10-06 05:05:24.285  TX  F0 52 00 6E 64 20 00 00 02 5B 00 00 00 00 F7  (set_param)
2026-10-06 05:05:24.313  RX  F0 52 00 6E 64 20 01 01 04 52 00 00 00 00 F7
2026-10-06 05:05:24.316  RX  F0 52 00 6E 64 20 01 00 02 5B 00 00 00 00 F7
2026-10-06 05:05:24.320  TX  F0 52 00 6E 64 20 00 01 04 53 00 00 00 00 F7  (set_param)
2026-10-06 05:05:24.330  TX  F0 52 00 6E 64 20 00 00 02 56 00 00 00 00 F7  (set_param)
2026-10-06 05:05:24.353  RX  F0 52 00 6E 64 20 01 01 04 53 00 00 00 00 F7
2026-10-06 05:05:24.356  RX  F0 52 00 6E 64 20 01 00 02 56 00 00 00 00 F7
2026-10-06 05:05:24.369  TX  F0 52 00 6E 64 20 00 00 02 53 00 00 00 00 F7  (set_param)
2026-10-06 05:05:24.393  RX  F0 52 00 6E 64 20 01 00 02 53 00 00 00 00 F7
2026-10-06 05:05:24.421  TX  F0 52 00 6E 64 20 00 01 04 54 00 00 00 00 F7  (set_param)
2026-10-06 05:05:24.432  TX  F0 52 00 6E 64 20 00 00 02 4F 00 00 00 00 F7  (set_param)
2026-10-06 05:05:24.465  RX  F0 52 00 6E 64 20 01 01 04 54 00 00 00 00 F7
2026-10-06 05:05:24.468  RX  F0 52 00 6E 64 20 01 00 02 4F 00 00 00 00 F7
2026-10-06 05:05:24.471  TX  F0 52 00 6E 64 20 00 01 04 55 00 00 00 00 F7  (set_param)
2026-10-06 05:05:24.481  TX  F0 52 00 6E 64 20 00 00 02 4A 00 00 00 00 F7  (set_param)
2026-10-06 05:05:24.503  RX  F0 52 00 6E 64 20 01 01 04 55 00 00 00 00 F7
2026-10-06 05:05:24.507  RX  F0 52 00 6E 64 20 01 00 02 4A 00 00 00 00 F7
2026-10-06 05:05:24.519  TX  F0 52 00 6E 64 20 00 01 04 56 00 00 00 00 F7  (set_param)
2026-10-06 05:05:24.529  TX  F0 52 00 6E 64 20 00 00 02 45 00 00 00 00 F7  (set_param)
2026-10-06 05:05:24.544  RX  F0 52 00 6E 64 20 01 01 04 56 00 00 00 00 F7
2026-10-06 05:05:24.547  RX  F0 52 00 6E 64 20 01 00 02 45 00 00 00 00 F7
2026-10-06 05:05:24.566  TX  F0 52 00 6E 64 20 00 01 04 57 00 00 00 00 F7  (set_param)
2026-10-06 05:05:24.577  TX  F0 52 00 6E 64 20 00 00 02 40 00 00 00 00 F7  (set_param)
2026-10-06 05:05:24.612  TX  F0 52 00 6E 64 20 00 01 04 58 00 00 00 00 F7  (set_param)
2026-10-06 05:05:24.622  RX  F0 52 00 6E 64 20 01 01 04 57 00 00 00 00 F7
2026-10-06 05:05:24.623  RX  F0 52 00 6E 64 20 01 00 02 40 00 00 00 00 F7
2026-10-06 05:05:24.623  TX  F0 52 00 6E 64 20 00 00 02 3A 00 00 00 00 F7  (set_param)
2026-10-06 05:05:24.656  TX  F0 52 00 6E 64 20 00 01 04 5A 00 00 00 00 F7  (set_param)
2026-10-06 05:05:24.661  RX  F0 52 00 6E 64 20 01 01 04 58 00 00 00 00 F7
2026-10-06 05:05:24.663  RX  F0 52 00 6E 64 20 01 00 02 3A 00 00 00 00 F7
2026-10-06 05:05:24.666  TX  F0 52 00 6E 64 20 00 00 02 34 00 00 00 00 F7  (set_param)
2026-10-06 05:05:24.700  RX  F0 52 00 6E 64 20 01 01 04 5A 00 00 00 00 F7
2026-10-06 05:05:24.704  RX  F0 52 00 6E 64 20 01 00 02 34 00 00 00 00 F7
2026-10-06 05:05:24.704  TX  F0 52 00 6E 64 20 00 01 04 5B 00 00 00 00 F7  (set_param)
2026-10-06 05:05:24.714  TX  F0 52 00 6E 64 20 00 00 02 2E 00 00 00 00 F7  (set_param)
2026-10-06 05:05:24.739  RX  F0 52 00 6E 64 20 01 01 04 5B 00 00 00 00 F7
2026-10-06 05:05:24.743  RX  F0 52 00 6E 64 20 01 00 02 2E 00 00 00 00 F7
2026-10-06 05:05:24.750  TX  F0 52 00 6E 64 20 00 01 04 5C 00 00 00 00 F7  (set_param)
2026-10-06 05:05:24.761  TX  F0 52 00 6E 64 20 00 00 02 29 00 00 00 00 F7  (set_param)
2026-10-06 05:05:24.779  RX  F0 52 00 6E 64 20 01 01 04 5C 00 00 00 00 F7
2026-10-06 05:05:24.782  RX  F0 52 00 6E 64 20 01 00 02 29 00 00 00 00 F7
2026-10-06 05:05:24.797  TX  F0 52 00 6E 64 20 00 01 04 5D 00 00 00 00 F7  (set_param)
2026-10-06 05:05:24.807  TX  F0 52 00 6E 64 20 00 00 02 23 00 00 00 00 F7  (set_param)
2026-10-06 05:05:24.840  TX  F0 52 00 6E 64 20 00 01 04 5E 00 00 00 00 F7  (set_param)
2026-10-06 05:05:24.850  TX  F0 52 00 6E 64 20 00 00 02 1D 00 00 00 00 F7  (set_param)
2026-10-06 05:05:24.856  RX  F0 52 00 6E 64 20 01 01 04 5D 00 00 00 00 F7
2026-10-06 05:05:24.859  RX  F0 52 00 6E 64 20 01 00 02 23 00 00 00 00 F7
2026-10-06 05:05:24.860  RX  F0 52 00 6E 64 20 01 01 04 5E 00 00 00 00 F7
2026-10-06 05:05:24.891  TX  F0 52 00 6E 64 20 00 01 04 5F 00 00 00 00 F7  (set_param)
2026-10-06 05:05:24.896  RX  F0 52 00 6E 64 20 01 00 02 1D 00 00 00 00 F7
2026-10-06 05:05:24.901  TX  F0 52 00 6E 64 20 00 00 02 18 00 00 00 00 F7  (set_param)
2026-10-06 05:05:24.934  RX  F0 52 00 6E 64 20 01 01 04 5F 00 00 00 00 F7
2026-10-06 05:05:24.935  TX  F0 52 00 6E 64 20 00 01 04 60 00 00 00 00 F7  (set_param)
2026-10-06 05:05:24.937  RX  F0 52 00 6E 64 20 01 00 02 18 00 00 00 00 F7
2026-10-06 05:05:24.946  TX  F0 52 00 6E 64 20 00 00 02 13 00 00 00 00 F7  (set_param)
2026-10-06 05:05:24.974  RX  F0 52 00 6E 64 20 01 01 04 60 00 00 00 00 F7
2026-10-06 05:05:24.976  RX  F0 52 00 6E 64 20 01 00 02 13 00 00 00 00 F7
2026-10-06 05:05:24.983  TX  F0 52 00 6E 64 20 00 01 04 61 00 00 00 00 F7  (set_param)
2026-10-06 05:05:24.994  TX  F0 52 00 6E 64 20 00 00 02 0D 00 00 00 00 F7  (set_param)
2026-10-06 05:05:25.014  RX  F0 52 00 6E 64 20 01 01 04 61 00 00 00 00 F7
2026-10-06 05:05:25.016  RX  F0 52 00 6E 64 20 01 00 02 0D 00 00 00 00 F7
2026-10-06 05:05:25.030  TX  F0 52 00 6E 64 20 00 01 04 62 00 00 00 00 F7  (set_param)
2026-10-06 05:05:25.041  TX  F0 52 00 6E 64 20 00 00 02 09 00 00 00 00 F7  (set_param)
2026-10-06 05:05:25.076  TX  F0 52 00 6E 64 20 00 01 04 63 00 00 00 00 F7  (set_param)
2026-10-06 05:05:25.088  TX  F0 52 00 6E 64 20 00 00 02 05 00 00 00 00 F7  (set_param)
2026-10-06 05:05:25.092  RX  F0 52 00 6E 64 20 01 01 04 62 00 00 00 00 F7
2026-10-06 05:05:25.095  RX  F0 52 00 6E 64 20 01 00 02 09 00 00 00 00 F7
2026-10-06 05:05:25.096  RX  F0 52 00 6E 64 20 01 01 04 63 00 00 00 00 F7
2026-10-06 05:05:25.128  RX  F0 52 00 6E 64 20 01 00 02 05 00 00 00 00 F7
2026-10-06 05:05:25.130  TX  F0 52 00 6E 64 20 00 01 04 64 00 00 00 00 F7  (set_param)
2026-10-06 05:05:25.140  TX  F0 52 00 6E 64 20 00 00 02 01 00 00 00 00 F7  (set_param)
2026-10-06 05:05:25.168  RX  F0 52 00 6E 64 20 01 01 04 64 00 00 00 00 F7
2026-10-06 05:05:25.171  RX  F0 52 00 6E 64 20 01 00 02 01 00 00 00 00 F7
2026-10-06 05:05:25.178  TX  F0 52 00 6E 64 20 00 00 02 00 00 00 00 00 F7  (set_param)
2026-10-06 05:05:25.207  RX  F0 52 00 6E 64 20 01 00 02 00 00 00 00 00 F7
2026-10-06 05:05:27.215  --  73 gesendet, 73 bestätigt, 0 ohne Ack, Latenz CC→Ack Median 39.6 ms / Max 65.4 ms
2026-10-06 05:05:30.506  TX  F0 52 00 6E 64 20 00 01 04 60 00 00 00 00 F7  (set_param)
2026-10-06 05:05:30.517  TX  F0 52 00 6E 64 20 00 00 02 13 00 00 00 00 F7  (set_param)
2026-10-06 05:05:30.528  RX  F0 52 00 6E 64 20 01 01 04 60 00 00 00 00 F7
2026-10-06 05:05:30.530  RX  F0 52 00 6E 64 20 01 00 02 13 00 00 00 00 F7
2026-10-06 05:05:30.566  TX  F0 52 00 6E 64 20 00 01 04 5B 00 00 00 00 F7  (set_param)
2026-10-06 05:05:30.576  TX  F0 52 00 6E 64 20 00 00 02 2E 00 00 00 00 F7  (set_param)
2026-10-06 05:05:30.599  RX  F0 52 00 6E 64 20 01 01 04 5B 00 00 00 00 F7
2026-10-06 05:05:30.603  RX  F0 52 00 6E 64 20 01 00 02 2E 00 00 00 00 F7
2026-10-06 05:05:30.626  TX  F0 52 00 6E 64 20 00 01 04 56 00 00 00 00 F7  (set_param)
2026-10-06 05:05:30.637  TX  F0 52 00 6E 64 20 00 00 02 48 00 00 00 00 F7  (set_param)
2026-10-06 05:05:30.677  RX  F0 52 00 6E 64 20 01 01 04 56 00 00 00 00 F7
2026-10-06 05:05:30.679  RX  F0 52 00 6E 64 20 01 00 02 48 00 00 00 00 F7
2026-10-06 05:05:30.686  TX  F0 52 00 6E 64 20 00 01 04 52 00 00 00 00 F7  (set_param)
2026-10-06 05:05:30.696  TX  F0 52 00 6E 64 20 00 00 02 59 00 00 00 00 F7  (set_param)
2026-10-06 05:05:30.716  RX  F0 52 00 6E 64 20 01 01 04 52 00 00 00 00 F7
2026-10-06 05:05:30.719  RX  F0 52 00 6E 64 20 01 00 02 59 00 00 00 00 F7
2026-10-06 05:05:30.746  TX  F0 52 00 6E 64 20 00 01 04 50 00 00 00 00 F7  (set_param)
2026-10-06 05:05:30.757  TX  F0 52 00 6E 64 20 00 00 02 62 00 00 00 00 F7  (set_param)
2026-10-06 05:05:30.793  RX  F0 52 00 6E 64 20 01 01 04 50 00 00 00 00 F7
2026-10-06 05:05:30.796  RX  F0 52 00 6E 64 20 01 00 02 62 00 00 00 00 F7
2026-10-06 05:05:30.806  TX  F0 52 00 6E 64 20 00 00 02 64 00 00 00 00 F7  (set_param)
2026-10-06 05:05:30.832  RX  F0 52 00 6E 64 20 01 00 02 64 00 00 00 00 F7
2026-10-06 05:05:32.216  --  11 gesendet, 11 bestätigt, 0 ohne Ack, Latenz CC→Ack Median 32.8 ms / Max 52.6 ms
2026-10-06 05:10:54.625  --  Interface: http://127.0.0.1:8765
2026-10-06 05:10:54.686  TX  F0 7E 7F 06 01 F7  (identity_request)
2026-10-06 05:10:54.688  RX  F0 7E 00 06 02 52 6E 00 27 00 31 2E 32 30 F7
2026-10-06 05:10:54.688  TX  F0 52 00 6E 50 F7  (edit_enable)
2026-10-06 05:10:54.700  RX  F0 52 00 6E 00 00 F7
2026-10-06 05:10:54.700  TX  F0 52 00 6E 33 F7  (query_program)
2026-10-06 05:10:54.702  RX  control_change channel=0 control=0 value=0 time=0
2026-10-06 05:10:54.703  RX  control_change channel=0 control=32 value=9 time=0
2026-10-06 05:10:54.704  RX  program_change channel=0 program=4 time=0
2026-10-06 05:10:54.704  --  Preset 095: expression → effect 1, parameter 1, 0–100 and effect 2, parameter 3, 100–80
2026-10-06 05:10:55.201  --  Ready: SINCO → ZOOM MS Plus Series, firmware 1.20
2026-10-06 05:23:15.317  --  Interface: http://127.0.0.1:8765
2026-10-06 05:23:15.380  TX  F0 7E 7F 06 01 F7  (identity_request)
2026-10-06 05:23:15.384  RX  F0 7E 00 06 02 52 6E 00 27 00 31 2E 32 30 F7
2026-10-06 05:23:15.384  TX  F0 52 00 6E 50 F7  (edit_enable)
2026-10-06 05:23:15.396  RX  F0 52 00 6E 00 00 F7
2026-10-06 05:23:15.396  TX  F0 52 00 6E 33 F7  (query_program)
2026-10-06 05:23:15.399  RX  control_change channel=0 control=0 value=0 time=0
2026-10-06 05:23:15.400  RX  control_change channel=0 control=32 value=9 time=0
2026-10-06 05:23:15.400  RX  program_change channel=0 program=4 time=0
2026-10-06 05:23:15.400  --  Preset 095: expression → effect 1, parameter 1, 0–100 and effect 2, parameter 3, 100–80
2026-10-06 05:23:15.897  --  Ready: SINCO → ZOOM MS Plus Series, firmware 1.20
2026-10-06 05:43:04.109  TX  F0 52 00 6E 64 20 00 01 04 52 00 00 00 00 F7  (set_param)
2026-10-06 05:43:04.120  TX  F0 52 00 6E 64 20 00 00 02 59 00 00 00 00 F7  (set_param)
2026-10-06 05:43:04.125  RX  F0 52 00 6E 64 20 01 01 04 52 00 00 00 00 F7
2026-10-06 05:43:04.149  TX  F0 52 00 6E 64 20 00 01 04 55 00 00 00 00 F7  (set_param)
2026-10-06 05:43:04.155  RX  F0 52 00 6E 64 20 01 00 02 59 00 00 00 00 F7
2026-10-06 05:43:04.160  TX  F0 52 00 6E 64 20 00 00 02 4B 00 00 00 00 F7  (set_param)
2026-10-06 05:43:04.185  RX  F0 52 00 6E 64 20 01 01 04 55 00 00 00 00 F7
2026-10-06 05:43:04.186  RX  F0 52 00 6E 64 20 01 00 02 4B 00 00 00 00 F7
2026-10-06 05:43:04.188  TX  F0 52 00 6E 64 20 00 01 04 58 00 00 00 00 F7  (set_param)
2026-10-06 05:43:04.199  TX  F0 52 00 6E 64 20 00 00 02 3E 00 00 00 00 F7  (set_param)
2026-10-06 05:43:04.219  RX  F0 52 00 6E 64 20 01 01 04 58 00 00 00 00 F7
2026-10-06 05:43:04.222  RX  F0 52 00 6E 64 20 01 00 02 3E 00 00 00 00 F7
2026-10-06 05:43:04.229  TX  F0 52 00 6E 64 20 00 01 04 5A 00 00 00 00 F7  (set_param)
2026-10-06 05:43:04.240  TX  F0 52 00 6E 64 20 00 00 02 32 00 00 00 00 F7  (set_param)
2026-10-06 05:43:04.251  RX  F0 52 00 6E 64 20 01 01 04 5A 00 00 00 00 F7
2026-10-06 05:43:04.269  TX  F0 52 00 6E 64 20 00 01 04 5C 00 00 00 00 F7  (set_param)
2026-10-06 05:43:04.280  TX  F0 52 00 6E 64 20 00 00 02 27 00 00 00 00 F7  (set_param)
2026-10-06 05:43:04.284  RX  F0 52 00 6E 64 20 01 00 02 32 00 00 00 00 F7
2026-10-06 05:43:04.308  TX  F0 52 00 6E 64 20 00 01 04 5E 00 00 00 00 F7  (set_param)
2026-10-06 05:43:04.315  RX  F0 52 00 6E 64 20 01 01 04 5C 00 00 00 00 F7
2026-10-06 05:43:04.316  RX  F0 52 00 6E 64 20 01 00 02 27 00 00 00 00 F7
2026-10-06 05:43:04.319  TX  F0 52 00 6E 64 20 00 00 02 1C 00 00 00 00 F7  (set_param)
2026-10-06 05:43:04.347  RX  F0 52 00 6E 64 20 01 01 04 5E 00 00 00 00 F7
2026-10-06 05:43:04.348  TX  F0 52 00 6E 64 20 00 01 04 61 00 00 00 00 F7  (set_param)
2026-10-06 05:43:04.350  RX  F0 52 00 6E 64 20 01 00 02 1C 00 00 00 00 F7
2026-10-06 05:43:04.359  TX  F0 52 00 6E 64 20 00 00 02 11 00 00 00 00 F7  (set_param)
2026-10-06 05:43:04.379  RX  F0 52 00 6E 64 20 01 01 04 61 00 00 00 00 F7
2026-10-06 05:43:04.380  RX  F0 52 00 6E 64 20 01 00 02 11 00 00 00 00 F7
2026-10-06 05:43:04.390  TX  F0 52 00 6E 64 20 00 01 04 62 00 00 00 00 F7  (set_param)
2026-10-06 05:43:04.402  TX  F0 52 00 6E 64 20 00 00 02 0A 00 00 00 00 F7  (set_param)
2026-10-06 05:43:04.412  RX  F0 52 00 6E 64 20 01 01 04 62 00 00 00 00 F7
2026-10-06 05:43:04.432  TX  F0 52 00 6E 64 20 00 01 04 64 00 00 00 00 F7  (set_param)
2026-10-06 05:43:04.443  TX  F0 52 00 6E 64 20 00 00 02 02 00 00 00 00 F7  (set_param)
2026-10-06 05:43:04.445  RX  F0 52 00 6E 64 20 01 00 02 0A 00 00 00 00 F7
2026-10-06 05:43:04.474  RX  F0 52 00 6E 64 20 01 01 04 64 00 00 00 00 F7
2026-10-06 05:43:04.475  TX  F0 52 00 6E 64 20 00 00 02 00 00 00 00 00 F7  (set_param)
2026-10-06 05:43:04.478  RX  F0 52 00 6E 64 20 01 00 02 02 00 00 00 00 F7
2026-10-06 05:43:04.507  RX  F0 52 00 6E 64 20 01 00 02 00 00 00 00 00 F7
2026-10-06 05:43:04.912  TX  F0 52 00 6E 64 20 00 01 04 63 00 00 00 00 F7  (set_param)
2026-10-06 05:43:04.923  TX  F0 52 00 6E 64 20 00 00 02 04 00 00 00 00 F7  (set_param)
2026-10-06 05:43:04.929  RX  F0 52 00 6E 64 20 01 01 04 63 00 00 00 00 F7
2026-10-06 05:43:04.932  RX  F0 52 00 6E 64 20 01 00 02 04 00 00 00 00 F7
2026-10-06 05:43:04.958  TX  F0 52 00 6E 64 20 00 01 04 62 00 00 00 00 F7  (set_param)
2026-10-06 05:43:04.969  TX  F0 52 00 6E 64 20 00 00 02 09 00 00 00 00 F7  (set_param)
2026-10-06 05:43:04.988  RX  F0 52 00 6E 64 20 01 01 04 62 00 00 00 00 F7
2026-10-06 05:43:04.991  RX  F0 52 00 6E 64 20 01 00 02 09 00 00 00 00 F7
2026-10-06 05:43:05.000  TX  F0 52 00 6E 64 20 00 01 04 61 00 00 00 00 F7  (set_param)
2026-10-06 05:43:05.012  TX  F0 52 00 6E 64 20 00 00 02 10 00 00 00 00 F7  (set_param)
2026-10-06 05:43:05.023  RX  F0 52 00 6E 64 20 01 01 04 61 00 00 00 00 F7
2026-10-06 05:43:05.043  TX  F0 52 00 6E 64 20 00 01 04 60 00 00 00 00 F7  (set_param)
2026-10-06 05:43:05.054  RX  F0 52 00 6E 64 20 01 00 02 10 00 00 00 00 F7
2026-10-06 05:43:05.054  TX  F0 52 00 6E 64 20 00 00 02 15 00 00 00 00 F7  (set_param)
2026-10-06 05:43:05.085  RX  F0 52 00 6E 64 20 01 01 04 60 00 00 00 00 F7
2026-10-06 05:43:05.085  TX  F0 52 00 6E 64 20 00 01 04 5F 00 00 00 00 F7  (set_param)
2026-10-06 05:43:05.088  RX  F0 52 00 6E 64 20 01 00 02 15 00 00 00 00 F7
2026-10-06 05:43:05.096  TX  F0 52 00 6E 64 20 00 00 02 1B 00 00 00 00 F7  (set_param)
2026-10-06 05:43:05.116  RX  F0 52 00 6E 64 20 01 01 04 5F 00 00 00 00 F7
2026-10-06 05:43:05.119  RX  F0 52 00 6E 64 20 01 00 02 1B 00 00 00 00 F7
2026-10-06 05:43:05.126  TX  F0 52 00 6E 64 20 00 01 04 5E 00 00 00 00 F7  (set_param)
2026-10-06 05:43:05.137  TX  F0 52 00 6E 64 20 00 00 02 20 00 00 00 00 F7  (set_param)
2026-10-06 05:43:05.151  RX  F0 52 00 6E 64 20 01 01 04 5E 00 00 00 00 F7
2026-10-06 05:43:05.168  TX  F0 52 00 6E 64 20 00 01 04 5C 00 00 00 00 F7  (set_param)
2026-10-06 05:43:05.179  TX  F0 52 00 6E 64 20 00 00 02 26 00 00 00 00 F7  (set_param)
2026-10-06 05:43:05.182  RX  F0 52 00 6E 64 20 01 00 02 20 00 00 00 00 F7
2026-10-06 05:43:05.211  TX  F0 52 00 6E 64 20 00 01 04 5B 00 00 00 00 F7  (set_param)
2026-10-06 05:43:05.213  RX  F0 52 00 6E 64 20 01 01 04 5C 00 00 00 00 F7
2026-10-06 05:43:05.216  RX  F0 52 00 6E 64 20 01 00 02 26 00 00 00 00 F7
2026-10-06 05:43:05.222  TX  F0 52 00 6E 64 20 00 00 02 2B 00 00 00 00 F7  (set_param)
2026-10-06 05:43:05.247  RX  F0 52 00 6E 64 20 01 01 04 5B 00 00 00 00 F7
2026-10-06 05:43:05.249  RX  F0 52 00 6E 64 20 01 00 02 2B 00 00 00 00 F7
2026-10-06 05:43:05.255  TX  F0 52 00 6E 64 20 00 01 04 5A 00 00 00 00 F7  (set_param)
2026-10-06 05:43:05.266  TX  F0 52 00 6E 64 20 00 00 02 32 00 00 00 00 F7  (set_param)
2026-10-06 05:43:05.281  RX  F0 52 00 6E 64 20 01 01 04 5A 00 00 00 00 F7
2026-10-06 05:43:05.297  TX  F0 52 00 6E 64 20 00 01 04 59 00 00 00 00 F7  (set_param)
2026-10-06 05:43:05.309  TX  F0 52 00 6E 64 20 00 00 02 38 00 00 00 00 F7  (set_param)
2026-10-06 05:43:05.311  RX  F0 52 00 6E 64 20 01 00 02 32 00 00 00 00 F7
2026-10-06 05:43:05.339  TX  F0 52 00 6E 64 20 00 01 04 58 00 00 00 00 F7  (set_param)
2026-10-06 05:43:05.342  RX  F0 52 00 6E 64 20 01 01 04 59 00 00 00 00 F7
2026-10-06 05:43:05.345  RX  F0 52 00 6E 64 20 01 00 02 38 00 00 00 00 F7
2026-10-06 05:43:05.350  TX  F0 52 00 6E 64 20 00 00 02 3D 00 00 00 00 F7  (set_param)
2026-10-06 05:43:05.373  RX  F0 52 00 6E 64 20 01 01 04 58 00 00 00 00 F7
2026-10-06 05:43:05.375  RX  F0 52 00 6E 64 20 01 00 02 3D 00 00 00 00 F7
2026-10-06 05:43:05.381  TX  F0 52 00 6E 64 20 00 01 04 56 00 00 00 00 F7  (set_param)
2026-10-06 05:43:05.391  TX  F0 52 00 6E 64 20 00 00 02 44 00 00 00 00 F7  (set_param)
2026-10-06 05:43:05.407  RX  F0 52 00 6E 64 20 01 01 04 56 00 00 00 00 F7
2026-10-06 05:43:05.425  TX  F0 52 00 6E 64 20 00 01 04 55 00 00 00 00 F7  (set_param)
2026-10-06 05:43:05.436  TX  F0 52 00 6E 64 20 00 00 02 4A 00 00 00 00 F7  (set_param)
2026-10-06 05:43:05.440  RX  F0 52 00 6E 64 20 01 00 02 44 00 00 00 00 F7
2026-10-06 05:43:05.469  RX  F0 52 00 6E 64 20 01 01 04 55 00 00 00 00 F7
2026-10-06 05:43:05.469  TX  F0 52 00 6E 64 20 00 01 04 54 00 00 00 00 F7  (set_param)
2026-10-06 05:43:05.473  RX  F0 52 00 6E 64 20 01 00 02 4A 00 00 00 00 F7
2026-10-06 05:43:05.480  TX  F0 52 00 6E 64 20 00 00 02 51 00 00 00 00 F7  (set_param)
2026-10-06 05:43:05.503  RX  F0 52 00 6E 64 20 01 01 04 54 00 00 00 00 F7
2026-10-06 05:43:05.505  RX  F0 52 00 6E 64 20 01 00 02 51 00 00 00 00 F7
2026-10-06 05:43:05.513  TX  F0 52 00 6E 64 20 00 01 04 52 00 00 00 00 F7  (set_param)
2026-10-06 05:43:05.524  TX  F0 52 00 6E 64 20 00 00 02 58 00 00 00 00 F7  (set_param)
2026-10-06 05:43:05.535  RX  F0 52 00 6E 64 20 01 01 04 52 00 00 00 00 F7
2026-10-06 05:43:05.556  TX  F0 52 00 6E 64 20 00 01 04 51 00 00 00 00 F7  (set_param)
2026-10-06 05:43:05.567  TX  F0 52 00 6E 64 20 00 00 02 5F 00 00 00 00 F7  (set_param)
2026-10-06 05:43:05.569  RX  F0 52 00 6E 64 20 01 00 02 58 00 00 00 00 F7
2026-10-06 05:43:05.599  RX  F0 52 00 6E 64 20 01 01 04 51 00 00 00 00 F7
2026-10-06 05:43:05.601  TX  F0 52 00 6E 64 20 00 01 04 50 00 00 00 00 F7  (set_param)
2026-10-06 05:43:05.603  RX  F0 52 00 6E 64 20 01 00 02 5F 00 00 00 00 F7
2026-10-06 05:43:05.612  TX  F0 52 00 6E 64 20 00 00 02 64 00 00 00 00 F7  (set_param)
2026-10-06 05:43:05.631  RX  F0 52 00 6E 64 20 01 01 04 50 00 00 00 00 F7
2026-10-06 05:43:05.634  RX  F0 52 00 6E 64 20 01 00 02 64 00 00 00 00 F7
2026-10-06 05:43:06.133  --  53 sent, 53 confirmed, 0 unconfirmed, latency CC→ack median 36.7 ms / max 59.5 ms
2026-10-06 05:43:54.283  TX  F0 52 00 6E 51 F7  (edit_disable)
2026-10-06 05:43:54.290  RX  F0 52 00 6E 00 00 F7
2026-10-06 05:43:54.303  --  Stopped.
2026-10-06 05:46:38.955  --  Interface: http://127.0.0.1:8765
2026-10-06 05:46:39.379  TX  F0 7E 7F 06 01 F7  (identity_request)
2026-10-06 05:46:39.388  RX  F0 7E 00 06 02 52 6E 00 27 00 31 2E 32 30 F7
2026-10-06 05:46:39.388  TX  F0 52 00 6E 50 F7  (edit_enable)
2026-10-06 05:46:39.394  RX  F0 52 00 6E 00 00 F7
2026-10-06 05:46:39.395  TX  F0 52 00 6E 33 F7  (query_program)
2026-10-06 05:46:39.399  RX  control_change channel=0 control=0 value=0 time=0
2026-10-06 05:46:39.399  RX  control_change channel=0 control=32 value=9 time=0
2026-10-06 05:46:39.399  RX  program_change channel=0 program=4 time=0
2026-10-06 05:46:39.399  --  Preset 095: expression → effect 1, parameter 1, 0–100 and effect 2, parameter 3, 100–80
2026-10-06 05:46:39.895  --  Ready: SINCO → ZOOM MS Plus Series, firmware 1.20
2026-10-06 06:36:30.060  TX  F0 52 00 6E 51 F7  (edit_disable)
2026-10-06 06:36:30.066  RX  F0 52 00 6E 00 00 F7
2026-10-06 06:36:30.067  --  Stopped.
2026-10-06 18:03:25.751  --  Interface: http://127.0.0.1:8765
2026-10-06 18:03:26.039  --  Waiting for devices: no unique port matching “ZOOM MS Plus Series” (found: none)
2026-10-06 18:04:38.608  TX  F0 7E 7F 06 01 F7  (identity_request)
2026-10-06 18:04:38.611  RX  F0 7E 00 06 02 52 6E 00 27 00 31 2E 32 30 F7
2026-10-06 18:04:38.611  TX  F0 52 00 6E 50 F7  (edit_enable)
2026-10-06 18:04:38.615  RX  F0 52 00 6E 00 00 F7
2026-10-06 18:04:38.615  TX  F0 52 00 6E 33 F7  (query_program)
2026-10-06 18:04:38.616  RX  control_change channel=0 control=0 value=0 time=0
2026-10-06 18:04:38.617  RX  control_change channel=0 control=32 value=9 time=0
2026-10-06 18:04:38.617  RX  program_change channel=0 program=4 time=0
2026-10-06 18:04:38.617  --  Preset 095: expression → effect 1, parameter 1, 0–100 and effect 2, parameter 3, 100–80
2026-10-06 18:04:39.116  --  Ready: SINCO → ZOOM MS Plus Series, firmware 1.20
2026-10-06 18:04:55.699  RX  F0 52 00 6E 64 20 00 00 02 31 00 00 00 00 F7
2026-10-06 18:04:55.778  RX  F0 52 00 6E 64 20 00 00 02 30 00 00 00 00 F7
2026-10-06 18:04:55.890  RX  F0 52 00 6E 64 20 00 00 02 2F 00 00 00 00 F7
2026-10-06 18:04:56.002  RX  F0 52 00 6E 64 20 00 00 02 2E 00 00 00 00 F7
2026-10-06 18:04:56.226  RX  F0 52 00 6E 64 20 00 00 02 2D 00 00 00 00 F7
2026-10-06 18:04:56.322  RX  F0 52 00 6E 64 20 00 00 02 2C 00 00 00 00 F7
2026-10-06 18:04:56.594  RX  F0 52 00 6E 64 20 00 00 02 2B 00 00 00 00 F7
2026-10-06 18:04:56.643  RX  F0 52 00 6E 64 20 00 00 02 29 00 00 00 00 F7
2026-10-06 18:04:56.658  RX  F0 52 00 6E 64 20 00 00 02 25 00 00 00 00 F7
2026-10-06 18:04:56.690  RX  F0 52 00 6E 64 20 00 00 02 23 00 00 00 00 F7
2026-10-06 18:04:56.706  RX  F0 52 00 6E 64 20 00 00 02 1F 00 00 00 00 F7
2026-10-06 18:04:56.739  RX  F0 52 00 6E 64 20 00 00 02 1D 00 00 00 00 F7
2026-10-06 18:04:57.267  RX  F0 52 00 6E 64 20 00 00 02 1C 00 00 00 00 F7
2026-10-06 18:04:57.283  RX  F0 52 00 6E 64 20 00 00 02 18 00 00 00 00 F7
2026-10-06 18:04:57.314  RX  F0 52 00 6E 64 20 00 00 02 16 00 00 00 00 F7
2026-10-06 18:04:57.331  RX  F0 52 00 6E 64 20 00 00 02 12 00 00 00 00 F7
2026-10-06 18:04:57.378  RX  F0 52 00 6E 64 20 00 00 02 11 00 00 00 00 F7
2026-10-06 18:04:57.491  RX  F0 52 00 6E 64 20 00 00 02 10 00 00 00 00 F7
2026-10-06 18:04:57.603  RX  F0 52 00 6E 64 20 00 00 02 0F 00 00 00 00 F7
2026-10-06 18:04:57.715  RX  F0 52 00 6E 64 20 00 00 02 0E 00 00 00 00 F7
2026-10-06 18:04:57.778  RX  F0 52 00 6E 64 20 00 00 02 0D 00 00 00 00 F7
2026-10-06 18:04:57.842  RX  F0 52 00 6E 64 20 00 00 02 0C 00 00 00 00 F7
2026-10-06 18:04:57.890  RX  F0 52 00 6E 64 20 00 00 02 0A 00 00 00 00 F7
2026-10-06 18:04:57.906  RX  F0 52 00 6E 64 20 00 00 02 06 00 00 00 00 F7
2026-10-06 18:04:57.922  RX  F0 52 00 6E 64 20 00 00 02 02 00 00 00 00 F7
2026-10-06 18:04:58.627  RX  F0 52 00 6E 64 20 00 00 02 01 00 00 00 00 F7
2026-10-06 18:04:58.659  RX  F0 52 00 6E 64 20 00 00 02 00 00 00 00 00 F7
2026-10-06 18:04:59.347  RX  F0 52 00 6E 64 20 00 00 02 01 00 00 00 00 F7
2026-10-06 18:04:59.378  RX  F0 52 00 6E 64 20 00 00 02 04 00 00 00 00 F7
2026-10-06 18:04:59.410  RX  F0 52 00 6E 64 20 00 00 02 06 00 00 00 00 F7
2026-10-06 18:04:59.458  RX  F0 52 00 6E 64 20 00 00 02 07 00 00 00 00 F7
2026-10-06 18:04:59.507  RX  F0 52 00 6E 64 20 00 00 02 08 00 00 00 00 F7
2026-10-06 18:04:59.538  RX  F0 52 00 6E 64 20 00 00 02 09 00 00 00 00 F7
2026-10-06 18:04:59.603  RX  F0 52 00 6E 64 20 00 00 02 0A 00 00 00 00 F7
2026-10-06 18:04:59.667  RX  F0 52 00 6E 64 20 00 00 02 0B 00 00 00 00 F7
2026-10-06 18:05:00.194  RX  F0 52 00 6E 64 20 00 00 02 0C 00 00 00 00 F7
2026-10-06 18:05:00.226  RX  F0 52 00 6E 64 20 00 00 02 0F 00 00 00 00 F7
2026-10-06 18:05:00.242  RX  F0 52 00 6E 64 20 00 00 02 13 00 00 00 00 F7
2026-10-06 18:05:00.291  RX  F0 52 00 6E 64 20 00 00 02 14 00 00 00 00 F7
2026-10-06 18:05:00.338  RX  F0 52 00 6E 64 20 00 00 02 15 00 00 00 00 F7
2026-10-06 18:05:00.403  RX  F0 52 00 6E 64 20 00 00 02 16 00 00 00 00 F7
2026-10-06 18:05:00.450  RX  F0 52 00 6E 64 20 00 00 02 18 00 00 00 00 F7
2026-10-06 18:05:00.499  RX  F0 52 00 6E 64 20 00 00 02 19 00 00 00 00 F7
2026-10-06 18:05:00.531  RX  F0 52 00 6E 64 20 00 00 02 1A 00 00 00 00 F7
2026-10-06 18:05:00.562  RX  F0 52 00 6E 64 20 00 00 02 1B 00 00 00 00 F7
2026-10-06 18:05:01.141  RX  F0 52 00 6E 64 20 00 00 02 1C 00 00 00 00 F7
2026-10-06 18:05:01.203  RX  F0 52 00 6E 64 20 00 00 02 1D 00 00 00 00 F7
2026-10-06 18:05:01.267  RX  F0 52 00 6E 64 20 00 00 02 1E 00 00 00 00 F7
2026-10-06 18:05:01.314  RX  F0 52 00 6E 64 20 00 00 02 20 00 00 00 00 F7
2026-10-06 18:05:01.362  RX  F0 52 00 6E 64 20 00 00 02 21 00 00 00 00 F7
2026-10-06 18:05:01.394  RX  F0 52 00 6E 64 20 00 00 02 22 00 00 00 00 F7
2026-10-06 18:05:01.443  RX  F0 52 00 6E 64 20 00 00 02 23 00 00 00 00 F7
2026-10-06 18:05:01.507  RX  F0 52 00 6E 64 20 00 00 02 24 00 00 00 00 F7
2026-10-06 18:05:01.539  RX  F0 52 00 6E 64 20 00 00 02 25 00 00 00 00 F7
2026-10-06 18:05:01.586  RX  F0 52 00 6E 64 20 00 00 02 27 00 00 00 00 F7
2026-10-06 18:05:02.035  RX  F0 52 00 6E 64 20 00 00 02 28 00 00 00 00 F7
2026-10-06 18:05:02.066  RX  F0 52 00 6E 64 20 00 00 02 2B 00 00 00 00 F7
2026-10-06 18:05:02.083  RX  F0 52 00 6E 64 20 00 00 02 2F 00 00 00 00 F7
2026-10-06 18:05:02.115  RX  F0 52 00 6E 64 20 00 00 02 31 00 00 00 00 F7
2026-10-06 18:05:02.163  RX  F0 52 00 6E 64 20 00 00 02 32 00 00 00 00 F7
2026-10-06 18:05:02.211  RX  F0 52 00 6E 64 20 00 00 02 33 00 00 00 00 F7
2026-10-06 18:05:02.243  RX  F0 52 00 6E 64 20 00 00 02 34 00 00 00 00 F7
2026-10-06 18:05:02.307  RX  F0 52 00 6E 64 20 00 00 02 35 00 00 00 00 F7
2026-10-06 18:05:02.803  RX  F0 52 00 6E 64 20 00 00 02 36 00 00 00 00 F7
2026-10-06 18:05:02.835  RX  F0 52 00 6E 64 20 00 00 02 39 00 00 00 00 F7
2026-10-06 18:05:02.867  RX  F0 52 00 6E 64 20 00 00 02 3B 00 00 00 00 F7
2026-10-06 18:05:02.914  RX  F0 52 00 6E 64 20 00 00 02 3C 00 00 00 00 F7
2026-10-06 18:05:02.962  RX  F0 52 00 6E 64 20 00 00 02 3D 00 00 00 00 F7
2026-10-06 18:05:03.010  RX  F0 52 00 6E 64 20 00 00 02 3E 00 00 00 00 F7
2026-10-06 18:05:03.042  RX  F0 52 00 6E 64 20 00 00 02 41 00 00 00 00 F7
2026-10-06 18:05:03.058  RX  F0 52 00 6E 64 20 00 00 02 45 00 00 00 00 F7
2026-10-06 18:05:03.090  RX  F0 52 00 6E 64 20 00 00 02 47 00 00 00 00 F7
2026-10-06 18:05:03.106  RX  F0 52 00 6E 64 20 00 00 02 4B 00 00 00 00 F7
2026-10-06 18:05:03.123  RX  F0 52 00 6E 64 20 00 00 02 4F 00 00 00 00 F7
2026-10-06 18:05:03.140  RX  F0 52 00 6E 64 20 00 00 02 53 00 00 00 00 F7
2026-10-06 18:05:03.186  RX  F0 52 00 6E 64 20 00 00 02 54 00 00 00 00 F7
2026-10-06 18:05:03.218  RX  F0 52 00 6E 64 20 00 00 02 55 00 00 00 00 F7
2026-10-06 18:05:03.266  RX  F0 52 00 6E 64 20 00 00 02 56 00 00 00 00 F7
2026-10-06 18:05:03.939  RX  F0 52 00 6E 64 20 00 00 02 57 00 00 00 00 F7
2026-10-06 18:05:04.739  RX  F0 52 00 6E 64 20 00 00 02 58 00 00 00 00 F7
2026-10-06 18:05:04.770  RX  F0 52 00 6E 64 20 00 00 02 5B 00 00 00 00 F7
2026-10-06 18:05:04.802  RX  F0 52 00 6E 64 20 00 00 02 5D 00 00 00 00 F7
2026-10-06 18:05:04.834  RX  F0 52 00 6E 64 20 00 00 02 5F 00 00 00 00 F7
2026-10-06 18:05:04.866  RX  F0 52 00 6E 64 20 00 00 02 61 00 00 00 00 F7
2026-10-06 18:05:04.898  RX  F0 52 00 6E 64 20 00 00 02 63 00 00 00 00 F7
2026-10-06 18:05:04.962  RX  F0 52 00 6E 64 20 00 00 02 64 00 00 00 00 F7
2026-10-06 18:05:10.418  RX  F0 52 00 6E 64 20 00 00 02 63 00 00 00 00 F7
2026-10-06 18:05:10.434  RX  F0 52 00 6E 64 20 00 00 02 5F 00 00 00 00 F7
2026-10-06 18:05:10.451  RX  F0 52 00 6E 64 20 00 00 02 5B 00 00 00 00 F7
2026-10-06 18:05:11.027  RX  F0 52 00 6E 64 20 00 00 02 5A 00 00 00 00 F7
2026-10-06 18:05:11.074  RX  F0 52 00 6E 64 20 00 00 02 58 00 00 00 00 F7
2026-10-06 18:05:11.154  RX  F0 52 00 6E 64 20 00 00 02 57 00 00 00 00 F7
2026-10-06 18:05:11.283  RX  F0 52 00 6E 64 20 00 00 02 56 00 00 00 00 F7
2026-10-06 18:05:11.410  RX  F0 52 00 6E 64 20 00 00 02 55 00 00 00 00 F7
2026-10-06 18:05:11.490  RX  F0 52 00 6E 64 20 00 00 02 54 00 00 00 00 F7
2026-10-06 18:05:11.571  RX  F0 52 00 6E 64 20 00 00 02 53 00 00 00 00 F7
2026-10-06 18:05:11.635  RX  F0 52 00 6E 64 20 00 00 02 52 00 00 00 00 F7
2026-10-06 18:05:12.050  RX  F0 52 00 6E 64 20 00 00 02 51 00 00 00 00 F7
2026-10-06 18:05:12.099  RX  F0 52 00 6E 64 20 00 00 02 4F 00 00 00 00 F7
2026-10-06 18:05:12.147  RX  F0 52 00 6E 64 20 00 00 02 4E 00 00 00 00 F7
2026-10-06 18:05:12.259  RX  F0 52 00 6E 64 20 00 00 02 4D 00 00 00 00 F7
2026-10-06 18:05:12.403  RX  F0 52 00 6E 64 20 00 00 02 4C 00 00 00 00 F7
2026-10-06 18:05:12.483  RX  F0 52 00 6E 64 20 00 00 02 4B 00 00 00 00 F7
2026-10-06 18:05:12.546  RX  F0 52 00 6E 64 20 00 00 02 4A 00 00 00 00 F7
2026-10-06 18:05:12.643  RX  F0 52 00 6E 64 20 00 00 02 49 00 00 00 00 F7
2026-10-06 18:05:12.707  RX  F0 52 00 6E 64 20 00 00 02 48 00 00 00 00 F7
2026-10-06 18:05:12.770  RX  F0 52 00 6E 64 20 00 00 02 47 00 00 00 00 F7
2026-10-06 18:05:12.802  RX  F0 52 00 6E 64 20 00 00 02 44 00 00 00 00 F7
2026-10-06 18:05:12.818  RX  F0 52 00 6E 64 20 00 00 02 34 00 00 00 00 F7
2026-10-06 18:05:12.835  RX  F0 52 00 6E 64 20 00 00 02 30 00 00 00 00 F7
2026-10-06 18:05:12.850  RX  F0 52 00 6E 64 20 00 00 02 2C 00 00 00 00 F7
2026-10-06 18:05:12.866  RX  F0 52 00 6E 64 20 00 00 02 28 00 00 00 00 F7
2026-10-06 18:05:13.458  RX  F0 52 00 6E 64 20 00 00 02 27 00 00 00 00 F7
2026-10-06 18:05:13.491  RX  F0 52 00 6E 64 20 00 00 02 24 00 00 00 00 F7
2026-10-06 18:05:13.507  RX  F0 52 00 6E 64 20 00 00 02 20 00 00 00 00 F7
2026-10-06 18:05:13.554  RX  F0 52 00 6E 64 20 00 00 02 1F 00 00 00 00 F7
2026-10-06 18:05:13.586  RX  F0 52 00 6E 64 20 00 00 02 1E 00 00 00 00 F7
2026-10-06 18:05:13.635  RX  F0 52 00 6E 64 20 00 00 02 1D 00 00 00 00 F7
2026-10-06 18:05:13.698  RX  F0 52 00 6E 64 20 00 00 02 1C 00 00 00 00 F7
2026-10-06 18:05:13.730  RX  F0 52 00 6E 64 20 00 00 02 1B 00 00 00 00 F7
2026-10-06 18:05:13.794  RX  F0 52 00 6E 64 20 00 00 02 1A 00 00 00 00 F7
2026-10-06 18:05:13.843  RX  F0 52 00 6E 64 20 00 00 02 19 00 00 00 00 F7
2026-10-06 18:05:13.875  RX  F0 52 00 6E 64 20 00 00 02 16 00 00 00 00 F7
2026-10-06 18:05:13.922  RX  F0 52 00 6E 64 20 00 00 02 15 00 00 00 00 F7
2026-10-06 18:05:13.954  RX  F0 52 00 6E 64 20 00 00 02 0F 00 00 00 00 F7
2026-10-06 18:05:13.970  RX  F0 52 00 6E 64 20 00 00 02 0B 00 00 00 00 F7
2026-10-06 18:05:13.986  RX  F0 52 00 6E 64 20 00 00 02 07 00 00 00 00 F7
2026-10-06 18:05:14.018  RX  F0 52 00 6E 64 20 00 00 02 05 00 00 00 00 F7
2026-10-06 18:05:14.050  RX  F0 52 00 6E 64 20 00 00 02 03 00 00 00 00 F7
2026-10-06 18:05:14.083  RX  F0 52 00 6E 64 20 00 00 02 01 00 00 00 00 F7
2026-10-06 18:05:14.098  RX  F0 52 00 6E 64 20 00 00 02 00 00 00 00 00 F7
2026-10-06 18:05:24.460  --  Learned for preset 095: effect 1, parameter 1, 0–100
2026-10-06 18:05:24.913  TX  F0 52 00 6E 64 20 00 00 02 53 00 00 00 00 F7  (set_param)
2026-10-06 18:05:24.920  RX  F0 52 00 6E 64 20 01 00 02 53 00 00 00 00 F7
2026-10-06 18:05:24.973  TX  F0 52 00 6E 64 20 00 00 02 45 00 00 00 00 F7  (set_param)
2026-10-06 18:05:24.977  RX  F0 52 00 6E 64 20 01 00 02 45 00 00 00 00 F7
2026-10-06 18:05:25.033  TX  F0 52 00 6E 64 20 00 00 02 35 00 00 00 00 F7  (set_param)
2026-10-06 18:05:25.037  RX  F0 52 00 6E 64 20 01 00 02 35 00 00 00 00 F7
2026-10-06 18:05:25.094  TX  F0 52 00 6E 64 20 00 00 02 29 00 00 00 00 F7  (set_param)
2026-10-06 18:05:25.098  RX  F0 52 00 6E 64 20 01 00 02 29 00 00 00 00 F7
2026-10-06 18:05:25.153  TX  F0 52 00 6E 64 20 00 00 02 1B 00 00 00 00 F7  (set_param)
2026-10-06 18:05:25.159  RX  F0 52 00 6E 64 20 01 00 02 1B 00 00 00 00 F7
2026-10-06 18:05:25.213  TX  F0 52 00 6E 64 20 00 00 02 0E 00 00 00 00 F7  (set_param)
2026-10-06 18:05:25.217  RX  F0 52 00 6E 64 20 01 00 02 0E 00 00 00 00 F7
2026-10-06 18:05:25.271  TX  F0 52 00 6E 64 20 00 00 02 05 00 00 00 00 F7  (set_param)
2026-10-06 18:05:25.275  RX  F0 52 00 6E 64 20 01 00 02 05 00 00 00 00 F7
2026-10-06 18:05:25.330  TX  F0 52 00 6E 64 20 00 00 02 00 00 00 00 00 F7  (set_param)
2026-10-06 18:05:25.336  RX  F0 52 00 6E 64 20 01 00 02 00 00 00 00 00 F7
2026-10-06 18:05:25.683  TX  F0 52 00 6E 64 20 00 00 02 0E 00 00 00 00 F7  (set_param)
2026-10-06 18:05:25.689  RX  F0 52 00 6E 64 20 01 00 02 0E 00 00 00 00 F7
2026-10-06 18:05:25.744  TX  F0 52 00 6E 64 20 00 00 02 29 00 00 00 00 F7  (set_param)
2026-10-06 18:05:25.748  RX  F0 52 00 6E 64 20 01 00 02 29 00 00 00 00 F7
2026-10-06 18:05:25.804  TX  F0 52 00 6E 64 20 00 00 02 45 00 00 00 00 F7  (set_param)
2026-10-06 18:05:25.808  RX  F0 52 00 6E 64 20 01 00 02 45 00 00 00 00 F7
2026-10-06 18:05:25.863  TX  F0 52 00 6E 64 20 00 00 02 54 00 00 00 00 F7  (set_param)
2026-10-06 18:05:25.868  RX  F0 52 00 6E 64 20 01 00 02 54 00 00 00 00 F7
2026-10-06 18:05:25.923  TX  F0 52 00 6E 64 20 00 00 02 5E 00 00 00 00 F7  (set_param)
2026-10-06 18:05:25.927  RX  F0 52 00 6E 64 20 01 00 02 5E 00 00 00 00 F7
2026-10-06 18:05:25.984  TX  F0 52 00 6E 64 20 00 00 02 64 00 00 00 00 F7  (set_param)
2026-10-06 18:05:25.988  RX  F0 52 00 6E 64 20 01 00 02 64 00 00 00 00 F7
2026-10-06 18:05:26.492  TX  F0 52 00 6E 64 20 00 00 02 4A 00 00 00 00 F7  (set_param)
2026-10-06 18:05:26.498  RX  F0 52 00 6E 64 20 01 00 02 4A 00 00 00 00 F7
2026-10-06 18:05:26.551  TX  F0 52 00 6E 64 20 00 00 02 37 00 00 00 00 F7  (set_param)
2026-10-06 18:05:26.555  RX  F0 52 00 6E 64 20 01 00 02 37 00 00 00 00 F7
2026-10-06 18:05:26.611  TX  F0 52 00 6E 64 20 00 00 02 2C 00 00 00 00 F7  (set_param)
2026-10-06 18:05:26.616  RX  F0 52 00 6E 64 20 01 00 02 2C 00 00 00 00 F7
2026-10-06 18:05:26.671  TX  F0 52 00 6E 64 20 00 00 02 1E 00 00 00 00 F7  (set_param)
2026-10-06 18:05:26.675  RX  F0 52 00 6E 64 20 01 00 02 1E 00 00 00 00 F7
2026-10-06 18:05:26.730  TX  F0 52 00 6E 64 20 00 00 02 11 00 00 00 00 F7  (set_param)
2026-10-06 18:05:26.735  RX  F0 52 00 6E 64 20 01 00 02 11 00 00 00 00 F7
2026-10-06 18:05:26.791  TX  F0 52 00 6E 64 20 00 00 02 0A 00 00 00 00 F7  (set_param)
2026-10-06 18:05:26.795  RX  F0 52 00 6E 64 20 01 00 02 0A 00 00 00 00 F7
2026-10-06 18:05:26.855  TX  F0 52 00 6E 64 20 00 00 02 06 00 00 00 00 F7  (set_param)
2026-10-06 18:05:26.861  RX  F0 52 00 6E 64 20 01 00 02 06 00 00 00 00 F7
2026-10-06 18:05:26.988  TX  F0 52 00 6E 64 20 00 00 02 11 00 00 00 00 F7  (set_param)
2026-10-06 18:05:26.994  RX  F0 52 00 6E 64 20 01 00 02 11 00 00 00 00 F7
2026-10-06 18:05:27.047  TX  F0 52 00 6E 64 20 00 00 02 22 00 00 00 00 F7  (set_param)
2026-10-06 18:05:27.052  RX  F0 52 00 6E 64 20 01 00 02 22 00 00 00 00 F7
2026-10-06 18:05:27.089  TX  F0 52 00 6E 64 20 00 00 02 27 00 00 00 00 F7  (set_param)
2026-10-06 18:05:27.093  RX  F0 52 00 6E 64 20 01 00 02 27 00 00 00 00 F7
2026-10-06 18:05:27.161  TX  F0 52 00 6E 64 20 00 00 02 24 00 00 00 00 F7  (set_param)
2026-10-06 18:05:27.167  RX  F0 52 00 6E 64 20 01 00 02 24 00 00 00 00 F7
2026-10-06 18:05:27.277  TX  F0 52 00 6E 64 20 00 00 02 27 00 00 00 00 F7  (set_param)
2026-10-06 18:05:27.283  RX  F0 52 00 6E 64 20 01 00 02 27 00 00 00 00 F7
2026-10-06 18:05:27.369  TX  F0 52 00 6E 64 20 00 00 02 1C 00 00 00 00 F7  (set_param)
2026-10-06 18:05:27.375  RX  F0 52 00 6E 64 20 01 00 02 1C 00 00 00 00 F7
2026-10-06 18:05:27.409  TX  F0 52 00 6E 64 20 00 00 02 0D 00 00 00 00 F7  (set_param)
2026-10-06 18:05:27.414  RX  F0 52 00 6E 64 20 01 00 02 0D 00 00 00 00 F7
2026-10-06 18:05:27.450  TX  F0 52 00 6E 64 20 00 00 02 09 00 00 00 00 F7  (set_param)
2026-10-06 18:05:27.454  RX  F0 52 00 6E 64 20 01 00 02 09 00 00 00 00 F7
2026-10-06 18:05:27.557  TX  F0 52 00 6E 64 20 00 00 02 0C 00 00 00 00 F7  (set_param)
2026-10-06 18:05:27.562  RX  F0 52 00 6E 64 20 01 00 02 0C 00 00 00 00 F7
2026-10-06 18:05:27.601  TX  F0 52 00 6E 64 20 00 00 02 11 00 00 00 00 F7  (set_param)
2026-10-06 18:05:27.606  RX  F0 52 00 6E 64 20 01 00 02 11 00 00 00 00 F7
2026-10-06 18:05:27.642  TX  F0 52 00 6E 64 20 00 00 02 18 00 00 00 00 F7  (set_param)
2026-10-06 18:05:27.647  RX  F0 52 00 6E 64 20 01 00 02 18 00 00 00 00 F7
2026-10-06 18:05:27.680  TX  F0 52 00 6E 64 20 00 00 02 21 00 00 00 00 F7  (set_param)
2026-10-06 18:05:27.685  RX  F0 52 00 6E 64 20 01 00 02 21 00 00 00 00 F7
2026-10-06 18:05:27.721  TX  F0 52 00 6E 64 20 00 00 02 2A 00 00 00 00 F7  (set_param)
2026-10-06 18:05:27.725  RX  F0 52 00 6E 64 20 01 00 02 2A 00 00 00 00 F7
2026-10-06 18:05:27.761  TX  F0 52 00 6E 64 20 00 00 02 31 00 00 00 00 F7  (set_param)
2026-10-06 18:05:27.766  RX  F0 52 00 6E 64 20 01 00 02 31 00 00 00 00 F7
2026-10-06 18:05:27.800  TX  F0 52 00 6E 64 20 00 00 02 39 00 00 00 00 F7  (set_param)
2026-10-06 18:05:27.805  RX  F0 52 00 6E 64 20 01 00 02 39 00 00 00 00 F7
2026-10-06 18:05:27.841  TX  F0 52 00 6E 64 20 00 00 02 3F 00 00 00 00 F7  (set_param)
2026-10-06 18:05:27.846  RX  F0 52 00 6E 64 20 01 00 02 3F 00 00 00 00 F7
2026-10-06 18:05:27.937  TX  F0 52 00 6E 64 20 00 00 02 37 00 00 00 00 F7  (set_param)
2026-10-06 18:05:27.943  RX  F0 52 00 6E 64 20 01 00 02 37 00 00 00 00 F7
2026-10-06 18:05:27.977  TX  F0 52 00 6E 64 20 00 00 02 25 00 00 00 00 F7  (set_param)
2026-10-06 18:05:27.982  RX  F0 52 00 6E 64 20 01 00 02 25 00 00 00 00 F7
2026-10-06 18:05:28.017  TX  F0 52 00 6E 64 20 00 00 02 13 00 00 00 00 F7  (set_param)
2026-10-06 18:05:28.022  RX  F0 52 00 6E 64 20 01 00 02 13 00 00 00 00 F7
2026-10-06 18:05:28.058  TX  F0 52 00 6E 64 20 00 00 02 09 00 00 00 00 F7  (set_param)
2026-10-06 18:05:28.063  RX  F0 52 00 6E 64 20 01 00 02 09 00 00 00 00 F7
2026-10-06 18:05:28.097  TX  F0 52 00 6E 64 20 00 00 02 02 00 00 00 00 F7  (set_param)
2026-10-06 18:05:28.102  RX  F0 52 00 6E 64 20 01 00 02 02 00 00 00 00 F7
2026-10-06 18:05:28.137  TX  F0 52 00 6E 64 20 00 00 02 00 00 00 00 00 F7  (set_param)
2026-10-06 18:05:28.142  RX  F0 52 00 6E 64 20 01 00 02 00 00 00 00 00 F7
2026-10-06 18:05:29.119  --  43 sent, 43 confirmed, 0 unconfirmed, latency CC→ack median 4.9 ms / max 6.3 ms
2026-10-06 18:05:29.360  TX  F0 52 00 6E 64 20 00 00 02 14 00 00 00 00 F7  (set_param)
2026-10-06 18:05:29.366  RX  F0 52 00 6E 64 20 01 00 02 14 00 00 00 00 F7
2026-10-06 18:05:29.399  TX  F0 52 00 6E 64 20 00 00 02 30 00 00 00 00 F7  (set_param)
2026-10-06 18:05:29.404  RX  F0 52 00 6E 64 20 01 00 02 30 00 00 00 00 F7
2026-10-06 18:05:29.439  TX  F0 52 00 6E 64 20 00 00 02 4D 00 00 00 00 F7  (set_param)
2026-10-06 18:05:29.444  RX  F0 52 00 6E 64 20 01 00 02 4D 00 00 00 00 F7
2026-10-06 18:05:29.479  TX  F0 52 00 6E 64 20 00 00 02 60 00 00 00 00 F7  (set_param)
2026-10-06 18:05:29.484  RX  F0 52 00 6E 64 20 01 00 02 60 00 00 00 00 F7
2026-10-06 18:05:29.519  TX  F0 52 00 6E 64 20 00 00 02 64 00 00 00 00 F7  (set_param)
2026-10-06 18:05:29.524  RX  F0 52 00 6E 64 20 01 00 02 64 00 00 00 00 F7
2026-10-06 18:05:34.119  --  5 sent, 5 confirmed, 0 unconfirmed, latency CC→ack median 4.8 ms / max 6.3 ms
2026-10-06 18:05:44.090  TX  F0 52 00 6E 64 20 00 00 02 37 00 00 00 00 F7  (set_param)
2026-10-06 18:05:44.096  RX  F0 52 00 6E 64 20 01 00 02 37 00 00 00 00 F7
2026-10-06 18:05:44.121  --  1 sent, 1 confirmed, 0 unconfirmed, latency CC→ack median 5.9 ms / max 5.9 ms
2026-10-06 18:05:44.131  TX  F0 52 00 6E 64 20 00 00 02 0A 00 00 00 00 F7  (set_param)
2026-10-06 18:05:44.136  RX  F0 52 00 6E 64 20 01 00 02 0A 00 00 00 00 F7
2026-10-06 18:05:44.173  TX  F0 52 00 6E 64 20 00 00 02 00 00 00 00 00 F7  (set_param)
2026-10-06 18:05:44.177  RX  F0 52 00 6E 64 20 01 00 02 00 00 00 00 00 F7
2026-10-06 18:05:47.763  TX  F0 52 00 6E 64 20 00 00 02 35 00 00 00 00 F7  (set_param)
2026-10-06 18:05:47.769  RX  F0 52 00 6E 64 20 01 00 02 35 00 00 00 00 F7
2026-10-06 18:05:47.824  TX  F0 52 00 6E 64 20 00 00 02 64 00 00 00 00 F7  (set_param)
2026-10-06 18:05:47.829  RX  F0 52 00 6E 64 20 01 00 02 64 00 00 00 00 F7
2026-10-06 18:05:49.121  --  4 sent, 4 confirmed, 0 unconfirmed, latency CC→ack median 4.6 ms / max 5.7 ms
2026-10-06 18:06:36.657  TX  F0 52 00 6E 64 20 00 00 02 28 00 00 00 00 F7  (set_param)
2026-10-06 18:06:36.664  RX  F0 52 00 6E 64 20 01 00 02 28 00 00 00 00 F7
2026-10-06 18:06:36.716  TX  F0 52 00 6E 64 20 00 00 02 00 00 00 00 00 F7  (set_param)
2026-10-06 18:06:36.722  RX  F0 52 00 6E 64 20 01 00 02 00 00 00 00 00 F7
2026-10-06 18:06:36.999  TX  F0 52 00 6E 64 20 00 00 02 41 00 00 00 00 F7  (set_param)
2026-10-06 18:06:37.005  RX  F0 52 00 6E 64 20 01 00 02 41 00 00 00 00 F7
2026-10-06 18:06:37.059  TX  F0 52 00 6E 64 20 00 00 02 64 00 00 00 00 F7  (set_param)
2026-10-06 18:06:37.063  RX  F0 52 00 6E 64 20 01 00 02 64 00 00 00 00 F7
2026-10-06 18:06:39.125  --  4 sent, 4 confirmed, 0 unconfirmed, latency CC→ack median 6.1 ms / max 7.2 ms
2026-10-06 18:06:54.707  TX  F0 52 00 6E 64 20 00 00 02 27 00 00 00 00 F7  (set_param)
2026-10-06 18:06:54.713  RX  F0 52 00 6E 64 20 01 00 02 27 00 00 00 00 F7
2026-10-06 18:06:54.768  TX  F0 52 00 6E 64 20 00 00 02 00 00 00 00 00 F7  (set_param)
2026-10-06 18:06:54.773  RX  F0 52 00 6E 64 20 01 00 02 00 00 00 00 00 F7
2026-10-06 18:06:54.996  TX  F0 52 00 6E 64 20 00 00 02 3D 00 00 00 00 F7  (set_param)
2026-10-06 18:06:55.002  RX  F0 52 00 6E 64 20 01 00 02 3D 00 00 00 00 F7
2026-10-06 18:06:55.055  TX  F0 52 00 6E 64 20 00 00 02 64 00 00 00 00 F7  (set_param)
2026-10-06 18:06:55.060  RX  F0 52 00 6E 64 20 01 00 02 64 00 00 00 00 F7
2026-10-06 18:06:59.126  --  4 sent, 4 confirmed, 0 unconfirmed, latency CC→ack median 5.6 ms / max 6.5 ms
2026-10-06 18:07:07.866  TX  F0 52 00 6E 64 20 00 00 02 35 00 00 00 00 F7  (set_param)
2026-10-06 18:07:07.872  RX  F0 52 00 6E 64 20 01 00 02 35 00 00 00 00 F7
2026-10-06 18:07:07.926  TX  F0 52 00 6E 64 20 00 00 02 00 00 00 00 00 F7  (set_param)
2026-10-06 18:07:07.930  RX  F0 52 00 6E 64 20 01 00 02 00 00 00 00 00 F7
2026-10-06 18:07:08.140  TX  F0 52 00 6E 64 20 00 00 02 1D 00 00 00 00 F7  (set_param)
2026-10-06 18:07:08.147  RX  F0 52 00 6E 64 20 01 00 02 1D 00 00 00 00 F7
2026-10-06 18:07:08.180  TX  F0 52 00 6E 64 20 00 00 02 47 00 00 00 00 F7  (set_param)
2026-10-06 18:07:08.185  RX  F0 52 00 6E 64 20 01 00 02 47 00 00 00 00 F7
2026-10-06 18:07:08.222  TX  F0 52 00 6E 64 20 00 00 02 63 00 00 00 00 F7  (set_param)
2026-10-06 18:07:08.226  RX  F0 52 00 6E 64 20 01 00 02 63 00 00 00 00 F7
2026-10-06 18:07:08.262  TX  F0 52 00 6E 64 20 00 00 02 64 00 00 00 00 F7  (set_param)
2026-10-06 18:07:08.266  RX  F0 52 00 6E 64 20 01 00 02 64 00 00 00 00 F7
2026-10-06 18:07:09.127  --  6 sent, 6 confirmed, 0 unconfirmed, latency CC→ack median 5.0 ms / max 6.4 ms
2026-10-06 18:07:17.146  TX  F0 52 00 6E 64 20 00 00 02 22 00 00 00 00 F7  (set_param)
2026-10-06 18:07:17.152  RX  F0 52 00 6E 64 20 01 00 02 22 00 00 00 00 F7
2026-10-06 18:07:17.207  TX  F0 52 00 6E 64 20 00 00 02 00 00 00 00 00 F7  (set_param)
2026-10-06 18:07:17.216  RX  F0 52 00 6E 64 20 01 00 02 00 00 00 00 00 F7
2026-10-06 18:07:17.464  TX  F0 52 00 6E 64 20 00 00 02 32 00 00 00 00 F7  (set_param)
2026-10-06 18:07:17.470  RX  F0 52 00 6E 64 20 01 00 02 32 00 00 00 00 F7
2026-10-06 18:07:17.524  TX  F0 52 00 6E 64 20 00 00 02 62 00 00 00 00 F7  (set_param)
2026-10-06 18:07:17.529  RX  F0 52 00 6E 64 20 01 00 02 62 00 00 00 00 F7
2026-10-06 18:07:17.584  TX  F0 52 00 6E 64 20 00 00 02 64 00 00 00 00 F7  (set_param)
2026-10-06 18:07:17.589  RX  F0 52 00 6E 64 20 01 00 02 64 00 00 00 00 F7
2026-10-06 18:07:19.128  --  5 sent, 5 confirmed, 0 unconfirmed, latency CC→ack median 6.2 ms / max 9.2 ms
2026-10-06 18:07:21.196  TX  F0 52 00 6E 64 20 00 00 02 39 00 00 00 00 F7  (set_param)
2026-10-06 18:07:21.202  RX  F0 52 00 6E 64 20 01 00 02 39 00 00 00 00 F7
2026-10-06 18:07:21.236  TX  F0 52 00 6E 64 20 00 00 02 11 00 00 00 00 F7  (set_param)
2026-10-06 18:07:21.241  RX  F0 52 00 6E 64 20 01 00 02 11 00 00 00 00 F7
2026-10-06 18:07:21.277  TX  F0 52 00 6E 64 20 00 00 02 00 00 00 00 00 F7  (set_param)
2026-10-06 18:07:21.282  RX  F0 52 00 6E 64 20 01 00 02 00 00 00 00 00 F7
2026-10-06 18:07:21.500  TX  F0 52 00 6E 64 20 00 00 02 15 00 00 00 00 F7  (set_param)
2026-10-06 18:07:21.506  RX  F0 52 00 6E 64 20 01 00 02 15 00 00 00 00 F7
2026-10-06 18:07:21.541  TX  F0 52 00 6E 64 20 00 00 02 35 00 00 00 00 F7  (set_param)
2026-10-06 18:07:21.545  RX  F0 52 00 6E 64 20 01 00 02 35 00 00 00 00 F7
2026-10-06 18:07:21.580  TX  F0 52 00 6E 64 20 00 00 02 53 00 00 00 00 F7  (set_param)
2026-10-06 18:07:21.585  RX  F0 52 00 6E 64 20 01 00 02 53 00 00 00 00 F7
2026-10-06 18:07:21.620  TX  F0 52 00 6E 64 20 00 00 02 64 00 00 00 00 F7  (set_param)
2026-10-06 18:07:21.625  RX  F0 52 00 6E 64 20 01 00 02 64 00 00 00 00 F7
2026-10-06 18:07:24.128  --  7 sent, 7 confirmed, 0 unconfirmed, latency CC→ack median 4.9 ms / max 6.3 ms
2026-10-06 18:07:25.551  TX  F0 52 00 6E 64 20 00 00 02 2D 00 00 00 00 F7  (set_param)
2026-10-06 18:07:25.557  RX  F0 52 00 6E 64 20 01 00 02 2D 00 00 00 00 F7
2026-10-06 18:07:25.611  TX  F0 52 00 6E 64 20 00 00 02 00 00 00 00 00 F7  (set_param)
2026-10-06 18:07:25.617  RX  F0 52 00 6E 64 20 01 00 02 00 00 00 00 00 F7
2026-10-06 18:07:25.778  TX  F0 52 00 6E 64 20 00 00 02 39 00 00 00 00 F7  (set_param)
2026-10-06 18:07:25.784  RX  F0 52 00 6E 64 20 01 00 02 39 00 00 00 00 F7
2026-10-06 18:07:25.838  TX  F0 52 00 6E 64 20 00 00 02 64 00 00 00 00 F7  (set_param)
2026-10-06 18:07:25.843  RX  F0 52 00 6E 64 20 01 00 02 64 00 00 00 00 F7
2026-10-06 18:07:29.129  --  4 sent, 4 confirmed, 0 unconfirmed, latency CC→ack median 6.2 ms / max 6.4 ms
2026-10-06 18:07:31.570  TX  F0 52 00 6E 64 20 00 00 02 23 00 00 00 00 F7  (set_param)
2026-10-06 18:07:31.576  RX  F0 52 00 6E 64 20 01 00 02 23 00 00 00 00 F7
2026-10-06 18:07:31.630  TX  F0 52 00 6E 64 20 00 00 02 00 00 00 00 00 F7  (set_param)
2026-10-06 18:07:31.636  RX  F0 52 00 6E 64 20 01 00 02 00 00 00 00 00 F7
2026-10-06 18:07:31.856  TX  F0 52 00 6E 64 20 00 00 02 41 00 00 00 00 F7  (set_param)
2026-10-06 18:07:31.862  RX  F0 52 00 6E 64 20 01 00 02 41 00 00 00 00 F7
2026-10-06 18:07:31.916  TX  F0 52 00 6E 64 20 00 00 02 64 00 00 00 00 F7  (set_param)
2026-10-06 18:07:31.921  RX  F0 52 00 6E 64 20 01 00 02 64 00 00 00 00 F7
2026-10-06 18:07:34.129  --  4 sent, 4 confirmed, 0 unconfirmed, latency CC→ack median 5.8 ms / max 6.1 ms
2026-10-06 18:07:38.178  TX  F0 52 00 6E 64 20 00 00 02 28 00 00 00 00 F7  (set_param)
2026-10-06 18:07:38.184  RX  F0 52 00 6E 64 20 01 00 02 28 00 00 00 00 F7
2026-10-06 18:07:38.238  TX  F0 52 00 6E 64 20 00 00 02 00 00 00 00 00 F7  (set_param)
2026-10-06 18:07:38.244  RX  F0 52 00 6E 64 20 01 00 02 00 00 00 00 00 F7
2026-10-06 18:07:38.412  TX  F0 52 00 6E 64 20 00 00 02 3C 00 00 00 00 F7  (set_param)
2026-10-06 18:07:38.418  RX  F0 52 00 6E 64 20 01 00 02 3C 00 00 00 00 F7
2026-10-06 18:07:38.472  TX  F0 52 00 6E 64 20 00 00 02 64 00 00 00 00 F7  (set_param)
2026-10-06 18:07:38.477  RX  F0 52 00 6E 64 20 01 00 02 64 00 00 00 00 F7
2026-10-06 18:07:39.129  --  4 sent, 4 confirmed, 0 unconfirmed, latency CC→ack median 6.1 ms / max 6.2 ms
2026-10-06 18:07:40.520  TX  F0 52 00 6E 64 20 00 00 02 14 00 00 00 00 F7  (set_param)
2026-10-06 18:07:40.526  RX  F0 52 00 6E 64 20 01 00 02 14 00 00 00 00 F7
2026-10-06 18:07:40.579  TX  F0 52 00 6E 64 20 00 00 02 00 00 00 00 00 F7  (set_param)
2026-10-06 18:07:40.583  RX  F0 52 00 6E 64 20 01 00 02 00 00 00 00 00 F7
2026-10-06 18:07:40.783  TX  F0 52 00 6E 64 20 00 00 02 41 00 00 00 00 F7  (set_param)
2026-10-06 18:07:40.789  RX  F0 52 00 6E 64 20 01 00 02 41 00 00 00 00 F7
2026-10-06 18:07:40.842  TX  F0 52 00 6E 64 20 00 00 02 64 00 00 00 00 F7  (set_param)
2026-10-06 18:07:40.847  RX  F0 52 00 6E 64 20 01 00 02 64 00 00 00 00 F7
2026-10-06 18:07:44.130  --  4 sent, 4 confirmed, 0 unconfirmed, latency CC→ack median 5.4 ms / max 6.3 ms
2026-10-06 18:07:48.840  TX  F0 52 00 6E 64 20 00 00 02 2D 00 00 00 00 F7  (set_param)
2026-10-06 18:07:48.846  RX  F0 52 00 6E 64 20 01 00 02 2D 00 00 00 00 F7
2026-10-06 18:07:48.881  TX  F0 52 00 6E 64 20 00 00 02 06 00 00 00 00 F7  (set_param)
2026-10-06 18:07:48.886  RX  F0 52 00 6E 64 20 01 00 02 06 00 00 00 00 F7
2026-10-06 18:07:48.920  TX  F0 52 00 6E 64 20 00 00 02 00 00 00 00 00 F7  (set_param)
2026-10-06 18:07:48.925  RX  F0 52 00 6E 64 20 01 00 02 00 00 00 00 00 F7
2026-10-06 18:07:49.131  --  3 sent, 3 confirmed, 0 unconfirmed, latency CC→ack median 5.0 ms / max 5.8 ms
2026-10-06 18:07:49.136  TX  F0 52 00 6E 64 20 00 00 02 1C 00 00 00 00 F7  (set_param)
2026-10-06 18:07:49.141  RX  F0 52 00 6E 64 20 01 00 02 1C 00 00 00 00 F7
2026-10-06 18:07:49.177  TX  F0 52 00 6E 64 20 00 00 02 39 00 00 00 00 F7  (set_param)
2026-10-06 18:07:49.181  RX  F0 52 00 6E 64 20 01 00 02 39 00 00 00 00 F7
2026-10-06 18:07:49.219  TX  F0 52 00 6E 64 20 00 00 02 58 00 00 00 00 F7  (set_param)
2026-10-06 18:07:49.224  RX  F0 52 00 6E 64 20 01 00 02 58 00 00 00 00 F7
2026-10-06 18:07:49.261  TX  F0 52 00 6E 64 20 00 00 02 64 00 00 00 00 F7  (set_param)
2026-10-06 18:07:49.265  RX  F0 52 00 6E 64 20 01 00 02 64 00 00 00 00 F7
2026-10-06 18:07:52.191  TX  F0 52 00 6E 64 20 00 00 02 1B 00 00 00 00 F7  (set_param)
2026-10-06 18:07:52.197  RX  F0 52 00 6E 64 20 01 00 02 1B 00 00 00 00 F7
2026-10-06 18:07:52.251  TX  F0 52 00 6E 64 20 00 00 02 00 00 00 00 00 F7  (set_param)
2026-10-06 18:07:52.257  RX  F0 52 00 6E 64 20 01 00 02 00 00 00 00 00 F7
2026-10-06 18:07:52.461  TX  F0 52 00 6E 64 20 00 00 02 43 00 00 00 00 F7  (set_param)
2026-10-06 18:07:52.466  RX  F0 52 00 6E 64 20 01 00 02 43 00 00 00 00 F7
2026-10-06 18:07:52.522  TX  F0 52 00 6E 64 20 00 00 02 64 00 00 00 00 F7  (set_param)
2026-10-06 18:07:52.526  RX  F0 52 00 6E 64 20 01 00 02 64 00 00 00 00 F7
2026-10-06 18:07:54.131  --  8 sent, 8 confirmed, 0 unconfirmed, latency CC→ack median 5.4 ms / max 6.1 ms
2026-10-06 18:08:03.847  TX  F0 52 00 6E 64 20 00 00 02 1F 00 00 00 00 F7  (set_param)
2026-10-06 18:08:03.853  RX  F0 52 00 6E 64 20 01 00 02 1F 00 00 00 00 F7
2026-10-06 18:08:03.908  TX  F0 52 00 6E 64 20 00 00 02 00 00 00 00 00 F7  (set_param)
2026-10-06 18:08:03.913  RX  F0 52 00 6E 64 20 01 00 02 00 00 00 00 00 F7
2026-10-06 18:08:04.131  --  2 sent, 2 confirmed, 0 unconfirmed, latency CC→ack median 5.6 ms / max 6.1 ms
2026-10-06 18:08:04.136  TX  F0 52 00 6E 64 20 00 00 02 28 00 00 00 00 F7  (set_param)
2026-10-06 18:08:04.142  RX  F0 52 00 6E 64 20 01 00 02 28 00 00 00 00 F7
2026-10-06 18:08:04.196  TX  F0 52 00 6E 64 20 00 00 02 51 00 00 00 00 F7  (set_param)
2026-10-06 18:08:04.201  RX  F0 52 00 6E 64 20 01 00 02 51 00 00 00 00 F7
2026-10-06 18:08:04.256  TX  F0 52 00 6E 64 20 00 00 02 64 00 00 00 00 F7  (set_param)
2026-10-06 18:08:04.261  RX  F0 52 00 6E 64 20 01 00 02 64 00 00 00 00 F7
2026-10-06 18:08:09.132  --  3 sent, 3 confirmed, 0 unconfirmed, latency CC→ack median 5.0 ms / max 5.9 ms
2026-10-06 18:08:16.152  TX  F0 52 00 6E 64 20 00 00 02 22 00 00 00 00 F7  (set_param)
2026-10-06 18:08:16.158  RX  F0 52 00 6E 64 20 01 00 02 22 00 00 00 00 F7
2026-10-06 18:08:16.212  TX  F0 52 00 6E 64 20 00 00 02 00 00 00 00 00 F7  (set_param)
2026-10-06 18:08:16.216  RX  F0 52 00 6E 64 20 01 00 02 00 00 00 00 00 F7
2026-10-06 18:08:16.458  TX  F0 52 00 6E 64 20 00 00 02 3C 00 00 00 00 F7  (set_param)
2026-10-06 18:08:16.463  RX  F0 52 00 6E 64 20 01 00 02 3C 00 00 00 00 F7
2026-10-06 18:08:16.518  TX  F0 52 00 6E 64 20 00 00 02 64 00 00 00 00 F7  (set_param)
2026-10-06 18:08:16.524  RX  F0 52 00 6E 64 20 01 00 02 64 00 00 00 00 F7
2026-10-06 18:08:17.801  TX  F0 52 00 6E 64 20 00 00 02 17 00 00 00 00 F7  (set_param)
2026-10-06 18:08:17.807  RX  F0 52 00 6E 64 20 01 00 02 17 00 00 00 00 F7
2026-10-06 18:08:17.862  TX  F0 52 00 6E 64 20 00 00 02 00 00 00 00 00 F7  (set_param)
2026-10-06 18:08:17.868  RX  F0 52 00 6E 64 20 01 00 02 00 00 00 00 00 F7
2026-10-06 18:08:18.090  TX  F0 52 00 6E 64 20 00 00 02 43 00 00 00 00 F7  (set_param)
2026-10-06 18:08:18.096  RX  F0 52 00 6E 64 20 01 00 02 43 00 00 00 00 F7
2026-10-06 18:08:18.150  TX  F0 52 00 6E 64 20 00 00 02 64 00 00 00 00 F7  (set_param)
2026-10-06 18:08:18.156  RX  F0 52 00 6E 64 20 01 00 02 64 00 00 00 00 F7
2026-10-06 18:08:19.132  --  8 sent, 8 confirmed, 0 unconfirmed, latency CC→ack median 6.1 ms / max 6.5 ms
2026-10-06 18:08:19.680  TX  F0 52 00 6E 64 20 00 00 02 16 00 00 00 00 F7  (set_param)
2026-10-06 18:08:19.686  RX  F0 52 00 6E 64 20 01 00 02 16 00 00 00 00 F7
2026-10-06 18:08:19.739  TX  F0 52 00 6E 64 20 00 00 02 00 00 00 00 00 F7  (set_param)
2026-10-06 18:08:19.744  RX  F0 52 00 6E 64 20 01 00 02 00 00 00 00 00 F7
2026-10-06 18:08:19.944  TX  F0 52 00 6E 64 20 00 00 02 24 00 00 00 00 F7  (set_param)
2026-10-06 18:08:19.949  RX  F0 52 00 6E 64 20 01 00 02 24 00 00 00 00 F7
2026-10-06 18:08:20.005  TX  F0 52 00 6E 64 20 00 00 02 4C 00 00 00 00 F7  (set_param)
2026-10-06 18:08:20.009  RX  F0 52 00 6E 64 20 01 00 02 4C 00 00 00 00 F7
2026-10-06 18:08:20.064  TX  F0 52 00 6E 64 20 00 00 02 64 00 00 00 00 F7  (set_param)
2026-10-06 18:08:20.070  RX  F0 52 00 6E 64 20 01 00 02 64 00 00 00 00 F7
2026-10-06 18:08:22.462  TX  F0 52 00 6E 64 20 00 00 02 18 00 00 00 00 F7  (set_param)
2026-10-06 18:08:22.468  RX  F0 52 00 6E 64 20 01 00 02 18 00 00 00 00 F7
2026-10-06 18:08:22.522  TX  F0 52 00 6E 64 20 00 00 02 00 00 00 00 00 F7  (set_param)
2026-10-06 18:08:22.527  RX  F0 52 00 6E 64 20 01 00 02 00 00 00 00 00 F7
2026-10-06 18:08:22.719  TX  F0 52 00 6E 64 20 00 00 02 2E 00 00 00 00 F7  (set_param)
2026-10-06 18:08:22.725  RX  F0 52 00 6E 64 20 01 00 02 2E 00 00 00 00 F7
2026-10-06 18:08:22.779  TX  F0 52 00 6E 64 20 00 00 02 5F 00 00 00 00 F7  (set_param)
2026-10-06 18:08:22.783  RX  F0 52 00 6E 64 20 01 00 02 5F 00 00 00 00 F7
2026-10-06 18:08:22.838  TX  F0 52 00 6E 64 20 00 00 02 64 00 00 00 00 F7  (set_param)
2026-10-06 18:08:22.843  RX  F0 52 00 6E 64 20 01 00 02 64 00 00 00 00 F7
2026-10-06 18:08:24.133  --  10 sent, 10 confirmed, 0 unconfirmed, latency CC→ack median 5.5 ms / max 6.6 ms
2026-10-06 18:08:24.190  TX  F0 52 00 6E 64 20 00 00 02 36 00 00 00 00 F7  (set_param)
2026-10-06 18:08:24.196  RX  F0 52 00 6E 64 20 01 00 02 36 00 00 00 00 F7
2026-10-06 18:08:24.229  TX  F0 52 00 6E 64 20 00 00 02 0A 00 00 00 00 F7  (set_param)
2026-10-06 18:08:24.234  RX  F0 52 00 6E 64 20 01 00 02 0A 00 00 00 00 F7
2026-10-06 18:08:24.270  TX  F0 52 00 6E 64 20 00 00 02 00 00 00 00 00 F7  (set_param)
2026-10-06 18:08:24.274  RX  F0 52 00 6E 64 20 01 00 02 00 00 00 00 00 F7
2026-10-06 18:08:24.486  TX  F0 52 00 6E 64 20 00 00 02 1C 00 00 00 00 F7  (set_param)
2026-10-06 18:08:24.492  RX  F0 52 00 6E 64 20 01 00 02 1C 00 00 00 00 F7
2026-10-06 18:08:24.526  TX  F0 52 00 6E 64 20 00 00 02 46 00 00 00 00 F7  (set_param)
2026-10-06 18:08:24.530  RX  F0 52 00 6E 64 20 01 00 02 46 00 00 00 00 F7
2026-10-06 18:08:24.566  TX  F0 52 00 6E 64 20 00 00 02 64 00 00 00 00 F7  (set_param)
2026-10-06 18:08:24.570  RX  F0 52 00 6E 64 20 01 00 02 64 00 00 00 00 F7
2026-10-06 18:08:25.711  TX  F0 52 00 6E 64 20 00 00 02 33 00 00 00 00 F7  (set_param)
2026-10-06 18:08:25.716  RX  F0 52 00 6E 64 20 01 00 02 33 00 00 00 00 F7
2026-10-06 18:08:25.750  TX  F0 52 00 6E 64 20 00 00 02 01 00 00 00 00 F7  (set_param)
2026-10-06 18:08:25.754  RX  F0 52 00 6E 64 20 01 00 02 01 00 00 00 00 F7
2026-10-06 18:08:25.792  TX  F0 52 00 6E 64 20 00 00 02 00 00 00 00 00 F7  (set_param)
2026-10-06 18:08:25.797  RX  F0 52 00 6E 64 20 01 00 02 00 00 00 00 00 F7
2026-10-06 18:08:25.944  TX  F0 52 00 6E 64 20 00 00 02 19 00 00 00 00 F7  (set_param)
2026-10-06 18:08:25.950  RX  F0 52 00 6E 64 20 01 00 02 19 00 00 00 00 F7
2026-10-06 18:08:25.984  TX  F0 52 00 6E 64 20 00 00 02 44 00 00 00 00 F7  (set_param)
2026-10-06 18:08:25.989  RX  F0 52 00 6E 64 20 01 00 02 44 00 00 00 00 F7
2026-10-06 18:08:26.025  TX  F0 52 00 6E 64 20 00 00 02 64 00 00 00 00 F7  (set_param)
2026-10-06 18:08:26.030  RX  F0 52 00 6E 64 20 01 00 02 64 00 00 00 00 F7
2026-10-06 18:08:26.964  TX  F0 52 00 6E 64 20 00 00 02 32 00 00 00 00 F7  (set_param)
2026-10-06 18:08:26.970  RX  F0 52 00 6E 64 20 01 00 02 32 00 00 00 00 F7
2026-10-06 18:08:27.006  TX  F0 52 00 6E 64 20 00 00 02 00 00 00 00 00 F7  (set_param)
2026-10-06 18:08:27.011  RX  F0 52 00 6E 64 20 01 00 02 00 00 00 00 00 F7
2026-10-06 18:08:27.225  TX  F0 52 00 6E 64 20 00 00 02 1A 00 00 00 00 F7  (set_param)
2026-10-06 18:08:27.231  RX  F0 52 00 6E 64 20 01 00 02 1A 00 00 00 00 F7
2026-10-06 18:08:27.266  TX  F0 52 00 6E 64 20 00 00 02 45 00 00 00 00 F7  (set_param)
2026-10-06 18:08:27.270  RX  F0 52 00 6E 64 20 01 00 02 45 00 00 00 00 F7
2026-10-06 18:08:27.308  TX  F0 52 00 6E 64 20 00 00 02 5D 00 00 00 00 F7  (set_param)
2026-10-06 18:08:27.313  RX  F0 52 00 6E 64 20 01 00 02 5D 00 00 00 00 F7
2026-10-06 18:08:27.351  TX  F0 52 00 6E 64 20 00 00 02 64 00 00 00 00 F7  (set_param)
2026-10-06 18:08:27.355  RX  F0 52 00 6E 64 20 01 00 02 64 00 00 00 00 F7
2026-10-06 18:08:28.176  TX  F0 52 00 6E 64 20 00 00 02 2F 00 00 00 00 F7  (set_param)
2026-10-06 18:08:28.182  RX  F0 52 00 6E 64 20 01 00 02 2F 00 00 00 00 F7
2026-10-06 18:08:28.218  TX  F0 52 00 6E 64 20 00 00 02 00 00 00 00 00 F7  (set_param)
2026-10-06 18:08:28.222  RX  F0 52 00 6E 64 20 01 00 02 00 00 00 00 00 F7
2026-10-06 18:08:28.444  TX  F0 52 00 6E 64 20 00 00 02 18 00 00 00 00 F7  (set_param)
2026-10-06 18:08:28.450  RX  F0 52 00 6E 64 20 01 00 02 18 00 00 00 00 F7
2026-10-06 18:08:28.490  TX  F0 52 00 6E 64 20 00 00 02 42 00 00 00 00 F7  (set_param)
2026-10-06 18:08:28.494  RX  F0 52 00 6E 64 20 01 00 02 42 00 00 00 00 F7
2026-10-06 18:08:28.533  TX  F0 52 00 6E 64 20 00 00 02 60 00 00 00 00 F7  (set_param)
2026-10-06 18:08:28.537  RX  F0 52 00 6E 64 20 01 00 02 60 00 00 00 00 F7
2026-10-06 18:08:28.576  TX  F0 52 00 6E 64 20 00 00 02 64 00 00 00 00 F7  (set_param)
2026-10-06 18:08:28.581  RX  F0 52 00 6E 64 20 01 00 02 64 00 00 00 00 F7
2026-10-06 18:08:29.133  --  24 sent, 24 confirmed, 0 unconfirmed, latency CC→ack median 4.8 ms / max 6.6 ms
2026-10-06 18:08:30.298  TX  F0 52 00 6E 64 20 00 00 02 20 00 00 00 00 F7  (set_param)
2026-10-06 18:08:30.304  RX  F0 52 00 6E 64 20 01 00 02 20 00 00 00 00 F7
2026-10-06 18:08:30.358  TX  F0 52 00 6E 64 20 00 00 02 00 00 00 00 00 F7  (set_param)
2026-10-06 18:08:30.364  RX  F0 52 00 6E 64 20 01 00 02 00 00 00 00 00 F7
2026-10-06 18:08:30.629  TX  F0 52 00 6E 64 20 00 00 02 0B 00 00 00 00 F7  (set_param)
2026-10-06 18:08:30.635  RX  F0 52 00 6E 64 20 01 00 02 0B 00 00 00 00 F7
2026-10-06 18:08:30.688  TX  F0 52 00 6E 64 20 00 00 02 16 00 00 00 00 F7  (set_param)
2026-10-06 18:08:30.693  RX  F0 52 00 6E 64 20 01 00 02 16 00 00 00 00 F7
2026-10-06 18:08:30.749  TX  F0 52 00 6E 64 20 00 00 02 3B 00 00 00 00 F7  (set_param)
2026-10-06 18:08:30.754  RX  F0 52 00 6E 64 20 01 00 02 3B 00 00 00 00 F7
2026-10-06 18:08:30.808  TX  F0 52 00 6E 64 20 00 00 02 64 00 00 00 00 F7  (set_param)
2026-10-06 18:08:30.813  RX  F0 52 00 6E 64 20 01 00 02 64 00 00 00 00 F7
2026-10-06 18:08:32.896  TX  F0 52 00 6E 64 20 00 00 02 1E 00 00 00 00 F7  (set_param)
2026-10-06 18:08:32.902  RX  F0 52 00 6E 64 20 01 00 02 1E 00 00 00 00 F7
2026-10-06 18:08:32.956  TX  F0 52 00 6E 64 20 00 00 02 00 00 00 00 00 F7  (set_param)
2026-10-06 18:08:32.962  RX  F0 52 00 6E 64 20 01 00 02 00 00 00 00 00 F7
2026-10-06 18:08:33.148  TX  F0 52 00 6E 64 20 00 00 02 25 00 00 00 00 F7  (set_param)
2026-10-06 18:08:33.154  RX  F0 52 00 6E 64 20 01 00 02 25 00 00 00 00 F7
2026-10-06 18:08:33.208  TX  F0 52 00 6E 64 20 00 00 02 5E 00 00 00 00 F7  (set_param)
2026-10-06 18:08:33.213  RX  F0 52 00 6E 64 20 01 00 02 5E 00 00 00 00 F7
2026-10-06 18:08:33.268  TX  F0 52 00 6E 64 20 00 00 02 64 00 00 00 00 F7  (set_param)
2026-10-06 18:08:33.273  RX  F0 52 00 6E 64 20 01 00 02 64 00 00 00 00 F7
2026-10-06 18:08:34.133  --  11 sent, 11 confirmed, 0 unconfirmed, latency CC→ack median 6.2 ms / max 6.3 ms
2026-10-06 18:08:34.997  TX  F0 52 00 6E 64 20 00 00 02 2E 00 00 00 00 F7  (set_param)
2026-10-06 18:08:35.003  RX  F0 52 00 6E 64 20 01 00 02 2E 00 00 00 00 F7
2026-10-06 18:08:35.056  TX  F0 52 00 6E 64 20 00 00 02 00 00 00 00 00 F7  (set_param)
2026-10-06 18:08:35.060  RX  F0 52 00 6E 64 20 01 00 02 00 00 00 00 00 F7
2026-10-06 18:08:35.231  TX  F0 52 00 6E 64 20 00 00 02 1C 00 00 00 00 F7  (set_param)
2026-10-06 18:08:35.237  RX  F0 52 00 6E 64 20 01 00 02 1C 00 00 00 00 F7
2026-10-06 18:08:35.290  TX  F0 52 00 6E 64 20 00 00 02 4E 00 00 00 00 F7  (set_param)
2026-10-06 18:08:35.295  RX  F0 52 00 6E 64 20 01 00 02 4E 00 00 00 00 F7
2026-10-06 18:08:35.350  TX  F0 52 00 6E 64 20 00 00 02 64 00 00 00 00 F7  (set_param)
2026-10-06 18:08:35.355  RX  F0 52 00 6E 64 20 01 00 02 64 00 00 00 00 F7
2026-10-06 18:08:36.260  TX  F0 52 00 6E 64 20 00 00 02 28 00 00 00 00 F7  (set_param)
2026-10-06 18:08:36.266  RX  F0 52 00 6E 64 20 01 00 02 28 00 00 00 00 F7
2026-10-06 18:08:36.316  TX  F0 52 00 6E 64 20 00 00 02 00 00 00 00 00 F7  (set_param)
2026-10-06 18:08:36.322  RX  F0 52 00 6E 64 20 01 00 02 00 00 00 00 00 F7
2026-10-06 18:08:36.436  TX  F0 52 00 6E 64 20 00 00 02 1B 00 00 00 00 F7  (set_param)
2026-10-06 18:08:36.442  RX  F0 52 00 6E 64 20 01 00 02 1B 00 00 00 00 F7
2026-10-06 18:08:36.496  TX  F0 52 00 6E 64 20 00 00 02 54 00 00 00 00 F7  (set_param)
2026-10-06 18:08:36.501  RX  F0 52 00 6E 64 20 01 00 02 54 00 00 00 00 F7
2026-10-06 18:08:36.546  TX  F0 52 00 6E 64 20 00 00 02 64 00 00 00 00 F7  (set_param)
2026-10-06 18:08:36.551  RX  F0 52 00 6E 64 20 01 00 02 64 00 00 00 00 F7
2026-10-06 18:08:39.134  --  10 sent, 10 confirmed, 0 unconfirmed, latency CC→ack median 5.4 ms / max 6.4 ms
2026-10-06 18:08:39.181  TX  F0 52 00 6E 64 20 00 00 02 3D 00 00 00 00 F7  (set_param)
2026-10-06 18:08:39.187  RX  F0 52 00 6E 64 20 01 00 02 3D 00 00 00 00 F7
2026-10-06 18:08:39.220  TX  F0 52 00 6E 64 20 00 00 02 13 00 00 00 00 F7  (set_param)
2026-10-06 18:08:39.225  RX  F0 52 00 6E 64 20 01 00 02 13 00 00 00 00 F7
2026-10-06 18:08:39.261  TX  F0 52 00 6E 64 20 00 00 02 00 00 00 00 00 F7  (set_param)
2026-10-06 18:08:39.265  RX  F0 52 00 6E 64 20 01 00 02 00 00 00 00 00 F7
2026-10-06 18:08:41.075  TX  F0 52 00 6E 64 20 00 00 02 0A 00 00 00 00 F7  (set_param)
2026-10-06 18:08:41.081  RX  F0 52 00 6E 64 20 01 00 02 0A 00 00 00 00 F7
2026-10-06 18:08:41.118  TX  F0 52 00 6E 64 20 00 00 02 13 00 00 00 00 F7  (set_param)
2026-10-06 18:08:41.123  RX  F0 52 00 6E 64 20 01 00 02 13 00 00 00 00 F7
2026-10-06 18:08:41.163  TX  F0 52 00 6E 64 20 00 00 02 1C 00 00 00 00 F7  (set_param)
2026-10-06 18:08:41.167  RX  F0 52 00 6E 64 20 01 00 02 1C 00 00 00 00 F7
2026-10-06 18:08:41.208  TX  F0 52 00 6E 64 20 00 00 02 25 00 00 00 00 F7  (set_param)
2026-10-06 18:08:41.213  RX  F0 52 00 6E 64 20 01 00 02 25 00 00 00 00 F7
2026-10-06 18:08:41.252  TX  F0 52 00 6E 64 20 00 00 02 32 00 00 00 00 F7  (set_param)
2026-10-06 18:08:41.262  RX  F0 52 00 6E 64 20 01 00 02 32 00 00 00 00 F7
2026-10-06 18:08:41.297  TX  F0 52 00 6E 64 20 00 00 02 3D 00 00 00 00 F7  (set_param)
2026-10-06 18:08:41.301  RX  F0 52 00 6E 64 20 01 00 02 3D 00 00 00 00 F7
2026-10-06 18:08:41.354  TX  F0 52 00 6E 64 20 00 00 02 4B 00 00 00 00 F7  (set_param)
2026-10-06 18:08:41.358  RX  F0 52 00 6E 64 20 01 00 02 4B 00 00 00 00 F7
2026-10-06 18:08:41.415  TX  F0 52 00 6E 64 20 00 00 02 5B 00 00 00 00 F7  (set_param)
2026-10-06 18:08:41.420  RX  F0 52 00 6E 64 20 01 00 02 5B 00 00 00 00 F7
2026-10-06 18:08:41.474  TX  F0 52 00 6E 64 20 00 00 02 63 00 00 00 00 F7  (set_param)
2026-10-06 18:08:41.479  RX  F0 52 00 6E 64 20 01 00 02 63 00 00 00 00 F7
2026-10-06 18:08:41.541  TX  F0 52 00 6E 64 20 00 00 02 64 00 00 00 00 F7  (set_param)
2026-10-06 18:08:41.545  RX  F0 52 00 6E 64 20 01 00 02 64 00 00 00 00 F7
2026-10-06 18:08:44.134  --  13 sent, 13 confirmed, 0 unconfirmed, latency CC→ack median 4.9 ms / max 9.9 ms
2026-10-06 18:08:44.739  TX  F0 52 00 6E 64 20 00 00 02 4A 00 00 00 00 F7  (set_param)
2026-10-06 18:08:44.745  RX  F0 52 00 6E 64 20 01 00 02 4A 00 00 00 00 F7
2026-10-06 18:08:44.798  TX  F0 52 00 6E 64 20 00 00 02 2C 00 00 00 00 F7  (set_param)
2026-10-06 18:08:44.803  RX  F0 52 00 6E 64 20 01 00 02 2C 00 00 00 00 F7
2026-10-06 18:08:44.858  TX  F0 52 00 6E 64 20 00 00 02 1B 00 00 00 00 F7  (set_param)
2026-10-06 18:08:44.864  RX  F0 52 00 6E 64 20 01 00 02 1B 00 00 00 00 F7
2026-10-06 18:08:44.919  TX  F0 52 00 6E 64 20 00 00 02 0C 00 00 00 00 F7  (set_param)
2026-10-06 18:08:44.923  RX  F0 52 00 6E 64 20 01 00 02 0C 00 00 00 00 F7
2026-10-06 18:08:44.979  TX  F0 52 00 6E 64 20 00 00 02 02 00 00 00 00 F7  (set_param)
2026-10-06 18:08:44.985  RX  F0 52 00 6E 64 20 01 00 02 02 00 00 00 00 F7
2026-10-06 18:08:45.039  TX  F0 52 00 6E 64 20 00 00 02 00 00 00 00 00 F7  (set_param)
2026-10-06 18:08:45.044  RX  F0 52 00 6E 64 20 01 00 02 00 00 00 00 00 F7
2026-10-06 18:08:45.693  TX  F0 52 00 6E 64 20 00 00 02 04 00 00 00 00 F7  (set_param)
2026-10-06 18:08:45.699  RX  F0 52 00 6E 64 20 01 00 02 04 00 00 00 00 F7
2026-10-06 18:08:45.753  TX  F0 52 00 6E 64 20 00 00 02 07 00 00 00 00 F7  (set_param)
2026-10-06 18:08:45.758  RX  F0 52 00 6E 64 20 01 00 02 07 00 00 00 00 F7
2026-10-06 18:08:45.813  TX  F0 52 00 6E 64 20 00 00 02 0F 00 00 00 00 F7  (set_param)
2026-10-06 18:08:45.819  RX  F0 52 00 6E 64 20 01 00 02 0F 00 00 00 00 F7
2026-10-06 18:08:45.873  TX  F0 52 00 6E 64 20 00 00 02 1B 00 00 00 00 F7  (set_param)
2026-10-06 18:08:45.879  RX  F0 52 00 6E 64 20 01 00 02 1B 00 00 00 00 F7
2026-10-06 18:08:45.933  TX  F0 52 00 6E 64 20 00 00 02 23 00 00 00 00 F7  (set_param)
2026-10-06 18:08:45.938  RX  F0 52 00 6E 64 20 01 00 02 23 00 00 00 00 F7
2026-10-06 18:08:45.993  TX  F0 52 00 6E 64 20 00 00 02 2B 00 00 00 00 F7  (set_param)
2026-10-06 18:08:45.997  RX  F0 52 00 6E 64 20 01 00 02 2B 00 00 00 00 F7
2026-10-06 18:08:46.053  TX  F0 52 00 6E 64 20 00 00 02 36 00 00 00 00 F7  (set_param)
2026-10-06 18:08:46.057  RX  F0 52 00 6E 64 20 01 00 02 36 00 00 00 00 F7
2026-10-06 18:08:46.112  TX  F0 52 00 6E 64 20 00 00 02 3F 00 00 00 00 F7  (set_param)
2026-10-06 18:08:46.117  RX  F0 52 00 6E 64 20 01 00 02 3F 00 00 00 00 F7
2026-10-06 18:08:46.173  TX  F0 52 00 6E 64 20 00 00 02 4A 00 00 00 00 F7  (set_param)
2026-10-06 18:08:46.178  RX  F0 52 00 6E 64 20 01 00 02 4A 00 00 00 00 F7
2026-10-06 18:08:46.233  TX  F0 52 00 6E 64 20 00 00 02 53 00 00 00 00 F7  (set_param)
2026-10-06 18:08:46.237  RX  F0 52 00 6E 64 20 01 00 02 53 00 00 00 00 F7
2026-10-06 18:08:46.293  TX  F0 52 00 6E 64 20 00 00 02 5D 00 00 00 00 F7  (set_param)
2026-10-06 18:08:46.299  RX  F0 52 00 6E 64 20 01 00 02 5D 00 00 00 00 F7
2026-10-06 18:08:46.353  TX  F0 52 00 6E 64 20 00 00 02 64 00 00 00 00 F7  (set_param)
2026-10-06 18:08:46.358  RX  F0 52 00 6E 64 20 01 00 02 64 00 00 00 00 F7
2026-10-06 18:08:49.134  --  18 sent, 18 confirmed, 0 unconfirmed, latency CC→ack median 5.0 ms / max 6.3 ms
2026-10-06 18:09:29.554  TX  F0 52 00 6E 64 20 00 00 02 36 00 00 00 00 F7  (set_param)
2026-10-06 18:09:29.560  RX  F0 52 00 6E 64 20 01 00 02 36 00 00 00 00 F7
2026-10-06 18:09:29.593  TX  F0 52 00 6E 64 20 00 00 02 03 00 00 00 00 F7  (set_param)
2026-10-06 18:09:29.598  RX  F0 52 00 6E 64 20 01 00 02 03 00 00 00 00 F7
2026-10-06 18:09:29.634  TX  F0 52 00 6E 64 20 00 00 02 00 00 00 00 00 F7  (set_param)
2026-10-06 18:09:29.638  RX  F0 52 00 6E 64 20 01 00 02 00 00 00 00 00 F7
2026-10-06 18:09:34.138  --  3 sent, 3 confirmed, 0 unconfirmed, latency CC→ack median 4.7 ms / max 6.8 ms
